keyword_id,week_start,competitor_name,competitor_place_id,rank_absolute,review_count,average_rating,photo_count,is_claimed
KW-0001,2026-06-15,Park Dental Center,ChIJVGsMX25f2x5F,10,315,4.2,25,TRUE
KW-0001,2026-06-15,Cedar Ridge Dental Care,ChIJVU9xcaH2Zo7i,12,300,4.8,97,TRUE
KW-0001,2026-06-15,Lakeview Family Dentistry,ChIJA9nlsRJlf9Ne,15,133,3.8,142,FALSE
KW-0001,2026-06-22,Austin Smile Dental,ChIJ8qMR1zS31Olw,5,141,3.7,91,TRUE
KW-0001,2026-06-22,Advanced Cosmetic Dentistry,ChIJOM8iCULMWNID,10,114,4.0,55,TRUE
KW-0001,2026-06-22,Lakeview Family Dentistry,ChIJA9nlsRJlf9Ne,9,137,3.8,139,FALSE
KW-0001,2026-06-29,Park Dental Center,ChIJVGsMX25f2x5F,9,319,4.2,29,TRUE
KW-0001,2026-06-29,Austin Smile Dental,ChIJ8qMR1zS31Olw,11,143,3.7,94,TRUE
KW-0001,2026-06-29,Lakeview Family Dentistry,ChIJA9nlsRJlf9Ne,14,141,3.8,142,FALSE
KW-0001,2026-07-06,Austin Smile Dental,ChIJ8qMR1zS31Olw,7,148,3.7,90,TRUE
KW-0001,2026-07-06,Park Dental Center,ChIJVGsMX25f2x5F,11,327,4.2,28,TRUE
KW-0001,2026-07-06,Lakeview Family Dentistry,ChIJA9nlsRJlf9Ne,14,142,3.8,137,FALSE
KW-0001,2026-07-13,Cedar Ridge Dental Care,ChIJVU9xcaH2Zo7i,6,320,4.8,96,TRUE
KW-0001,2026-07-13,Advanced Cosmetic Dentistry,ChIJOM8iCULMWNID,8,123,4.0,53,TRUE
KW-0001,2026-07-13,Park Dental Center,ChIJVGsMX25f2x5F,13,331,4.2,30,TRUE
KW-0001,2026-07-20,Cedar Ridge Dental Care,ChIJVU9xcaH2Zo7i,9,310,4.8,98,TRUE
KW-0001,2026-07-20,Downtown Dental Associates,ChIJI5FjmcHnfw8M,10,190,4.2,77,TRUE
KW-0001,2026-07-20,Austin Smile Dental,ChIJ8qMR1zS31Olw,12,159,3.7,91,TRUE
KW-0001,2026-07-27,Cedar Ridge Dental Care,ChIJVU9xcaH2Zo7i,4,312,4.8,93,TRUE
KW-0001,2026-07-27,Lakeview Family Dentistry,ChIJA9nlsRJlf9Ne,11,145,3.8,138,FALSE
KW-0001,2026-07-27,Downtown Dental Associates,ChIJI5FjmcHnfw8M,10,187,4.2,75,TRUE
KW-0001,2026-08-03,Austin Smile Dental,ChIJ8qMR1zS31Olw,4,153,3.7,90,TRUE
KW-0001,2026-08-03,Lakeview Family Dentistry,ChIJA9nlsRJlf9Ne,8,154,3.8,138,FALSE
KW-0001,2026-08-03,Advanced Cosmetic Dentistry,ChIJOM8iCULMWNID,13,125,4.0,53,TRUE
KW-0001,2026-08-10,Park Dental Center,ChIJVGsMX25f2x5F,6,339,4.2,29,TRUE
KW-0001,2026-08-10,Austin Smile Dental,ChIJ8qMR1zS31Olw,8,155,3.7,94,TRUE
KW-0001,2026-08-10,Advanced Cosmetic Dentistry,ChIJOM8iCULMWNID,11,135,4.0,55,TRUE
KW-0001,2026-08-17,Advanced Cosmetic Dentistry,ChIJOM8iCULMWNID,9,147,4.0,58,TRUE
KW-0001,2026-08-17,Lakeview Family Dentistry,ChIJA9nlsRJlf9Ne,9,178,3.8,142,FALSE
KW-0001,2026-08-17,Park Dental Center,ChIJVGsMX25f2x5F,11,351,4.2,28,TRUE
KW-0001,2026-08-24,Cedar Ridge Dental Care,ChIJVU9xcaH2Zo7i,7,340,4.8,93,TRUE
KW-0001,2026-08-24,Advanced Cosmetic Dentistry,ChIJOM8iCULMWNID,10,141,4.0,56,TRUE
KW-0001,2026-08-24,Park Dental Center,ChIJVGsMX25f2x5F,15,335,4.2,25,TRUE
KW-0001,2026-08-31,Downtown Dental Associates,ChIJI5FjmcHnfw8M,9,219,4.2,77,TRUE
KW-0001,2026-08-31,Lakeview Family Dentistry,ChIJA9nlsRJlf9Ne,10,188,3.8,139,FALSE
KW-0001,2026-08-31,Park Dental Center,ChIJVGsMX25f2x5F,13,337,4.2,28,TRUE
KW-0001,2026-09-07,Austin Smile Dental,ChIJ8qMR1zS31Olw,11,163,3.7,93,TRUE
KW-0001,2026-09-07,Cedar Ridge Dental Care,ChIJVU9xcaH2Zo7i,12,324,4.8,94,TRUE
KW-0001,2026-09-07,Lakeview Family Dentistry,ChIJA9nlsRJlf9Ne,18,157,3.8,142,FALSE
KW-0002,2026-06-15,Lakeview Family Dentistry,ChIJA9nlsRJlf9Ne,4,133,3.8,137,FALSE
KW-0002,2026-06-15,Austin Smile Dental,ChIJ8qMR1zS31Olw,9,139,3.7,92,TRUE
KW-0002,2026-06-15,Cedar Ridge Dental Care,ChIJVU9xcaH2Zo7i,12,300,4.8,95,TRUE
KW-0002,2026-06-22,Park Dental Center,ChIJVGsMX25f2x5F,7,318,4.2,28,TRUE
KW-0002,2026-06-22,Advanced Cosmetic Dentistry,ChIJOM8iCULMWNID,8,115,4.0,56,TRUE
KW-0002,2026-06-22,Downtown Dental Associates,ChIJI5FjmcHnfw8M,12,178,4.2,72,TRUE
KW-0002,2026-06-29,Park Dental Center,ChIJVGsMX25f2x5F,2,321,4.2,28,TRUE
KW-0002,2026-06-29,Lakeview Family Dentistry,ChIJA9nlsRJlf9Ne,7,139,3.8,139,FALSE
KW-0002,2026-06-29,Advanced Cosmetic Dentistry,ChIJOM8iCULMWNID,9,115,4.0,58,TRUE
KW-0002,2026-07-06,Downtown Dental Associates,ChIJI5FjmcHnfw8M,9,190,4.2,76,TRUE
KW-0002,2026-07-06,Park Dental Center,ChIJVGsMX25f2x5F,11,321,4.2,25,TRUE
KW-0002,2026-07-06,Cedar Ridge Dental Care,ChIJVU9xcaH2Zo7i,12,315,4.8,96,TRUE
KW-0002,2026-07-13,Downtown Dental Associates,ChIJI5FjmcHnfw8M,5,187,4.2,76,TRUE
KW-0002,2026-07-13,Park Dental Center,ChIJVGsMX25f2x5F,9,327,4.2,28,TRUE
KW-0002,2026-07-13,Advanced Cosmetic Dentistry,ChIJOM8iCULMWNID,11,127,4.0,58,TRUE
KW-0002,2026-07-20,Downtown Dental Associates,ChIJI5FjmcHnfw8M,7,200,4.2,76,TRUE
KW-0002,2026-07-20,Lakeview Family Dentistry,ChIJA9nlsRJlf9Ne,8,158,3.8,139,FALSE
KW-0002,2026-07-20,Park Dental Center,ChIJVGsMX25f2x5F,14,335,4.2,27,TRUE
KW-0002,2026-07-27,Lakeview Family Dentistry,ChIJA9nlsRJlf9Ne,7,157,3.8,142,FALSE
KW-0002,2026-07-27,Park Dental Center,ChIJVGsMX25f2x5F,7,339,4.2,28,TRUE
KW-0002,2026-07-27,Advanced Cosmetic Dentistry,ChIJOM8iCULMWNID,12,135,4.0,55,TRUE
KW-0002,2026-08-03,Austin Smile Dental,ChIJ8qMR1zS31Olw,7,167,3.7,94,TRUE
KW-0002,2026-08-03,Lakeview Family Dentistry,ChIJA9nlsRJlf9Ne,8,161,3.8,137,FALSE
KW-0002,2026-08-03,Cedar Ridge Dental Care,ChIJVU9xcaH2Zo7i,12,314,4.8,97,TRUE
KW-0002,2026-08-10,Lakeview Family Dentistry,ChIJA9nlsRJlf9Ne,6,165,3.8,137,FALSE
KW-0002,2026-08-10,Downtown Dental Associates,ChIJI5FjmcHnfw8M,10,191,4.2,74,TRUE
KW-0002,2026-08-10,Advanced Cosmetic Dentistry,ChIJOM8iCULMWNID,13,143,4.0,57,TRUE
KW-0002,2026-08-17,Downtown Dental Associates,ChIJI5FjmcHnfw8M,5,211,4.2,73,TRUE
KW-0002,2026-08-17,Lakeview Family Dentistry,ChIJA9nlsRJlf9Ne,7,169,3.8,140,FALSE
KW-0002,2026-08-17,Cedar Ridge Dental Care,ChIJVU9xcaH2Zo7i,10,318,4.8,97,TRUE
KW-0002,2026-08-24,Austin Smile Dental,ChIJ8qMR1zS31Olw,6,169,3.7,94,TRUE
KW-0002,2026-08-24,Park Dental Center,ChIJVGsMX25f2x5F,6,335,4.2,29,TRUE
KW-0002,2026-08-24,Lakeview Family Dentistry,ChIJA9nlsRJlf9Ne,11,153,3.8,141,FALSE
KW-0002,2026-08-31,Downtown Dental Associates,ChIJI5FjmcHnfw8M,6,219,4.2,76,TRUE
KW-0002,2026-08-31,Park Dental Center,ChIJVGsMX25f2x5F,12,359,4.2,26,TRUE
KW-0002,2026-08-31,Cedar Ridge Dental Care,ChIJVU9xcaH2Zo7i,15,344,4.8,97,TRUE
KW-0002,2026-09-07,Downtown Dental Associates,ChIJI5FjmcHnfw8M,8,235,4.2,73,TRUE
KW-0002,2026-09-07,Advanced Cosmetic Dentistry,ChIJOM8iCULMWNID,12,159,4.0,58,TRUE
KW-0002,2026-09-07,Cedar Ridge Dental Care,ChIJVU9xcaH2Zo7i,16,324,4.8,97,TRUE
KW-0003,2026-06-15,Austin Smile Dental,ChIJ8qMR1zS31Olw,4,139,3.7,93,TRUE
KW-0003,2026-06-15,Downtown Dental Associates,ChIJI5FjmcHnfw8M,7,175,4.2,77,TRUE
KW-0003,2026-06-15,Cedar Ridge Dental Care,ChIJVU9xcaH2Zo7i,10,300,4.8,95,TRUE
KW-0003,2026-06-22,Cedar Ridge Dental Care,ChIJVU9xcaH2Zo7i,7,302,4.8,94,TRUE
KW-0003,2026-06-22,Austin Smile Dental,ChIJ8qMR1zS31Olw,9,142,3.7,92,TRUE
KW-0003,2026-06-22,Park Dental Center,ChIJVGsMX25f2x5F,15,320,4.2,28,TRUE
KW-0003,2026-06-29,Lakeview Family Dentistry,ChIJA9nlsRJlf9Ne,7,137,3.8,139,FALSE
KW-0003,2026-06-29,Cedar Ridge Dental Care,ChIJVU9xcaH2Zo7i,10,304,4.8,98,TRUE
KW-0003,2026-06-29,Advanced Cosmetic Dentistry,ChIJOM8iCULMWNID,12,115,4.0,53,TRUE
KW-0003,2026-07-06,Advanced Cosmetic Dentistry,ChIJOM8iCULMWNID,5,117,4.0,56,TRUE
KW-0003,2026-07-06,Austin Smile Dental,ChIJ8qMR1zS31Olw,7,148,3.7,90,TRUE
KW-0003,2026-07-06,Lakeview Family Dentistry,ChIJA9nlsRJlf9Ne,10,145,3.8,140,FALSE
KW-0003,2026-07-13,Cedar Ridge Dental Care,ChIJVU9xcaH2Zo7i,3,320,4.8,98,TRUE
KW-0003,2026-07-13,Advanced Cosmetic Dentistry,ChIJOM8iCULMWNID,5,131,4.0,54,TRUE
KW-0003,2026-07-13,Lakeview Family Dentistry,ChIJA9nlsRJlf9Ne,6,145,3.8,138,FALSE
KW-0003,2026-07-20,Downtown Dental Associates,ChIJI5FjmcHnfw8M,2,200,4.2,76,TRUE
KW-0003,2026-07-20,Park Dental Center,ChIJVGsMX25f2x5F,6,335,4.2,29,TRUE
KW-0003,2026-07-20,Austin Smile Dental,ChIJ8qMR1zS31Olw,12,154,3.7,92,TRUE
KW-0003,2026-07-27,Austin Smile Dental,ChIJ8qMR1zS31Olw,2,151,3.7,95,TRUE
KW-0003,2026-07-27,Downtown Dental Associates,ChIJI5FjmcHnfw8M,5,193,4.2,74,TRUE
KW-0003,2026-07-27,Park Dental Center,ChIJVGsMX25f2x5F,12,339,4.2,30,TRUE
KW-0003,2026-08-03,Austin Smile Dental,ChIJ8qMR1zS31Olw,9,153,3.7,93,TRUE
KW-0003,2026-08-03,Lakeview Family Dentistry,ChIJA9nlsRJlf9Ne,11,147,3.8,138,FALSE
KW-0003,2026-08-03,Cedar Ridge Dental Care,ChIJVU9xcaH2Zo7i,13,321,4.8,96,TRUE
KW-0003,2026-08-10,Austin Smile Dental,ChIJ8qMR1zS31Olw,6,179,3.7,93,TRUE
KW-0003,2026-08-10,Downtown Dental Associates,ChIJI5FjmcHnfw8M,12,207,4.2,77,TRUE
KW-0003,2026-08-10,Lakeview Family Dentistry,ChIJA9nlsRJlf9Ne,12,157,3.8,142,FALSE
KW-0003,2026-08-17,Advanced Cosmetic Dentistry,ChIJOM8iCULMWNID,5,156,4.0,58,TRUE
KW-0003,2026-08-17,Lakeview Family Dentistry,ChIJA9nlsRJlf9Ne,6,160,3.8,142,FALSE
KW-0003,2026-08-17,Austin Smile Dental,ChIJ8qMR1zS31Olw,10,157,3.7,93,TRUE
KW-0003,2026-08-24,Park Dental Center,ChIJVGsMX25f2x5F,1,335,4.2,26,TRUE
KW-0003,2026-08-24,Austin Smile Dental,ChIJ8qMR1zS31Olw,6,189,3.7,92,TRUE
KW-0003,2026-08-24,Advanced Cosmetic Dentistry,ChIJOM8iCULMWNID,11,141,4.0,55,TRUE
KW-0003,2026-08-31,Park Dental Center,ChIJVGsMX25f2x5F,3,337,4.2,28,TRUE
KW-0003,2026-08-31,Advanced Cosmetic Dentistry,ChIJOM8iCULMWNID,6,166,4.0,56,TRUE
KW-0003,2026-08-31,Austin Smile Dental,ChIJ8qMR1zS31Olw,10,161,3.7,90,TRUE
KW-0003,2026-09-07,Park Dental Center,ChIJVGsMX25f2x5F,9,351,4.2,27,TRUE
KW-0003,2026-09-07,Advanced Cosmetic Dentistry,ChIJOM8iCULMWNID,9,135,4.0,56,TRUE
KW-0003,2026-09-07,Cedar Ridge Dental Care,ChIJVU9xcaH2Zo7i,15,348,4.8,94,TRUE
KW-0004,2026-06-15,Austin Smile Dental,ChIJ8qMR1zS31Olw,4,139,3.7,95,TRUE
KW-0004,2026-06-15,Cedar Ridge Dental Care,ChIJVU9xcaH2Zo7i,3,300,4.8,98,TRUE
KW-0004,2026-06-15,Lakeview Family Dentistry,ChIJA9nlsRJlf9Ne,6,133,3.8,139,FALSE
KW-0004,2026-06-22,Downtown Dental Associates,ChIJI5FjmcHnfw8M,6,178,4.2,74,TRUE
KW-0004,2026-06-22,Park Dental Center,ChIJVGsMX25f2x5F,9,320,4.2,26,TRUE
KW-0004,2026-06-22,Cedar Ridge Dental Care,ChIJVU9xcaH2Zo7i,12,302,4.8,95,TRUE
KW-0004,2026-06-29,Cedar Ridge Dental Care,ChIJVU9xcaH2Zo7i,5,310,4.8,93,TRUE
KW-0004,2026-06-29,Advanced Cosmetic Dentistry,ChIJOM8iCULMWNID,8,117,4.0,55,TRUE
KW-0004,2026-06-29,Downtown Dental Associates,ChIJI5FjmcHnfw8M,12,181,4.2,77,TRUE
KW-0004,2026-07-06,Park Dental Center,ChIJVGsMX25f2x5F,4,321,4.2,25,TRUE
KW-0004,2026-07-06,Downtown Dental Associates,ChIJI5FjmcHnfw8M,7,190,4.2,74,TRUE
KW-0004,2026-07-06,Austin Smile Dental,ChIJ8qMR1zS31Olw,10,145,3.7,92,TRUE
KW-0004,2026-07-13,Advanced Cosmetic Dentistry,ChIJOM8iCULMWNID,6,123,4.0,57,TRUE
KW-0004,2026-07-13,Downtown Dental Associates,ChIJI5FjmcHnfw8M,8,191,4.2,73,TRUE
KW-0004,2026-07-13,Austin Smile Dental,ChIJ8qMR1zS31Olw,14,155,3.7,93,TRUE
KW-0004,2026-07-20,Lakeview Family Dentistry,ChIJA9nlsRJlf9Ne,4,143,3.8,139,FALSE
KW-0004,2026-07-20,Austin Smile Dental,ChIJ8qMR1zS31Olw,5,164,3.7,92,TRUE
KW-0004,2026-07-20,Downtown Dental Associates,ChIJI5FjmcHnfw8M,10,200,4.2,74,TRUE
KW-0004,2026-07-27,Advanced Cosmetic Dentistry,ChIJOM8iCULMWNID,3,135,4.0,58,TRUE
KW-0004,2026-07-27,Austin Smile Dental,ChIJ8qMR1zS31Olw,6,169,3.7,90,TRUE
KW-0004,2026-07-27,Park Dental Center,ChIJVGsMX25f2x5F,8,327,4.2,26,TRUE
KW-0004,2026-08-03,Lakeview Family Dentistry,ChIJA9nlsRJlf9Ne,5,168,3.8,137,FALSE
KW-0004,2026-08-03,Downtown Dental Associates,ChIJI5FjmcHnfw8M,4,210,4.2,74,TRUE
KW-0004,2026-08-03,Austin Smile Dental,ChIJ8qMR1zS31Olw,11,174,3.7,93,TRUE
KW-0004,2026-08-10,Park Dental Center,ChIJVGsMX25f2x5F,1,339,4.2,27,TRUE
KW-0004,2026-08-10,Cedar Ridge Dental Care,ChIJVU9xcaH2Zo7i,4,332,4.8,97,TRUE
KW-0004,2026-08-10,Lakeview Family Dentistry,ChIJA9nlsRJlf9Ne,8,149,3.8,141,FALSE
KW-0004,2026-08-17,Cedar Ridge Dental Care,ChIJVU9xcaH2Zo7i,8,318,4.8,95,TRUE
KW-0004,2026-08-17,Downtown Dental Associates,ChIJI5FjmcHnfw8M,9,193,4.2,75,TRUE
KW-0004,2026-08-17,Lakeview Family Dentistry,ChIJA9nlsRJlf9Ne,10,169,3.8,138,FALSE
KW-0004,2026-08-24,Lakeview Family Dentistry,ChIJA9nlsRJlf9Ne,2,153,3.8,139,FALSE
KW-0004,2026-08-24,Downtown Dental Associates,ChIJI5FjmcHnfw8M,6,215,4.2,77,TRUE
KW-0004,2026-08-24,Advanced Cosmetic Dentistry,ChIJOM8iCULMWNID,8,141,4.0,53,TRUE
KW-0004,2026-08-31,Austin Smile Dental,ChIJ8qMR1zS31Olw,4,194,3.7,90,TRUE
KW-0004,2026-08-31,Park Dental Center,ChIJVGsMX25f2x5F,10,348,4.2,26,TRUE
KW-0004,2026-08-31,Lakeview Family Dentistry,ChIJA9nlsRJlf9Ne,11,155,3.8,138,FALSE
KW-0004,2026-09-07,Downtown Dental Associates,ChIJI5FjmcHnfw8M,1,199,4.2,74,TRUE
KW-0004,2026-09-07,Park Dental Center,ChIJVGsMX25f2x5F,7,363,4.2,30,TRUE
KW-0004,2026-09-07,Austin Smile Dental,ChIJ8qMR1zS31Olw,9,187,3.7,95,TRUE
KW-0005,2026-06-15,Austin Smile Dental,ChIJ8qMR1zS31Olw,2,139,3.7,93,TRUE
KW-0005,2026-06-15,Advanced Cosmetic Dentistry,ChIJOM8iCULMWNID,5,111,4.0,56,TRUE
KW-0005,2026-06-15,Cedar Ridge Dental Care,ChIJVU9xcaH2Zo7i,6,300,4.8,98,TRUE
KW-0005,2026-06-22,Lakeview Family Dentistry,ChIJA9nlsRJlf9Ne,3,136,3.8,140,FALSE
KW-0005,2026-06-22,Park Dental Center,ChIJVGsMX25f2x5F,5,319,4.2,28,TRUE
KW-0005,2026-06-22,Austin Smile Dental,ChIJ8qMR1zS31Olw,8,144,3.7,92,TRUE
KW-0005,2026-06-29,Cedar Ridge Dental Care,ChIJVU9xcaH2Zo7i,2,308,4.8,97,TRUE
KW-0005,2026-06-29,Austin Smile Dental,ChIJ8qMR1zS31Olw,3,143,3.7,94,TRUE
KW-0005,2026-06-29,Park Dental Center,ChIJVGsMX25f2x5F,8,325,4.2,25,TRUE
KW-0005,2026-07-06,Park Dental Center,ChIJVGsMX25f2x5F,4,321,4.2,29,TRUE
KW-0005,2026-07-06,Advanced Cosmetic Dentistry,ChIJOM8iCULMWNID,5,126,4.0,54,TRUE
KW-0005,2026-07-06,Austin Smile Dental,ChIJ8qMR1zS31Olw,10,145,3.7,90,TRUE
KW-0005,2026-07-13,Park Dental Center,ChIJVGsMX25f2x5F,4,335,4.2,29,TRUE
KW-0005,2026-07-13,Austin Smile Dental,ChIJ8qMR1zS31Olw,7,151,3.7,91,TRUE
KW-0005,2026-07-13,Advanced Cosmetic Dentistry,ChIJOM8iCULMWNID,7,127,4.0,58,TRUE
KW-0005,2026-07-20,Downtown Dental Associates,ChIJI5FjmcHnfw8M,3,185,4.2,72,TRUE
KW-0005,2026-07-20,Advanced Cosmetic Dentistry,ChIJOM8iCULMWNID,5,136,4.0,58,TRUE
KW-0005,2026-07-20,Lakeview Family Dentistry,ChIJA9nlsRJlf9Ne,8,153,3.8,141,FALSE
KW-0005,2026-07-27,Austin Smile Dental,ChIJ8qMR1zS31Olw,5,157,3.7,90,TRUE
KW-0005,2026-07-27,Downtown Dental Associates,ChIJI5FjmcHnfw8M,6,187,4.2,77,TRUE
KW-0005,2026-07-27,Park Dental Center,ChIJVGsMX25f2x5F,8,333,4.2,28,TRUE
KW-0005,2026-08-03,Cedar Ridge Dental Care,ChIJVU9xcaH2Zo7i,4,314,4.8,95,TRUE
KW-0005,2026-08-03,Park Dental Center,ChIJVGsMX25f2x5F,8,350,4.2,28,TRUE
KW-0005,2026-08-03,Downtown Dental Associates,ChIJI5FjmcHnfw8M,9,196,4.2,73,TRUE
KW-0005,2026-08-10,Park Dental Center,ChIJVGsMX25f2x5F,4,355,4.2,29,TRUE
KW-0005,2026-08-10,Downtown Dental Associates,ChIJI5FjmcHnfw8M,8,207,4.2,76,TRUE
KW-0005,2026-08-10,Advanced Cosmetic Dentistry,ChIJOM8iCULMWNID,10,143,4.0,53,TRUE
KW-0005,2026-08-17,Park Dental Center,ChIJVGsMX25f2x5F,1,333,4.2,28,TRUE
KW-0005,2026-08-17,Downtown Dental Associates,ChIJI5FjmcHnfw8M,5,220,4.2,73,TRUE
KW-0005,2026-08-17,Advanced Cosmetic Dentistry,ChIJOM8iCULMWNID,6,129,4.0,56,TRUE
KW-0005,2026-08-24,Austin Smile Dental,ChIJ8qMR1zS31Olw,6,189,3.7,90,TRUE
KW-0005,2026-08-24,Advanced Cosmetic Dentistry,ChIJOM8iCULMWNID,8,161,4.0,58,TRUE
KW-0005,2026-08-24,Lakeview Family Dentistry,ChIJA9nlsRJlf9Ne,9,163,3.8,139,FALSE
KW-0005,2026-08-31,Cedar Ridge Dental Care,ChIJVU9xcaH2Zo7i,5,333,4.8,97,TRUE
KW-0005,2026-08-31,Downtown Dental Associates,ChIJI5FjmcHnfw8M,9,230,4.2,73,TRUE
KW-0005,2026-08-31,Austin Smile Dental,ChIJ8qMR1zS31Olw,13,194,3.7,95,TRUE
KW-0005,2026-09-07,Park Dental Center,ChIJVGsMX25f2x5F,6,363,4.2,30,TRUE
KW-0005,2026-09-07,Austin Smile Dental,ChIJ8qMR1zS31Olw,7,199,3.7,91,TRUE
KW-0005,2026-09-07,Downtown Dental Associates,ChIJI5FjmcHnfw8M,10,211,4.2,76,TRUE
KW-0006,2026-06-15,Lakeview Family Dentistry,ChIJA9nlsRJlf9Ne,7,133,3.8,141,FALSE
KW-0006,2026-06-15,Downtown Dental Associates,ChIJI5FjmcHnfw8M,9,175,4.2,74,TRUE
KW-0006,2026-06-15,Advanced Cosmetic Dentistry,ChIJOM8iCULMWNID,13,111,4.0,57,TRUE
KW-0006,2026-06-22,Lakeview Family Dentistry,ChIJA9nlsRJlf9Ne,5,135,3.8,141,FALSE
KW-0006,2026-06-22,Austin Smile Dental,ChIJ8qMR1zS31Olw,9,143,3.7,92,TRUE
KW-0006,2026-06-22,Downtown Dental Associates,ChIJI5FjmcHnfw8M,9,179,4.2,73,TRUE
KW-0006,2026-06-29,Advanced Cosmetic Dentistry,ChIJOM8iCULMWNID,7,121,4.0,56,TRUE
KW-0006,2026-06-29,Park Dental Center,ChIJVGsMX25f2x5F,11,319,4.2,29,TRUE
KW-0006,2026-06-29,Lakeview Family Dentistry,ChIJA9nlsRJlf9Ne,13,139,3.8,142,FALSE
KW-0006,2026-07-06,Cedar Ridge Dental Care,ChIJVU9xcaH2Zo7i,4,315,4.8,97,TRUE
KW-0006,2026-07-06,Austin Smile Dental,ChIJ8qMR1zS31Olw,6,148,3.7,95,TRUE
KW-0006,2026-07-06,Park Dental Center,ChIJVGsMX25f2x5F,11,324,4.2,25,TRUE
KW-0006,2026-07-13,Downtown Dental Associates,ChIJI5FjmcHnfw8M,8,191,4.2,74,TRUE
KW-0006,2026-07-13,Park Dental Center,ChIJVGsMX25f2x5F,8,323,4.2,27,TRUE
KW-0006,2026-07-13,Lakeview Family Dentistry,ChIJA9nlsRJlf9Ne,13,149,3.8,142,FALSE
KW-0006,2026-07-20,Cedar Ridge Dental Care,ChIJVU9xcaH2Zo7i,10,325,4.8,96,TRUE
KW-0006,2026-07-20,Park Dental Center,ChIJVGsMX25f2x5F,14,335,4.2,25,TRUE
KW-0006,2026-07-20,Downtown Dental Associates,ChIJI5FjmcHnfw8M,15,185,4.2,77,TRUE
KW-0006,2026-07-27,Lakeview Family Dentistry,ChIJA9nlsRJlf9Ne,10,151,3.8,140,FALSE
KW-0006,2026-07-27,Park Dental Center,ChIJVGsMX25f2x5F,13,327,4.2,30,TRUE
KW-0006,2026-07-27,Austin Smile Dental,ChIJ8qMR1zS31Olw,15,151,3.7,95,TRUE
KW-0006,2026-08-03,Park Dental Center,ChIJVGsMX25f2x5F,11,343,4.2,30,TRUE
KW-0006,2026-08-03,Advanced Cosmetic Dentistry,ChIJOM8iCULMWNID,13,139,4.0,53,TRUE
KW-0006,2026-08-03,Austin Smile Dental,ChIJ8qMR1zS31Olw,15,174,3.7,93,TRUE
KW-0006,2026-08-10,Cedar Ridge Dental Care,ChIJVU9xcaH2Zo7i,9,340,4.8,94,TRUE
KW-0006,2026-08-10,Advanced Cosmetic Dentistry,ChIJOM8iCULMWNID,11,127,4.0,57,TRUE
KW-0006,2026-08-10,Downtown Dental Associates,ChIJI5FjmcHnfw8M,17,199,4.2,76,TRUE
KW-0006,2026-08-17,Austin Smile Dental,ChIJ8qMR1zS31Olw,8,175,3.7,95,TRUE
KW-0006,2026-08-17,Cedar Ridge Dental Care,ChIJVU9xcaH2Zo7i,10,318,4.8,97,TRUE
KW-0006,2026-08-17,Lakeview Family Dentistry,ChIJA9nlsRJlf9Ne,16,160,3.8,139,FALSE
KW-0006,2026-08-24,Downtown Dental Associates,ChIJI5FjmcHnfw8M,7,215,4.2,74,TRUE
KW-0006,2026-08-24,Advanced Cosmetic Dentistry,ChIJOM8iCULMWNID,13,131,4.0,53,TRUE
KW-0006,2026-08-24,Lakeview Family Dentistry,ChIJA9nlsRJlf9Ne,15,183,3.8,139,FALSE
KW-0006,2026-08-31,Park Dental Center,ChIJVGsMX25f2x5F,8,348,4.2,27,TRUE
KW-0006,2026-08-31,Lakeview Family Dentistry,ChIJA9nlsRJlf9Ne,12,166,3.8,142,FALSE
KW-0006,2026-08-31,Downtown Dental Associates,ChIJI5FjmcHnfw8M,14,197,4.2,74,TRUE
KW-0006,2026-09-07,Advanced Cosmetic Dentistry,ChIJOM8iCULMWNID,7,147,4.0,58,TRUE
KW-0006,2026-09-07,Cedar Ridge Dental Care,ChIJVU9xcaH2Zo7i,13,324,4.8,93,TRUE
KW-0006,2026-09-07,Austin Smile Dental,ChIJ8qMR1zS31Olw,15,175,3.7,93,TRUE
KW-0007,2026-06-15,Downtown Dental Associates,ChIJI5FjmcHnfw8M,5,175,4.2,74,TRUE
KW-0007,2026-06-15,Lakeview Family Dentistry,ChIJA9nlsRJlf9Ne,9,133,3.8,140,FALSE
KW-0007,2026-06-15,Austin Smile Dental,ChIJ8qMR1zS31Olw,13,139,3.7,91,TRUE
KW-0007,2026-06-22,Advanced Cosmetic Dentistry,ChIJOM8iCULMWNID,5,114,4.0,58,TRUE
KW-0007,2026-06-22,Cedar Ridge Dental Care,ChIJVU9xcaH2Zo7i,6,303,4.8,96,TRUE
KW-0007,2026-06-22,Downtown Dental Associates,ChIJI5FjmcHnfw8M,9,178,4.2,76,TRUE
KW-0007,2026-06-29,Lakeview Family Dentistry,ChIJA9nlsRJlf9Ne,5,141,3.8,141,FALSE
KW-0007,2026-06-29,Advanced Cosmetic Dentistry,ChIJOM8iCULMWNID,7,117,4.0,53,TRUE
KW-0007,2026-06-29,Downtown Dental Associates,ChIJI5FjmcHnfw8M,12,183,4.2,74,TRUE
KW-0007,2026-07-06,Downtown Dental Associates,ChIJI5FjmcHnfw8M,8,181,4.2,74,TRUE
KW-0007,2026-07-06,Lakeview Family Dentistry,ChIJA9nlsRJlf9Ne,8,142,3.8,142,FALSE
KW-0007,2026-07-06,Cedar Ridge Dental Care,ChIJVU9xcaH2Zo7i,10,306,4.8,97,TRUE
KW-0007,2026-07-13,Lakeview Family Dentistry,ChIJA9nlsRJlf9Ne,6,153,3.8,139,FALSE
KW-0007,2026-07-13,Park Dental Center,ChIJVGsMX25f2x5F,10,327,4.2,26,TRUE
KW-0007,2026-07-13,Downtown Dental Associates,ChIJI5FjmcHnfw8M,14,195,4.2,77,TRUE
KW-0007,2026-07-20,Cedar Ridge Dental Care,ChIJVU9xcaH2Zo7i,7,325,4.8,94,TRUE
KW-0007,2026-07-20,Austin Smile Dental,ChIJ8qMR1zS31Olw,10,149,3.7,95,TRUE
KW-0007,2026-07-20,Lakeview Family Dentistry,ChIJA9nlsRJlf9Ne,13,143,3.8,138,FALSE
KW-0007,2026-07-27,Lakeview Family Dentistry,ChIJA9nlsRJlf9Ne,6,145,3.8,138,FALSE
KW-0007,2026-07-27,Advanced Cosmetic Dentistry,ChIJOM8iCULMWNID,10,129,4.0,56,TRUE
KW-0007,2026-07-27,Austin Smile Dental,ChIJ8qMR1zS31Olw,14,151,3.7,95,TRUE
KW-0007,2026-08-03,Cedar Ridge Dental Care,ChIJVU9xcaH2Zo7i,8,335,4.8,93,TRUE
KW-0007,2026-08-03,Lakeview Family Dentistry,ChIJA9nlsRJlf9Ne,11,168,3.8,141,FALSE
KW-0007,2026-08-03,Austin Smile Dental,ChIJ8qMR1zS31Olw,14,153,3.7,92,TRUE
KW-0007,2026-08-10,Cedar Ridge Dental Care,ChIJVU9xcaH2Zo7i,6,340,4.8,95,TRUE
KW-0007,2026-08-10,Downtown Dental Associates,ChIJI5FjmcHnfw8M,8,191,4.2,76,TRUE
KW-0007,2026-08-10,Lakeview Family Dentistry,ChIJA9nlsRJlf9Ne,12,157,3.8,138,FALSE
KW-0007,2026-08-17,Lakeview Family Dentistry,ChIJA9nlsRJlf9Ne,5,151,3.8,141,FALSE
KW-0007,2026-08-17,Cedar Ridge Dental Care,ChIJVU9xcaH2Zo7i,8,318,4.8,98,TRUE
KW-0007,2026-08-17,Austin Smile Dental,ChIJ8qMR1zS31Olw,11,184,3.7,90,TRUE
KW-0007,2026-08-24,Cedar Ridge Dental Care,ChIJVU9xcaH2Zo7i,7,320,4.8,93,TRUE
KW-0007,2026-08-24,Downtown Dental Associates,ChIJI5FjmcHnfw8M,8,205,4.2,75,TRUE
KW-0007,2026-08-24,Austin Smile Dental,ChIJ8qMR1zS31Olw,14,159,3.7,92,TRUE
KW-0007,2026-08-31,Austin Smile Dental,ChIJ8qMR1zS31Olw,6,161,3.7,93,TRUE
KW-0007,2026-08-31,Downtown Dental Associates,ChIJI5FjmcHnfw8M,6,197,4.2,74,TRUE
KW-0007,2026-08-31,Advanced Cosmetic Dentistry,ChIJOM8iCULMWNID,9,144,4.0,57,TRUE
KW-0007,2026-09-07,Cedar Ridge Dental Care,ChIJVU9xcaH2Zo7i,7,336,4.8,94,TRUE
KW-0007,2026-09-07,Austin Smile Dental,ChIJ8qMR1zS31Olw,11,175,3.7,94,TRUE
KW-0007,2026-09-07,Downtown Dental Associates,ChIJI5FjmcHnfw8M,16,199,4.2,72,TRUE
KW-0008,2026-06-15,Advanced Cosmetic Dentistry,ChIJOM8iCULMWNID,7,111,4.0,55,TRUE
KW-0008,2026-06-15,Austin Smile Dental,ChIJ8qMR1zS31Olw,11,139,3.7,92,TRUE
KW-0008,2026-06-15,Cedar Ridge Dental Care,ChIJVU9xcaH2Zo7i,14,300,4.8,93,TRUE
KW-0008,2026-06-22,Park Dental Center,ChIJVGsMX25f2x5F,4,320,4.2,30,TRUE
KW-0008,2026-06-22,Advanced Cosmetic Dentistry,ChIJOM8iCULMWNID,8,115,4.0,56,TRUE
KW-0008,2026-06-22,Lakeview Family Dentistry,ChIJA9nlsRJlf9Ne,11,137,3.8,142,FALSE
KW-0008,2026-06-29,Park Dental Center,ChIJVGsMX25f2x5F,8,323,4.2,26,TRUE
KW-0008,2026-06-29,Downtown Dental Associates,ChIJI5FjmcHnfw8M,10,179,4.2,77,TRUE
KW-0008,2026-06-29,Austin Smile Dental,ChIJ8qMR1zS31Olw,10,149,3.7,90,TRUE
KW-0008,2026-07-06,Park Dental Center,ChIJVGsMX25f2x5F,5,330,4.2,29,TRUE
KW-0008,2026-07-06,Cedar Ridge Dental Care,ChIJVU9xcaH2Zo7i,6,306,4.8,98,TRUE
KW-0008,2026-07-06,Downtown Dental Associates,ChIJI5FjmcHnfw8M,9,187,4.2,75,TRUE
KW-0008,2026-07-13,Austin Smile Dental,ChIJ8qMR1zS31Olw,6,147,3.7,93,TRUE
KW-0008,2026-07-13,Downtown Dental Associates,ChIJI5FjmcHnfw8M,11,195,4.2,72,TRUE
KW-0008,2026-07-13,Cedar Ridge Dental Care,ChIJVU9xcaH2Zo7i,12,316,4.8,98,TRUE
KW-0008,2026-07-20,Austin Smile Dental,ChIJ8qMR1zS31Olw,9,154,3.7,91,TRUE
KW-0008,2026-07-20,Cedar Ridge Dental Care,ChIJVU9xcaH2Zo7i,13,310,4.8,95,TRUE
KW-0008,2026-07-20,Lakeview Family Dentistry,ChIJA9nlsRJlf9Ne,15,143,3.8,138,FALSE
KW-0008,2026-07-27,Downtown Dental Associates,ChIJI5FjmcHnfw8M,10,193,4.2,76,TRUE
KW-0008,2026-07-27,Lakeview Family Dentistry,ChIJA9nlsRJlf9Ne,12,145,3.8,141,FALSE
KW-0008,2026-07-27,Austin Smile Dental,ChIJ8qMR1zS31Olw,13,157,3.7,92,TRUE
KW-0008,2026-08-03,Cedar Ridge Dental Care,ChIJVU9xcaH2Zo7i,8,328,4.8,98,TRUE
KW-0008,2026-08-03,Advanced Cosmetic Dentistry,ChIJOM8iCULMWNID,13,125,4.0,56,TRUE
KW-0008,2026-08-03,Austin Smile Dental,ChIJ8qMR1zS31Olw,14,167,3.7,93,TRUE
KW-0008,2026-08-10,Austin Smile Dental,ChIJ8qMR1zS31Olw,8,155,3.7,95,TRUE
KW-0008,2026-08-10,Lakeview Family Dentistry,ChIJA9nlsRJlf9Ne,9,165,3.8,140,FALSE
KW-0008,2026-08-10,Downtown Dental Associates,ChIJI5FjmcHnfw8M,16,207,4.2,72,TRUE
KW-0008,2026-08-17,Cedar Ridge Dental Care,ChIJVU9xcaH2Zo7i,5,327,4.8,98,TRUE
KW-0008,2026-08-17,Austin Smile Dental,ChIJ8qMR1zS31Olw,9,166,3.7,91,TRUE
KW-0008,2026-08-17,Lakeview Family Dentistry,ChIJA9nlsRJlf9Ne,13,169,3.8,137,FALSE
KW-0008,2026-08-24,Park Dental Center,ChIJVGsMX25f2x5F,11,335,4.2,29,TRUE
KW-0008,2026-08-24,Lakeview Family Dentistry,ChIJA9nlsRJlf9Ne,13,173,3.8,138,FALSE
KW-0008,2026-08-24,Advanced Cosmetic Dentistry,ChIJOM8iCULMWNID,16,141,4.0,55,TRUE
KW-0008,2026-08-31,Austin Smile Dental,ChIJ8qMR1zS31Olw,7,161,3.7,95,TRUE
KW-0008,2026-08-31,Advanced Cosmetic Dentistry,ChIJOM8iCULMWNID,6,133,4.0,53,TRUE
KW-0008,2026-08-31,Cedar Ridge Dental Care,ChIJVU9xcaH2Zo7i,11,344,4.8,98,TRUE
KW-0008,2026-09-07,Cedar Ridge Dental Care,ChIJVU9xcaH2Zo7i,6,360,4.8,93,TRUE
KW-0008,2026-09-07,Lakeview Family Dentistry,ChIJA9nlsRJlf9Ne,6,157,3.8,139,FALSE
KW-0008,2026-09-07,Downtown Dental Associates,ChIJI5FjmcHnfw8M,12,199,4.2,76,TRUE
KW-0009,2026-06-15,Cedar Ridge Dental Care,ChIJVU9xcaH2Zo7i,11,300,4.8,96,TRUE
KW-0009,2026-06-15,Advanced Cosmetic Dentistry,ChIJOM8iCULMWNID,11,111,4.0,58,TRUE
KW-0009,2026-06-15,Lakeview Family Dentistry,ChIJA9nlsRJlf9Ne,15,133,3.8,141,FALSE
KW-0009,2026-06-22,Advanced Cosmetic Dentistry,ChIJOM8iCULMWNID,8,113,4.0,57,TRUE
KW-0009,2026-06-22,Cedar Ridge Dental Care,ChIJVU9xcaH2Zo7i,11,304,4.8,95,TRUE
KW-0009,2026-06-22,Lakeview Family Dentistry,ChIJA9nlsRJlf9Ne,16,138,3.8,138,FALSE
KW-0009,2026-06-29,Cedar Ridge Dental Care,ChIJVU9xcaH2Zo7i,9,310,4.8,97,TRUE
KW-0009,2026-06-29,Lakeview Family Dentistry,ChIJA9nlsRJlf9Ne,11,141,3.8,141,FALSE
KW-0009,2026-06-29,Advanced Cosmetic Dentistry,ChIJOM8iCULMWNID,14,117,4.0,56,TRUE
KW-0009,2026-07-06,Advanced Cosmetic Dentistry,ChIJOM8iCULMWNID,7,120,4.0,53,TRUE
KW-0009,2026-07-06,Austin Smile Dental,ChIJ8qMR1zS31Olw,10,154,3.7,92,TRUE
KW-0009,2026-07-06,Park Dental Center,ChIJVGsMX25f2x5F,13,324,4.2,25,TRUE
KW-0009,2026-07-13,Cedar Ridge Dental Care,ChIJVU9xcaH2Zo7i,8,316,4.8,97,TRUE
KW-0009,2026-07-13,Downtown Dental Associates,ChIJI5FjmcHnfw8M,13,191,4.2,73,TRUE
KW-0009,2026-07-13,Advanced Cosmetic Dentistry,ChIJOM8iCULMWNID,15,119,4.0,56,TRUE
KW-0009,2026-07-20,Lakeview Family Dentistry,ChIJA9nlsRJlf9Ne,7,148,3.8,140,FALSE
KW-0009,2026-07-20,Cedar Ridge Dental Care,ChIJVU9xcaH2Zo7i,11,325,4.8,94,TRUE
KW-0009,2026-07-20,Advanced Cosmetic Dentistry,ChIJOM8iCULMWNID,13,121,4.0,55,TRUE
KW-0009,2026-07-27,Lakeview Family Dentistry,ChIJA9nlsRJlf9Ne,4,151,3.8,139,FALSE
KW-0009,2026-07-27,Austin Smile Dental,ChIJ8qMR1zS31Olw,9,163,3.7,90,TRUE
KW-0009,2026-07-27,Park Dental Center,ChIJVGsMX25f2x5F,11,333,4.2,27,TRUE
KW-0009,2026-08-03,Cedar Ridge Dental Care,ChIJVU9xcaH2Zo7i,7,321,4.8,94,TRUE
KW-0009,2026-08-03,Austin Smile Dental,ChIJ8qMR1zS31Olw,10,167,3.7,90,TRUE
KW-0009,2026-08-03,Park Dental Center,ChIJVGsMX25f2x5F,12,350,4.2,30,TRUE
KW-0009,2026-08-10,Austin Smile Dental,ChIJ8qMR1zS31Olw,6,171,3.7,92,TRUE
KW-0009,2026-08-10,Cedar Ridge Dental Care,ChIJVU9xcaH2Zo7i,9,340,4.8,98,TRUE
KW-0009,2026-08-10,Park Dental Center,ChIJVGsMX25f2x5F,10,339,4.2,26,TRUE
KW-0009,2026-08-17,Cedar Ridge Dental Care,ChIJVU9xcaH2Zo7i,7,336,4.8,97,TRUE
KW-0009,2026-08-17,Advanced Cosmetic Dentistry,ChIJOM8iCULMWNID,10,129,4.0,57,TRUE
KW-0009,2026-08-17,Downtown Dental Associates,ChIJI5FjmcHnfw8M,14,211,4.2,73,TRUE
KW-0009,2026-08-24,Cedar Ridge Dental Care,ChIJVU9xcaH2Zo7i,11,330,4.8,98,TRUE
KW-0009,2026-08-24,Lakeview Family Dentistry,ChIJA9nlsRJlf9Ne,13,153,3.8,138,FALSE
KW-0009,2026-08-24,Austin Smile Dental,ChIJ8qMR1zS31Olw,17,179,3.7,93,TRUE
KW-0009,2026-08-31,Downtown Dental Associates,ChIJI5FjmcHnfw8M,10,230,4.2,77,TRUE
KW-0009,2026-08-31,Cedar Ridge Dental Care,ChIJVU9xcaH2Zo7i,15,344,4.8,97,TRUE
KW-0009,2026-08-31,Austin Smile Dental,ChIJ8qMR1zS31Olw,15,172,3.7,91,TRUE
KW-0009,2026-09-07,Downtown Dental Associates,ChIJI5FjmcHnfw8M,9,235,4.2,75,TRUE
KW-0009,2026-09-07,Cedar Ridge Dental Care,ChIJVU9xcaH2Zo7i,10,348,4.8,95,TRUE
KW-0009,2026-09-07,Park Dental Center,ChIJVGsMX25f2x5F,13,351,4.2,25,TRUE
KW-0010,2026-06-15,Downtown Dental Associates,ChIJI5FjmcHnfw8M,9,175,4.2,76,TRUE
KW-0010,2026-06-15,Advanced Cosmetic Dentistry,ChIJOM8iCULMWNID,13,111,4.0,56,TRUE
KW-0010,2026-06-15,Austin Smile Dental,ChIJ8qMR1zS31Olw,17,139,3.7,92,TRUE
KW-0010,2026-06-22,Austin Smile Dental,ChIJ8qMR1zS31Olw,11,144,3.7,91,TRUE
KW-0010,2026-06-22,Park Dental Center,ChIJVGsMX25f2x5F,12,319,4.2,25,TRUE
KW-0010,2026-06-22,Downtown Dental Associates,ChIJI5FjmcHnfw8M,15,179,4.2,73,TRUE
KW-0010,2026-06-29,Lakeview Family Dentistry,ChIJA9nlsRJlf9Ne,8,141,3.8,138,FALSE
KW-0010,2026-06-29,Park Dental Center,ChIJVGsMX25f2x5F,11,323,4.2,27,TRUE
KW-0010,2026-06-29,Austin Smile Dental,ChIJ8qMR1zS31Olw,15,145,3.7,95,TRUE
KW-0010,2026-07-06,Cedar Ridge Dental Care,ChIJVU9xcaH2Zo7i,13,312,4.8,95,TRUE
KW-0010,2026-07-06,Advanced Cosmetic Dentistry,ChIJOM8iCULMWNID,16,117,4.0,56,TRUE
KW-0010,2026-07-06,Austin Smile Dental,ChIJ8qMR1zS31Olw,18,154,3.7,91,TRUE
KW-0010,2026-07-13,Park Dental Center,ChIJVGsMX25f2x5F,11,335,4.2,27,TRUE
KW-0010,2026-07-13,Cedar Ridge Dental Care,ChIJVU9xcaH2Zo7i,12,312,4.8,96,TRUE
KW-0010,2026-07-13,Downtown Dental Associates,ChIJI5FjmcHnfw8M,17,187,4.2,75,TRUE
KW-0010,2026-07-20,Advanced Cosmetic Dentistry,ChIJOM8iCULMWNID,11,131,4.0,58,TRUE
KW-0010,2026-07-20,Lakeview Family Dentistry,ChIJA9nlsRJlf9Ne,15,153,3.8,139,FALSE
KW-0010,2026-07-20,Austin Smile Dental,ChIJ8qMR1zS31Olw,17,164,3.7,95,TRUE
KW-0010,2026-07-27,Park Dental Center,ChIJVGsMX25f2x5F,9,327,4.2,26,TRUE
KW-0010,2026-07-27,Advanced Cosmetic Dentistry,ChIJOM8iCULMWNID,14,141,4.0,56,TRUE
KW-0010,2026-07-27,Austin Smile Dental,ChIJ8qMR1zS31Olw,17,151,3.7,94,TRUE
KW-0010,2026-08-03,Cedar Ridge Dental Care,ChIJVU9xcaH2Zo7i,12,328,4.8,93,TRUE
KW-0010,2026-08-03,Downtown Dental Associates,ChIJI5FjmcHnfw8M,12,196,4.2,72,TRUE
KW-0010,2026-08-03,Lakeview Family Dentistry,ChIJA9nlsRJlf9Ne,19,147,3.8,138,FALSE
KW-0010,2026-08-10,Lakeview Family Dentistry,ChIJA9nlsRJlf9Ne,9,165,3.8,142,FALSE
KW-0010,2026-08-10,Downtown Dental Associates,ChIJI5FjmcHnfw8M,10,215,4.2,72,TRUE
KW-0010,2026-08-10,Austin Smile Dental,ChIJ8qMR1zS31Olw,13,163,3.7,92,TRUE
KW-0010,2026-08-17,Downtown Dental Associates,ChIJI5FjmcHnfw8M,13,220,4.2,77,TRUE
KW-0010,2026-08-17,Cedar Ridge Dental Care,ChIJVU9xcaH2Zo7i,15,327,4.8,94,TRUE
KW-0010,2026-08-17,Lakeview Family Dentistry,ChIJA9nlsRJlf9Ne,16,178,3.8,142,FALSE
KW-0010,2026-08-24,Downtown Dental Associates,ChIJI5FjmcHnfw8M,11,225,4.2,74,TRUE
KW-0010,2026-08-24,Cedar Ridge Dental Care,ChIJVU9xcaH2Zo7i,14,330,4.8,96,TRUE
KW-0010,2026-08-24,Austin Smile Dental,ChIJ8qMR1zS31Olw,19,169,3.7,94,TRUE
KW-0010,2026-08-31,Advanced Cosmetic Dentistry,ChIJOM8iCULMWNID,8,133,4.0,55,TRUE
KW-0010,2026-08-31,Downtown Dental Associates,ChIJI5FjmcHnfw8M,14,219,4.2,77,TRUE
KW-0010,2026-08-31,Park Dental Center,ChIJVGsMX25f2x5F,17,370,4.2,29,TRUE
KW-0010,2026-09-07,Downtown Dental Associates,ChIJI5FjmcHnfw8M,9,235,4.2,75,TRUE
KW-0010,2026-09-07,Cedar Ridge Dental Care,ChIJVU9xcaH2Zo7i,11,324,4.8,96,TRUE
KW-0010,2026-09-07,Advanced Cosmetic Dentistry,ChIJOM8iCULMWNID,14,147,4.0,54,TRUE
KW-0011,2026-06-15,Park Dental Center,ChIJVGsMX25f2x5F,10,315,4.2,28,TRUE
KW-0011,2026-06-15,Advanced Cosmetic Dentistry,ChIJOM8iCULMWNID,14,111,4.0,53,TRUE
KW-0011,2026-06-15,Austin Smile Dental,ChIJ8qMR1zS31Olw,18,139,3.7,93,TRUE
KW-0011,2026-06-22,Austin Smile Dental,ChIJ8qMR1zS31Olw,10,141,3.7,95,TRUE
KW-0011,2026-06-22,Cedar Ridge Dental Care,ChIJVU9xcaH2Zo7i,16,305,4.8,95,TRUE
KW-0011,2026-06-22,Lakeview Family Dentistry,ChIJA9nlsRJlf9Ne,20,136,3.8,140,FALSE
KW-0011,2026-06-29,Lakeview Family Dentistry,ChIJA9nlsRJlf9Ne,9,141,3.8,142,FALSE
KW-0011,2026-06-29,Austin Smile Dental,ChIJ8qMR1zS31Olw,15,149,3.7,93,TRUE
KW-0011,2026-06-29,Park Dental Center,ChIJVGsMX25f2x5F,14,321,4.2,30,TRUE
KW-0011,2026-07-06,Cedar Ridge Dental Care,ChIJVU9xcaH2Zo7i,14,306,4.8,97,TRUE
KW-0011,2026-07-06,Downtown Dental Associates,ChIJI5FjmcHnfw8M,16,187,4.2,72,TRUE
KW-0011,2026-07-06,Austin Smile Dental,ChIJ8qMR1zS31Olw,22,148,3.7,90,TRUE
KW-0011,2026-07-13,Lakeview Family Dentistry,ChIJA9nlsRJlf9Ne,16,145,3.8,138,FALSE
KW-0011,2026-07-13,Austin Smile Dental,ChIJ8qMR1zS31Olw,17,151,3.7,93,TRUE
KW-0011,2026-07-13,Cedar Ridge Dental Care,ChIJVU9xcaH2Zo7i,21,308,4.8,96,TRUE
KW-0011,2026-07-20,Austin Smile Dental,ChIJ8qMR1zS31Olw,13,149,3.7,93,TRUE
KW-0011,2026-07-20,Downtown Dental Associates,ChIJI5FjmcHnfw8M,18,195,4.2,73,TRUE
KW-0011,2026-07-20,Lakeview Family Dentistry,ChIJA9nlsRJlf9Ne,19,143,3.8,140,FALSE
KW-0011,2026-07-27,Lakeview Family Dentistry,ChIJA9nlsRJlf9Ne,8,151,3.8,137,FALSE
KW-0011,2026-07-27,Austin Smile Dental,ChIJ8qMR1zS31Olw,13,157,3.7,90,TRUE
KW-0011,2026-07-27,Cedar Ridge Dental Care,ChIJVU9xcaH2Zo7i,15,324,4.8,95,TRUE
KW-0011,2026-08-03,Park Dental Center,ChIJVGsMX25f2x5F,15,350,4.2,25,TRUE
KW-0011,2026-08-03,Cedar Ridge Dental Care,ChIJVU9xcaH2Zo7i,17,314,4.8,95,TRUE
KW-0011,2026-08-03,Advanced Cosmetic Dentistry,ChIJOM8iCULMWNID,20,125,4.0,56,TRUE
KW-0011,2026-08-10,Austin Smile Dental,ChIJ8qMR1zS31Olw,18,163,3.7,90,TRUE
KW-0011,2026-08-10,Lakeview Family Dentistry,ChIJA9nlsRJlf9Ne,19,165,3.8,137,FALSE
KW-0011,2026-08-10,Downtown Dental Associates,ChIJI5FjmcHnfw8M,20,215,4.2,74,TRUE
KW-0011,2026-08-17,Downtown Dental Associates,ChIJI5FjmcHnfw8M,13,211,4.2,77,TRUE
KW-0011,2026-08-17,Lakeview Family Dentistry,ChIJA9nlsRJlf9Ne,19,160,3.8,139,FALSE
KW-0011,2026-08-17,Cedar Ridge Dental Care,ChIJVU9xcaH2Zo7i,20,345,4.8,93,TRUE
KW-0011,2026-08-24,Lakeview Family Dentistry,ChIJA9nlsRJlf9Ne,12,153,3.8,138,FALSE
KW-0011,2026-08-24,Advanced Cosmetic Dentistry,ChIJOM8iCULMWNID,14,151,4.0,54,TRUE
KW-0011,2026-08-24,Downtown Dental Associates,ChIJI5FjmcHnfw8M,21,205,4.2,76,TRUE
KW-0011,2026-08-31,Lakeview Family Dentistry,ChIJA9nlsRJlf9Ne,11,166,3.8,138,FALSE
KW-0011,2026-08-31,Cedar Ridge Dental Care,ChIJVU9xcaH2Zo7i,13,322,4.8,94,TRUE
KW-0011,2026-08-31,Austin Smile Dental,ChIJ8qMR1zS31Olw,19,183,3.7,91,TRUE
KW-0011,2026-09-07,Austin Smile Dental,ChIJ8qMR1zS31Olw,12,163,3.7,91,TRUE
KW-0011,2026-09-07,Lakeview Family Dentistry,ChIJA9nlsRJlf9Ne,16,181,3.8,138,FALSE
KW-0011,2026-09-07,Downtown Dental Associates,ChIJI5FjmcHnfw8M,16,211,4.2,77,TRUE
KW-0012,2026-06-15,Park Dental Center,ChIJVGsMX25f2x5F,12,315,4.2,28,TRUE
KW-0012,2026-06-15,Cedar Ridge Dental Care,ChIJVU9xcaH2Zo7i,14,300,4.8,96,TRUE
KW-0012,2026-06-15,Downtown Dental Associates,ChIJI5FjmcHnfw8M,17,175,4.2,77,TRUE
KW-0012,2026-06-22,Cedar Ridge Dental Care,ChIJVU9xcaH2Zo7i,9,303,4.8,97,TRUE
KW-0012,2026-06-22,Park Dental Center,ChIJVGsMX25f2x5F,13,320,4.2,27,TRUE
KW-0012,2026-06-22,Lakeview Family Dentistry,ChIJA9nlsRJlf9Ne,13,136,3.8,140,FALSE
KW-0012,2026-06-29,Advanced Cosmetic Dentistry,ChIJOM8iCULMWNID,10,117,4.0,55,TRUE
KW-0012,2026-06-29,Cedar Ridge Dental Care,ChIJVU9xcaH2Zo7i,10,308,4.8,96,TRUE
KW-0012,2026-06-29,Austin Smile Dental,ChIJ8qMR1zS31Olw,14,149,3.7,93,TRUE
KW-0012,2026-07-06,Advanced Cosmetic Dentistry,ChIJOM8iCULMWNID,13,117,4.0,56,TRUE
KW-0012,2026-07-06,Park Dental Center,ChIJVGsMX25f2x5F,12,327,4.2,29,TRUE
KW-0012,2026-07-06,Downtown Dental Associates,ChIJI5FjmcHnfw8M,17,184,4.2,74,TRUE
KW-0012,2026-07-13,Downtown Dental Associates,ChIJI5FjmcHnfw8M,12,195,4.2,72,TRUE
KW-0012,2026-07-13,Austin Smile Dental,ChIJ8qMR1zS31Olw,13,159,3.7,91,TRUE
KW-0012,2026-07-13,Park Dental Center,ChIJVGsMX25f2x5F,15,323,4.2,25,TRUE
KW-0012,2026-07-20,Park Dental Center,ChIJVGsMX25f2x5F,13,340,4.2,30,TRUE
KW-0012,2026-07-20,Austin Smile Dental,ChIJ8qMR1zS31Olw,16,164,3.7,92,TRUE
KW-0012,2026-07-20,Downtown Dental Associates,ChIJI5FjmcHnfw8M,17,200,4.2,72,TRUE
KW-0012,2026-07-27,Downtown Dental Associates,ChIJI5FjmcHnfw8M,10,199,4.2,77,TRUE
KW-0012,2026-07-27,Advanced Cosmetic Dentistry,ChIJOM8iCULMWNID,12,135,4.0,58,TRUE
KW-0012,2026-07-27,Cedar Ridge Dental Care,ChIJVU9xcaH2Zo7i,14,330,4.8,98,TRUE
KW-0012,2026-08-03,Cedar Ridge Dental Care,ChIJVU9xcaH2Zo7i,7,321,4.8,95,TRUE
KW-0012,2026-08-03,Downtown Dental Associates,ChIJI5FjmcHnfw8M,13,196,4.2,74,TRUE
KW-0012,2026-08-03,Lakeview Family Dentistry,ChIJA9nlsRJlf9Ne,13,147,3.8,137,FALSE
KW-0012,2026-08-10,Park Dental Center,ChIJVGsMX25f2x5F,5,339,4.2,28,TRUE
KW-0012,2026-08-10,Downtown Dental Associates,ChIJI5FjmcHnfw8M,12,207,4.2,77,TRUE
KW-0012,2026-08-10,Advanced Cosmetic Dentistry,ChIJOM8iCULMWNID,15,143,4.0,58,TRUE
KW-0012,2026-08-17,Park Dental Center,ChIJVGsMX25f2x5F,10,342,4.2,27,TRUE
KW-0012,2026-08-17,Lakeview Family Dentistry,ChIJA9nlsRJlf9Ne,13,178,3.8,142,FALSE
KW-0012,2026-08-17,Advanced Cosmetic Dentistry,ChIJOM8iCULMWNID,15,138,4.0,56,TRUE
KW-0012,2026-08-24,Lakeview Family Dentistry,ChIJA9nlsRJlf9Ne,8,173,3.8,142,FALSE
KW-0012,2026-08-24,Park Dental Center,ChIJVGsMX25f2x5F,10,345,4.2,27,TRUE
KW-0012,2026-08-24,Downtown Dental Associates,ChIJI5FjmcHnfw8M,12,205,4.2,75,TRUE
KW-0012,2026-08-31,Advanced Cosmetic Dentistry,ChIJOM8iCULMWNID,7,144,4.0,54,TRUE
KW-0012,2026-08-31,Lakeview Family Dentistry,ChIJA9nlsRJlf9Ne,11,166,3.8,139,FALSE
KW-0012,2026-08-31,Downtown Dental Associates,ChIJI5FjmcHnfw8M,16,197,4.2,77,TRUE
KW-0012,2026-09-07,Lakeview Family Dentistry,ChIJA9nlsRJlf9Ne,7,181,3.8,137,FALSE
KW-0012,2026-09-07,Austin Smile Dental,ChIJ8qMR1zS31Olw,10,175,3.7,93,TRUE
KW-0012,2026-09-07,Park Dental Center,ChIJVGsMX25f2x5F,13,339,4.2,25,TRUE
KW-0013,2026-06-15,Lakeview Family Dentistry,ChIJA9nlsRJlf9Ne,12,133,3.8,140,FALSE
KW-0013,2026-06-15,Advanced Cosmetic Dentistry,ChIJOM8iCULMWNID,15,111,4.0,56,TRUE
KW-0013,2026-06-15,Park Dental Center,ChIJVGsMX25f2x5F,19,315,4.2,27,TRUE
KW-0013,2026-06-22,Austin Smile Dental,ChIJ8qMR1zS31Olw,16,144,3.7,94,TRUE
KW-0013,2026-06-22,Park Dental Center,ChIJVGsMX25f2x5F,18,319,4.2,25,TRUE
KW-0013,2026-06-22,Cedar Ridge Dental Care,ChIJVU9xcaH2Zo7i,21,305,4.8,98,TRUE
KW-0013,2026-06-29,Lakeview Family Dentistry,ChIJA9nlsRJlf9Ne,10,139,3.8,139,FALSE
KW-0013,2026-06-29,Advanced Cosmetic Dentistry,ChIJOM8iCULMWNID,15,121,4.0,58,TRUE
KW-0013,2026-06-29,Park Dental Center,ChIJVGsMX25f2x5F,14,323,4.2,25,TRUE
KW-0013,2026-07-06,Austin Smile Dental,ChIJ8qMR1zS31Olw,15,148,3.7,94,TRUE
KW-0013,2026-07-06,Lakeview Family Dentistry,ChIJA9nlsRJlf9Ne,19,139,3.8,139,FALSE
KW-0013,2026-07-06,Park Dental Center,ChIJVGsMX25f2x5F,22,321,4.2,30,TRUE
KW-0013,2026-07-13,Austin Smile Dental,ChIJ8qMR1zS31Olw,11,147,3.7,91,TRUE
KW-0013,2026-07-13,Advanced Cosmetic Dentistry,ChIJOM8iCULMWNID,14,127,4.0,58,TRUE
KW-0013,2026-07-13,Cedar Ridge Dental Care,ChIJVU9xcaH2Zo7i,21,312,4.8,96,TRUE
KW-0013,2026-07-20,Downtown Dental Associates,ChIJI5FjmcHnfw8M,10,190,4.2,77,TRUE
KW-0013,2026-07-20,Advanced Cosmetic Dentistry,ChIJOM8iCULMWNID,11,121,4.0,56,TRUE
KW-0013,2026-07-20,Cedar Ridge Dental Care,ChIJVU9xcaH2Zo7i,15,315,4.8,95,TRUE
KW-0013,2026-07-27,Austin Smile Dental,ChIJ8qMR1zS31Olw,13,151,3.7,95,TRUE
KW-0013,2026-07-27,Cedar Ridge Dental Care,ChIJVU9xcaH2Zo7i,17,312,4.8,98,TRUE
KW-0013,2026-07-27,Park Dental Center,ChIJVGsMX25f2x5F,18,327,4.2,30,TRUE
KW-0013,2026-08-03,Downtown Dental Associates,ChIJI5FjmcHnfw8M,12,203,4.2,72,TRUE
KW-0013,2026-08-03,Park Dental Center,ChIJVGsMX25f2x5F,13,329,4.2,25,TRUE
KW-0013,2026-08-03,Advanced Cosmetic Dentistry,ChIJOM8iCULMWNID,17,125,4.0,57,TRUE
KW-0013,2026-08-10,Cedar Ridge Dental Care,ChIJVU9xcaH2Zo7i,9,332,4.8,93,TRUE
KW-0013,2026-08-10,Austin Smile Dental,ChIJ8qMR1zS31Olw,14,179,3.7,93,TRUE
KW-0013,2026-08-10,Downtown Dental Associates,ChIJI5FjmcHnfw8M,18,199,4.2,76,TRUE
KW-0013,2026-08-17,Advanced Cosmetic Dentistry,ChIJOM8iCULMWNID,17,129,4.0,57,TRUE
KW-0013,2026-08-17,Park Dental Center,ChIJVGsMX25f2x5F,18,342,4.2,27,TRUE
KW-0013,2026-08-17,Cedar Ridge Dental Care,ChIJVU9xcaH2Zo7i,21,345,4.8,94,TRUE
KW-0013,2026-08-24,Austin Smile Dental,ChIJ8qMR1zS31Olw,13,179,3.7,94,TRUE
KW-0013,2026-08-24,Cedar Ridge Dental Care,ChIJVU9xcaH2Zo7i,15,340,4.8,98,TRUE
KW-0013,2026-08-24,Lakeview Family Dentistry,ChIJA9nlsRJlf9Ne,22,163,3.8,140,FALSE
KW-0013,2026-08-31,Park Dental Center,ChIJVGsMX25f2x5F,11,348,4.2,30,TRUE
KW-0013,2026-08-31,Downtown Dental Associates,ChIJI5FjmcHnfw8M,13,208,4.2,75,TRUE
KW-0013,2026-08-31,Lakeview Family Dentistry,ChIJA9nlsRJlf9Ne,20,177,3.8,142,FALSE
KW-0013,2026-09-07,Lakeview Family Dentistry,ChIJA9nlsRJlf9Ne,12,193,3.8,139,FALSE
KW-0013,2026-09-07,Advanced Cosmetic Dentistry,ChIJOM8iCULMWNID,15,135,4.0,57,TRUE
KW-0013,2026-09-07,Downtown Dental Associates,ChIJI5FjmcHnfw8M,18,223,4.2,77,TRUE
KW-0014,2026-06-15,Park Dental Center,ChIJVGsMX25f2x5F,10,315,4.2,29,TRUE
KW-0014,2026-06-15,Advanced Cosmetic Dentistry,ChIJOM8iCULMWNID,13,111,4.0,58,TRUE
KW-0014,2026-06-15,Downtown Dental Associates,ChIJI5FjmcHnfw8M,14,175,4.2,77,TRUE
KW-0014,2026-06-22,Austin Smile Dental,ChIJ8qMR1zS31Olw,12,141,3.7,92,TRUE
KW-0014,2026-06-22,Cedar Ridge Dental Care,ChIJVU9xcaH2Zo7i,13,303,4.8,96,TRUE
KW-0014,2026-06-22,Advanced Cosmetic Dentistry,ChIJOM8iCULMWNID,17,113,4.0,53,TRUE
KW-0014,2026-06-29,Downtown Dental Associates,ChIJI5FjmcHnfw8M,12,185,4.2,73,TRUE
KW-0014,2026-06-29,Cedar Ridge Dental Care,ChIJVU9xcaH2Zo7i,15,306,4.8,93,TRUE
KW-0014,2026-06-29,Lakeview Family Dentistry,ChIJA9nlsRJlf9Ne,15,143,3.8,140,FALSE
KW-0014,2026-07-06,Park Dental Center,ChIJVGsMX25f2x5F,11,321,4.2,28,TRUE
KW-0014,2026-07-06,Advanced Cosmetic Dentistry,ChIJOM8iCULMWNID,15,123,4.0,58,TRUE
KW-0014,2026-07-06,Cedar Ridge Dental Care,ChIJVU9xcaH2Zo7i,19,312,4.8,93,TRUE
KW-0014,2026-07-13,Lakeview Family Dentistry,ChIJA9nlsRJlf9Ne,8,141,3.8,141,FALSE
KW-0014,2026-07-13,Park Dental Center,ChIJVGsMX25f2x5F,13,331,4.2,30,TRUE
KW-0014,2026-07-13,Advanced Cosmetic Dentistry,ChIJOM8iCULMWNID,14,123,4.0,56,TRUE
KW-0014,2026-07-20,Park Dental Center,ChIJVGsMX25f2x5F,10,325,4.2,27,TRUE
KW-0014,2026-07-20,Downtown Dental Associates,ChIJI5FjmcHnfw8M,14,200,4.2,77,TRUE
KW-0014,2026-07-20,Austin Smile Dental,ChIJ8qMR1zS31Olw,18,164,3.7,90,TRUE
KW-0014,2026-07-27,Advanced Cosmetic Dentistry,ChIJOM8iCULMWNID,12,129,4.0,57,TRUE
KW-0014,2026-07-27,Park Dental Center,ChIJVGsMX25f2x5F,15,327,4.2,29,TRUE
KW-0014,2026-07-27,Lakeview Family Dentistry,ChIJA9nlsRJlf9Ne,19,145,3.8,137,FALSE
KW-0014,2026-08-03,Advanced Cosmetic Dentistry,ChIJOM8iCULMWNID,11,125,4.0,53,TRUE
KW-0014,2026-08-03,Cedar Ridge Dental Care,ChIJVU9xcaH2Zo7i,13,328,4.8,97,TRUE
KW-0014,2026-08-03,Park Dental Center,ChIJVGsMX25f2x5F,16,329,4.2,26,TRUE
KW-0014,2026-08-10,Lakeview Family Dentistry,ChIJA9nlsRJlf9Ne,11,157,3.8,141,FALSE
KW-0014,2026-08-10,Advanced Cosmetic Dentistry,ChIJOM8iCULMWNID,14,143,4.0,57,TRUE
KW-0014,2026-08-10,Austin Smile Dental,ChIJ8qMR1zS31Olw,17,155,3.7,95,TRUE
KW-0014,2026-08-17,Cedar Ridge Dental Care,ChIJVU9xcaH2Zo7i,10,327,4.8,94,TRUE
KW-0014,2026-08-17,Lakeview Family Dentistry,ChIJA9nlsRJlf9Ne,11,169,3.8,139,FALSE
KW-0014,2026-08-17,Park Dental Center,ChIJVGsMX25f2x5F,15,333,4.2,29,TRUE
KW-0014,2026-08-24,Austin Smile Dental,ChIJ8qMR1zS31Olw,12,159,3.7,92,TRUE
KW-0014,2026-08-24,Downtown Dental Associates,ChIJI5FjmcHnfw8M,15,205,4.2,76,TRUE
KW-0014,2026-08-24,Cedar Ridge Dental Care,ChIJVU9xcaH2Zo7i,14,340,4.8,98,TRUE
KW-0014,2026-08-31,Park Dental Center,ChIJVGsMX25f2x5F,12,370,4.2,26,TRUE
KW-0014,2026-08-31,Cedar Ridge Dental Care,ChIJVU9xcaH2Zo7i,18,355,4.8,93,TRUE
KW-0014,2026-08-31,Austin Smile Dental,ChIJ8qMR1zS31Olw,20,161,3.7,92,TRUE
KW-0014,2026-09-07,Advanced Cosmetic Dentistry,ChIJOM8iCULMWNID,10,135,4.0,55,TRUE
KW-0014,2026-09-07,Lakeview Family Dentistry,ChIJA9nlsRJlf9Ne,12,169,3.8,138,FALSE
KW-0014,2026-09-07,Downtown Dental Associates,ChIJI5FjmcHnfw8M,13,199,4.2,75,TRUE
KW-0015,2026-06-15,Downtown Dental Associates,ChIJI5FjmcHnfw8M,14,175,4.2,72,TRUE
KW-0015,2026-06-15,Lakeview Family Dentistry,ChIJA9nlsRJlf9Ne,16,133,3.8,141,FALSE
KW-0015,2026-06-15,Advanced Cosmetic Dentistry,ChIJOM8iCULMWNID,17,111,4.0,54,TRUE
KW-0015,2026-06-22,Downtown Dental Associates,ChIJI5FjmcHnfw8M,14,180,4.2,76,TRUE
KW-0015,2026-06-22,Cedar Ridge Dental Care,ChIJVU9xcaH2Zo7i,17,302,4.8,98,TRUE
KW-0015,2026-06-22,Austin Smile Dental,ChIJ8qMR1zS31Olw,20,142,3.7,91,TRUE
KW-0015,2026-06-29,Advanced Cosmetic Dentistry,ChIJOM8iCULMWNID,14,117,4.0,58,TRUE
KW-0015,2026-06-29,Austin Smile Dental,ChIJ8qMR1zS31Olw,19,149,3.7,91,TRUE
KW-0015,2026-06-29,Lakeview Family Dentistry,ChIJA9nlsRJlf9Ne,21,143,3.8,141,FALSE
KW-0015,2026-07-06,Austin Smile Dental,ChIJ8qMR1zS31Olw,12,151,3.7,93,TRUE
KW-0015,2026-07-06,Downtown Dental Associates,ChIJI5FjmcHnfw8M,15,181,4.2,72,TRUE
KW-0015,2026-07-06,Cedar Ridge Dental Care,ChIJVU9xcaH2Zo7i,20,306,4.8,94,TRUE
KW-0015,2026-07-13,Lakeview Family Dentistry,ChIJA9nlsRJlf9Ne,16,141,3.8,140,FALSE
KW-0015,2026-07-13,Park Dental Center,ChIJVGsMX25f2x5F,18,335,4.2,28,TRUE
KW-0015,2026-07-13,Austin Smile Dental,ChIJ8qMR1zS31Olw,21,159,3.7,90,TRUE
KW-0015,2026-07-20,Cedar Ridge Dental Care,ChIJVU9xcaH2Zo7i,15,315,4.8,98,TRUE
KW-0015,2026-07-20,Lakeview Family Dentistry,ChIJA9nlsRJlf9Ne,17,158,3.8,138,FALSE
KW-0015,2026-07-20,Downtown Dental Associates,ChIJI5FjmcHnfw8M,22,190,4.2,72,TRUE
KW-0015,2026-07-27,Cedar Ridge Dental Care,ChIJVU9xcaH2Zo7i,16,330,4.8,96,TRUE
KW-0015,2026-07-27,Advanced Cosmetic Dentistry,ChIJOM8iCULMWNID,17,123,4.0,55,TRUE
KW-0015,2026-07-27,Austin Smile Dental,ChIJ8qMR1zS31Olw,20,151,3.7,92,TRUE
KW-0015,2026-08-03,Downtown Dental Associates,ChIJI5FjmcHnfw8M,13,210,4.2,73,TRUE
KW-0015,2026-08-03,Austin Smile Dental,ChIJ8qMR1zS31Olw,15,174,3.7,94,TRUE
KW-0015,2026-08-03,Advanced Cosmetic Dentistry,ChIJOM8iCULMWNID,18,139,4.0,53,TRUE
KW-0015,2026-08-10,Downtown Dental Associates,ChIJI5FjmcHnfw8M,14,191,4.2,74,TRUE
KW-0015,2026-08-10,Austin Smile Dental,ChIJ8qMR1zS31Olw,18,179,3.7,92,TRUE
KW-0015,2026-08-10,Advanced Cosmetic Dentistry,ChIJOM8iCULMWNID,19,151,4.0,56,TRUE
KW-0015,2026-08-17,Lakeview Family Dentistry,ChIJA9nlsRJlf9Ne,11,178,3.8,137,FALSE
KW-0015,2026-08-17,Advanced Cosmetic Dentistry,ChIJOM8iCULMWNID,16,138,4.0,56,TRUE
KW-0015,2026-08-17,Cedar Ridge Dental Care,ChIJVU9xcaH2Zo7i,19,336,4.8,95,TRUE
KW-0015,2026-08-24,Cedar Ridge Dental Care,ChIJVU9xcaH2Zo7i,17,350,4.8,94,TRUE
KW-0015,2026-08-24,Advanced Cosmetic Dentistry,ChIJOM8iCULMWNID,18,161,4.0,53,TRUE
KW-0015,2026-08-24,Austin Smile Dental,ChIJ8qMR1zS31Olw,20,159,3.7,91,TRUE
KW-0015,2026-08-31,Lakeview Family Dentistry,ChIJA9nlsRJlf9Ne,14,155,3.8,138,FALSE
KW-0015,2026-08-31,Cedar Ridge Dental Care,ChIJVU9xcaH2Zo7i,16,355,4.8,98,TRUE
KW-0015,2026-08-31,Downtown Dental Associates,ChIJI5FjmcHnfw8M,18,230,4.2,75,TRUE
KW-0015,2026-09-07,Downtown Dental Associates,ChIJI5FjmcHnfw8M,17,211,4.2,72,TRUE
KW-0015,2026-09-07,Cedar Ridge Dental Care,ChIJVU9xcaH2Zo7i,17,336,4.8,94,TRUE
KW-0015,2026-09-07,Austin Smile Dental,ChIJ8qMR1zS31Olw,20,175,3.7,90,TRUE
KW-0016,2026-06-15,Austin Smile Dental,ChIJ8qMR1zS31Olw,16,139,3.7,92,TRUE
KW-0016,2026-06-15,Downtown Dental Associates,ChIJI5FjmcHnfw8M,16,175,4.2,73,TRUE
KW-0016,2026-06-15,Lakeview Family Dentistry,ChIJA9nlsRJlf9Ne,21,133,3.8,138,FALSE
KW-0016,2026-06-22,Lakeview Family Dentistry,ChIJA9nlsRJlf9Ne,12,136,3.8,140,FALSE
KW-0016,2026-06-22,Austin Smile Dental,ChIJ8qMR1zS31Olw,13,142,3.7,91,TRUE
KW-0016,2026-06-22,Cedar Ridge Dental Care,ChIJVU9xcaH2Zo7i,18,303,4.8,93,TRUE
KW-0016,2026-06-29,Downtown Dental Associates,ChIJI5FjmcHnfw8M,11,185,4.2,72,TRUE
KW-0016,2026-06-29,Lakeview Family Dentistry,ChIJA9nlsRJlf9Ne,13,137,3.8,137,FALSE
KW-0016,2026-06-29,Austin Smile Dental,ChIJ8qMR1zS31Olw,18,147,3.7,95,TRUE
KW-0016,2026-07-06,Cedar Ridge Dental Care,ChIJVU9xcaH2Zo7i,16,306,4.8,97,TRUE
KW-0016,2026-07-06,Park Dental Center,ChIJVGsMX25f2x5F,16,327,4.2,25,TRUE
KW-0016,2026-07-06,Austin Smile Dental,ChIJ8qMR1zS31Olw,21,151,3.7,92,TRUE
KW-0016,2026-07-13,Downtown Dental Associates,ChIJI5FjmcHnfw8M,15,183,4.2,72,TRUE
KW-0016,2026-07-13,Cedar Ridge Dental Care,ChIJVU9xcaH2Zo7i,18,312,4.8,95,TRUE
KW-0016,2026-07-13,Austin Smile Dental,ChIJ8qMR1zS31Olw,21,147,3.7,93,TRUE
KW-0016,2026-07-20,Austin Smile Dental,ChIJ8qMR1zS31Olw,11,149,3.7,90,TRUE
KW-0016,2026-07-20,Downtown Dental Associates,ChIJI5FjmcHnfw8M,12,190,4.2,74,TRUE
KW-0016,2026-07-20,Park Dental Center,ChIJVGsMX25f2x5F,17,335,4.2,26,TRUE
KW-0016,2026-07-27,Austin Smile Dental,ChIJ8qMR1zS31Olw,14,157,3.7,95,TRUE
KW-0016,2026-07-27,Cedar Ridge Dental Care,ChIJVU9xcaH2Zo7i,16,312,4.8,97,TRUE
KW-0016,2026-07-27,Downtown Dental Associates,ChIJI5FjmcHnfw8M,21,193,4.2,77,TRUE
KW-0016,2026-08-03,Lakeview Family Dentistry,ChIJA9nlsRJlf9Ne,14,154,3.8,141,FALSE
KW-0016,2026-08-03,Park Dental Center,ChIJVGsMX25f2x5F,15,329,4.2,26,TRUE
KW-0016,2026-08-03,Austin Smile Dental,ChIJ8qMR1zS31Olw,19,167,3.7,94,TRUE
KW-0016,2026-08-10,Austin Smile Dental,ChIJ8qMR1zS31Olw,10,179,3.7,93,TRUE
KW-0016,2026-08-10,Downtown Dental Associates,ChIJI5FjmcHnfw8M,13,199,4.2,76,TRUE
KW-0016,2026-08-10,Lakeview Family Dentistry,ChIJA9nlsRJlf9Ne,17,165,3.8,137,FALSE
KW-0016,2026-08-17,Lakeview Family Dentistry,ChIJA9nlsRJlf9Ne,12,160,3.8,140,FALSE
KW-0016,2026-08-17,Cedar Ridge Dental Care,ChIJVU9xcaH2Zo7i,18,345,4.8,96,TRUE
KW-0016,2026-08-17,Downtown Dental Associates,ChIJI5FjmcHnfw8M,21,202,4.2,73,TRUE
KW-0016,2026-08-24,Cedar Ridge Dental Care,ChIJVU9xcaH2Zo7i,7,350,4.8,97,TRUE
KW-0016,2026-08-24,Advanced Cosmetic Dentistry,ChIJOM8iCULMWNID,13,151,4.0,54,TRUE
KW-0016,2026-08-24,Park Dental Center,ChIJVGsMX25f2x5F,16,335,4.2,26,TRUE
KW-0016,2026-08-31,Lakeview Family Dentistry,ChIJA9nlsRJlf9Ne,9,166,3.8,139,FALSE
KW-0016,2026-08-31,Advanced Cosmetic Dentistry,ChIJOM8iCULMWNID,14,133,4.0,58,TRUE
KW-0016,2026-08-31,Cedar Ridge Dental Care,ChIJVU9xcaH2Zo7i,15,322,4.8,93,TRUE
KW-0016,2026-09-07,Austin Smile Dental,ChIJ8qMR1zS31Olw,13,187,3.7,95,TRUE
KW-0016,2026-09-07,Advanced Cosmetic Dentistry,ChIJOM8iCULMWNID,19,159,4.0,55,TRUE
KW-0016,2026-09-07,Park Dental Center,ChIJVGsMX25f2x5F,18,363,4.2,26,TRUE
KW-0017,2026-06-15,Austin Smile Dental,ChIJ8qMR1zS31Olw,15,139,3.7,95,TRUE
KW-0017,2026-06-15,Cedar Ridge Dental Care,ChIJVU9xcaH2Zo7i,18,300,4.8,94,TRUE
KW-0017,2026-06-15,Park Dental Center,ChIJVGsMX25f2x5F,22,315,4.2,29,TRUE
KW-0017,2026-06-22,Downtown Dental Associates,ChIJI5FjmcHnfw8M,18,179,4.2,73,TRUE
KW-0017,2026-06-22,Cedar Ridge Dental Care,ChIJVU9xcaH2Zo7i,17,305,4.8,94,TRUE
KW-0017,2026-06-22,Park Dental Center,ChIJVGsMX25f2x5F,21,318,4.2,26,TRUE
KW-0017,2026-06-29,Downtown Dental Associates,ChIJI5FjmcHnfw8M,16,181,4.2,73,TRUE
KW-0017,2026-06-29,Cedar Ridge Dental Care,ChIJVU9xcaH2Zo7i,17,304,4.8,94,TRUE
KW-0017,2026-06-29,Austin Smile Dental,ChIJ8qMR1zS31Olw,21,145,3.7,93,TRUE
KW-0017,2026-07-06,Downtown Dental Associates,ChIJI5FjmcHnfw8M,13,181,4.2,75,TRUE
KW-0017,2026-07-06,Lakeview Family Dentistry,ChIJA9nlsRJlf9Ne,17,139,3.8,137,FALSE
KW-0017,2026-07-06,Cedar Ridge Dental Care,ChIJVU9xcaH2Zo7i,21,309,4.8,94,TRUE
KW-0017,2026-07-13,Austin Smile Dental,ChIJ8qMR1zS31Olw,10,155,3.7,95,TRUE
KW-0017,2026-07-13,Cedar Ridge Dental Care,ChIJVU9xcaH2Zo7i,13,312,4.8,96,TRUE
KW-0017,2026-07-13,Lakeview Family Dentistry,ChIJA9nlsRJlf9Ne,19,145,3.8,139,FALSE
KW-0017,2026-07-20,Downtown Dental Associates,ChIJI5FjmcHnfw8M,14,185,4.2,72,TRUE
KW-0017,2026-07-20,Cedar Ridge Dental Care,ChIJVU9xcaH2Zo7i,14,320,4.8,93,TRUE
KW-0017,2026-07-20,Advanced Cosmetic Dentistry,ChIJOM8iCULMWNID,21,126,4.0,53,TRUE
KW-0017,2026-07-27,Lakeview Family Dentistry,ChIJA9nlsRJlf9Ne,11,157,3.8,142,FALSE
KW-0017,2026-07-27,Cedar Ridge Dental Care,ChIJVU9xcaH2Zo7i,14,330,4.8,98,TRUE
KW-0017,2026-07-27,Downtown Dental Associates,ChIJI5FjmcHnfw8M,17,205,4.2,73,TRUE
KW-0017,2026-08-03,Cedar Ridge Dental Care,ChIJVU9xcaH2Zo7i,9,328,4.8,93,TRUE
KW-0017,2026-08-03,Lakeview Family Dentistry,ChIJA9nlsRJlf9Ne,12,147,3.8,141,FALSE
KW-0017,2026-08-03,Austin Smile Dental,ChIJ8qMR1zS31Olw,15,174,3.7,94,TRUE
KW-0017,2026-08-10,Advanced Cosmetic Dentistry,ChIJOM8iCULMWNID,14,143,4.0,55,TRUE
KW-0017,2026-08-10,Cedar Ridge Dental Care,ChIJVU9xcaH2Zo7i,16,340,4.8,98,TRUE
KW-0017,2026-08-10,Downtown Dental Associates,ChIJI5FjmcHnfw8M,19,191,4.2,72,TRUE
KW-0017,2026-08-17,Park Dental Center,ChIJVGsMX25f2x5F,14,360,4.2,30,TRUE
KW-0017,2026-08-17,Cedar Ridge Dental Care,ChIJVU9xcaH2Zo7i,13,318,4.8,97,TRUE
KW-0017,2026-08-17,Austin Smile Dental,ChIJ8qMR1zS31Olw,18,166,3.7,90,TRUE
KW-0017,2026-08-24,Cedar Ridge Dental Care,ChIJVU9xcaH2Zo7i,13,350,4.8,96,TRUE
KW-0017,2026-08-24,Park Dental Center,ChIJVGsMX25f2x5F,17,355,4.2,26,TRUE
KW-0017,2026-08-24,Downtown Dental Associates,ChIJI5FjmcHnfw8M,19,225,4.2,75,TRUE
KW-0017,2026-08-31,Downtown Dental Associates,ChIJI5FjmcHnfw8M,13,230,4.2,72,TRUE
KW-0017,2026-08-31,Advanced Cosmetic Dentistry,ChIJOM8iCULMWNID,19,144,4.0,58,TRUE
KW-0017,2026-08-31,Park Dental Center,ChIJVGsMX25f2x5F,19,359,4.2,25,TRUE
KW-0017,2026-09-07,Lakeview Family Dentistry,ChIJA9nlsRJlf9Ne,11,157,3.8,139,FALSE
KW-0017,2026-09-07,Austin Smile Dental,ChIJ8qMR1zS31Olw,14,187,3.7,93,TRUE
KW-0017,2026-09-07,Downtown Dental Associates,ChIJI5FjmcHnfw8M,18,211,4.2,73,TRUE
KW-0018,2026-06-15,Lakeview Family Dentistry,ChIJA9nlsRJlf9Ne,12,133,3.8,142,FALSE
KW-0018,2026-06-15,Cedar Ridge Dental Care,ChIJVU9xcaH2Zo7i,18,300,4.8,93,TRUE
KW-0018,2026-06-15,Park Dental Center,ChIJVGsMX25f2x5F,19,315,4.2,28,TRUE
KW-0018,2026-06-22,Cedar Ridge Dental Care,ChIJVU9xcaH2Zo7i,16,302,4.8,94,TRUE
KW-0018,2026-06-22,Lakeview Family Dentistry,ChIJA9nlsRJlf9Ne,18,138,3.8,138,FALSE
KW-0018,2026-06-22,Park Dental Center,ChIJVGsMX25f2x5F,23,318,4.2,30,TRUE
KW-0018,2026-06-29,Park Dental Center,ChIJVGsMX25f2x5F,17,325,4.2,30,TRUE
KW-0018,2026-06-29,Austin Smile Dental,ChIJ8qMR1zS31Olw,18,147,3.7,90,TRUE
KW-0018,2026-06-29,Downtown Dental Associates,ChIJI5FjmcHnfw8M,20,179,4.2,76,TRUE
KW-0018,2026-07-06,Advanced Cosmetic Dentistry,ChIJOM8iCULMWNID,15,126,4.0,57,TRUE
KW-0018,2026-07-06,Cedar Ridge Dental Care,ChIJVU9xcaH2Zo7i,17,312,4.8,98,TRUE
KW-0018,2026-07-06,Lakeview Family Dentistry,ChIJA9nlsRJlf9Ne,20,142,3.8,139,FALSE
KW-0018,2026-07-13,Advanced Cosmetic Dentistry,ChIJOM8iCULMWNID,11,131,4.0,57,TRUE
KW-0018,2026-07-13,Downtown Dental Associates,ChIJI5FjmcHnfw8M,15,195,4.2,73,TRUE
KW-0018,2026-07-13,Cedar Ridge Dental Care,ChIJVU9xcaH2Zo7i,18,320,4.8,96,TRUE
KW-0018,2026-07-20,Park Dental Center,ChIJVGsMX25f2x5F,14,335,4.2,30,TRUE
KW-0018,2026-07-20,Downtown Dental Associates,ChIJI5FjmcHnfw8M,17,195,4.2,72,TRUE
KW-0018,2026-07-20,Advanced Cosmetic Dentistry,ChIJOM8iCULMWNID,18,131,4.0,57,TRUE
KW-0018,2026-07-27,Lakeview Family Dentistry,ChIJA9nlsRJlf9Ne,14,145,3.8,138,FALSE
KW-0018,2026-07-27,Cedar Ridge Dental Care,ChIJVU9xcaH2Zo7i,16,324,4.8,94,TRUE
KW-0018,2026-07-27,Austin Smile Dental,ChIJ8qMR1zS31Olw,21,151,3.7,91,TRUE
KW-0018,2026-08-03,Lakeview Family Dentistry,ChIJA9nlsRJlf9Ne,15,147,3.8,137,FALSE
KW-0018,2026-08-03,Advanced Cosmetic Dentistry,ChIJOM8iCULMWNID,16,139,4.0,53,TRUE
KW-0018,2026-08-03,Park Dental Center,ChIJVGsMX25f2x5F,21,350,4.2,29,TRUE
KW-0018,2026-08-10,Austin Smile Dental,ChIJ8qMR1zS31Olw,13,171,3.7,93,TRUE
KW-0018,2026-08-10,Downtown Dental Associates,ChIJI5FjmcHnfw8M,15,199,4.2,72,TRUE
KW-0018,2026-08-10,Park Dental Center,ChIJVGsMX25f2x5F,22,355,4.2,29,TRUE
KW-0018,2026-08-17,Austin Smile Dental,ChIJ8qMR1zS31Olw,13,157,3.7,95,TRUE
KW-0018,2026-08-17,Cedar Ridge Dental Care,ChIJVU9xcaH2Zo7i,15,327,4.8,98,TRUE
KW-0018,2026-08-17,Advanced Cosmetic Dentistry,ChIJOM8iCULMWNID,19,138,4.0,57,TRUE
KW-0018,2026-08-24,Park Dental Center,ChIJVGsMX25f2x5F,16,355,4.2,27,TRUE
KW-0018,2026-08-24,Advanced Cosmetic Dentistry,ChIJOM8iCULMWNID,21,131,4.0,58,TRUE
KW-0018,2026-08-24,Austin Smile Dental,ChIJ8qMR1zS31Olw,25,169,3.7,91,TRUE
KW-0018,2026-08-31,Advanced Cosmetic Dentistry,ChIJOM8iCULMWNID,17,133,4.0,53,TRUE
KW-0018,2026-08-31,Lakeview Family Dentistry,ChIJA9nlsRJlf9Ne,20,155,3.8,140,FALSE
KW-0018,2026-08-31,Cedar Ridge Dental Care,ChIJVU9xcaH2Zo7i,23,344,4.8,94,TRUE
KW-0018,2026-09-07,Cedar Ridge Dental Care,ChIJVU9xcaH2Zo7i,14,348,4.8,93,TRUE
KW-0018,2026-09-07,Lakeview Family Dentistry,ChIJA9nlsRJlf9Ne,17,193,3.8,139,FALSE
KW-0018,2026-09-07,Austin Smile Dental,ChIJ8qMR1zS31Olw,21,199,3.7,95,TRUE
KW-0019,2026-06-15,Round Rock Dental Studio,ChIJqNKzcVuJZtfN,7,132,3.6,82,TRUE
KW-0019,2026-06-15,Prime Care Dentistry,ChIJk2tz3r1HuSbo,9,366,4.4,127,TRUE
KW-0019,2026-06-15,Heritage Dental Group,ChIJFxfGGMoKOlJZ,14,267,4.2,133,TRUE
KW-0019,2026-06-22,Prime Care Dentistry,ChIJk2tz3r1HuSbo,8,368,4.4,130,TRUE
KW-0019,2026-06-22,Heritage Dental Group,ChIJFxfGGMoKOlJZ,12,270,4.2,133,TRUE
KW-0019,2026-06-22,Round Rock Dental Studio,ChIJqNKzcVuJZtfN,18,135,3.6,83,TRUE
KW-0019,2026-06-29,Round Rock Dental Studio,ChIJqNKzcVuJZtfN,7,140,3.6,82,TRUE
KW-0019,2026-06-29,Heritage Dental Group,ChIJFxfGGMoKOlJZ,13,271,4.2,133,TRUE
KW-0019,2026-06-29,Prime Care Dentistry,ChIJk2tz3r1HuSbo,12,376,4.4,128,TRUE
KW-0019,2026-07-06,Prime Care Dentistry,ChIJk2tz3r1HuSbo,7,381,4.4,126,TRUE
KW-0019,2026-07-06,Heritage Dental Group,ChIJFxfGGMoKOlJZ,11,273,4.2,135,TRUE
KW-0019,2026-07-06,Round Rock Dental Studio,ChIJqNKzcVuJZtfN,11,141,3.6,82,TRUE
KW-0019,2026-07-13,Heritage Dental Group,ChIJFxfGGMoKOlJZ,4,287,4.2,133,TRUE
KW-0019,2026-07-13,Round Rock Dental Studio,ChIJqNKzcVuJZtfN,11,152,3.6,80,TRUE
KW-0019,2026-07-13,Prime Care Dentistry,ChIJk2tz3r1HuSbo,11,374,4.4,130,TRUE
KW-0019,2026-07-20,Prime Care Dentistry,ChIJk2tz3r1HuSbo,9,376,4.4,127,TRUE
KW-0019,2026-07-20,Heritage Dental Group,ChIJFxfGGMoKOlJZ,10,287,4.2,138,TRUE
KW-0019,2026-07-20,Round Rock Dental Studio,ChIJqNKzcVuJZtfN,16,147,3.6,84,TRUE
KW-0019,2026-07-27,Round Rock Dental Studio,ChIJqNKzcVuJZtfN,8,156,3.6,80,TRUE
KW-0019,2026-07-27,Heritage Dental Group,ChIJFxfGGMoKOlJZ,11,297,4.2,136,TRUE
KW-0019,2026-07-27,Prime Care Dentistry,ChIJk2tz3r1HuSbo,13,396,4.4,127,TRUE
KW-0019,2026-08-03,Heritage Dental Group,ChIJFxfGGMoKOlJZ,9,281,4.2,138,TRUE
KW-0019,2026-08-03,Prime Care Dentistry,ChIJk2tz3r1HuSbo,13,394,4.4,130,TRUE
KW-0019,2026-08-03,Round Rock Dental Studio,ChIJqNKzcVuJZtfN,18,146,3.6,80,TRUE
KW-0019,2026-08-10,Round Rock Dental Studio,ChIJqNKzcVuJZtfN,11,164,3.6,83,TRUE
KW-0019,2026-08-10,Prime Care Dentistry,ChIJk2tz3r1HuSbo,10,406,4.4,126,TRUE
KW-0019,2026-08-10,Heritage Dental Group,ChIJFxfGGMoKOlJZ,17,283,4.2,133,TRUE
KW-0019,2026-08-17,Heritage Dental Group,ChIJFxfGGMoKOlJZ,5,312,4.2,134,TRUE
KW-0019,2026-08-17,Round Rock Dental Studio,ChIJqNKzcVuJZtfN,9,159,3.6,84,TRUE
KW-0019,2026-08-17,Prime Care Dentistry,ChIJk2tz3r1HuSbo,12,402,4.4,127,TRUE
KW-0019,2026-08-24,Prime Care Dentistry,ChIJk2tz3r1HuSbo,6,416,4.4,128,TRUE
KW-0019,2026-08-24,Heritage Dental Group,ChIJFxfGGMoKOlJZ,9,307,4.2,137,TRUE
KW-0019,2026-08-24,Round Rock Dental Studio,ChIJqNKzcVuJZtfN,12,152,3.6,80,TRUE
KW-0019,2026-08-31,Prime Care Dentistry,ChIJk2tz3r1HuSbo,7,421,4.4,128,TRUE
KW-0019,2026-08-31,Heritage Dental Group,ChIJFxfGGMoKOlJZ,13,311,4.2,138,TRUE
KW-0019,2026-08-31,Round Rock Dental Studio,ChIJqNKzcVuJZtfN,14,154,3.6,79,TRUE
KW-0019,2026-09-07,Heritage Dental Group,ChIJFxfGGMoKOlJZ,8,291,4.2,138,TRUE
KW-0019,2026-09-07,Round Rock Dental Studio,ChIJqNKzcVuJZtfN,7,180,3.6,82,TRUE
KW-0019,2026-09-07,Prime Care Dentistry,ChIJk2tz3r1HuSbo,10,426,4.4,129,TRUE
KW-0020,2026-06-15,Round Rock Dental Studio,ChIJqNKzcVuJZtfN,8,132,3.6,82,TRUE
KW-0020,2026-06-15,Heritage Dental Group,ChIJFxfGGMoKOlJZ,11,267,4.2,135,TRUE
KW-0020,2026-06-15,Prime Care Dentistry,ChIJk2tz3r1HuSbo,12,366,4.4,130,TRUE
KW-0020,2026-06-22,Prime Care Dentistry,ChIJk2tz3r1HuSbo,8,368,4.4,125,TRUE
KW-0020,2026-06-22,Heritage Dental Group,ChIJFxfGGMoKOlJZ,8,271,4.2,137,TRUE
KW-0020,2026-06-22,Round Rock Dental Studio,ChIJqNKzcVuJZtfN,13,136,3.6,80,TRUE
KW-0020,2026-06-29,Prime Care Dentistry,ChIJk2tz3r1HuSbo,10,370,4.4,129,TRUE
KW-0020,2026-06-29,Round Rock Dental Studio,ChIJqNKzcVuJZtfN,10,142,3.6,84,TRUE
KW-0020,2026-06-29,Heritage Dental Group,ChIJFxfGGMoKOlJZ,14,275,4.2,137,TRUE
KW-0020,2026-07-06,Prime Care Dentistry,ChIJk2tz3r1HuSbo,3,372,4.4,130,TRUE
KW-0020,2026-07-06,Round Rock Dental Studio,ChIJqNKzcVuJZtfN,9,144,3.6,83,TRUE
KW-0020,2026-07-06,Heritage Dental Group,ChIJFxfGGMoKOlJZ,10,276,4.2,133,TRUE
KW-0020,2026-07-13,Round Rock Dental Studio,ChIJqNKzcVuJZtfN,2,140,3.6,83,TRUE
KW-0020,2026-07-13,Prime Care Dentistry,ChIJk2tz3r1HuSbo,5,386,4.4,125,TRUE
KW-0020,2026-07-13,Heritage Dental Group,ChIJFxfGGMoKOlJZ,10,287,4.2,138,TRUE
KW-0020,2026-07-20,Prime Care Dentistry,ChIJk2tz3r1HuSbo,7,386,4.4,126,TRUE
KW-0020,2026-07-20,Round Rock Dental Studio,ChIJqNKzcVuJZtfN,11,157,3.6,81,TRUE
KW-0020,2026-07-20,Heritage Dental Group,ChIJFxfGGMoKOlJZ,14,287,4.2,133,TRUE
KW-0020,2026-07-27,Heritage Dental Group,ChIJFxfGGMoKOlJZ,7,279,4.2,133,TRUE
KW-0020,2026-07-27,Round Rock Dental Studio,ChIJqNKzcVuJZtfN,8,156,3.6,80,TRUE
KW-0020,2026-07-27,Prime Care Dentistry,ChIJk2tz3r1HuSbo,8,396,4.4,127,TRUE
KW-0020,2026-08-03,Prime Care Dentistry,ChIJk2tz3r1HuSbo,7,380,4.4,128,TRUE
KW-0020,2026-08-03,Round Rock Dental Studio,ChIJqNKzcVuJZtfN,6,153,3.6,84,TRUE
KW-0020,2026-08-03,Heritage Dental Group,ChIJFxfGGMoKOlJZ,12,295,4.2,138,TRUE
KW-0020,2026-08-10,Round Rock Dental Studio,ChIJqNKzcVuJZtfN,7,148,3.6,79,TRUE
KW-0020,2026-08-10,Heritage Dental Group,ChIJFxfGGMoKOlJZ,10,307,4.2,137,TRUE
KW-0020,2026-08-10,Prime Care Dentistry,ChIJk2tz3r1HuSbo,12,390,4.4,129,TRUE
KW-0020,2026-08-17,Prime Care Dentistry,ChIJk2tz3r1HuSbo,6,384,4.4,129,TRUE
KW-0020,2026-08-17,Round Rock Dental Studio,ChIJqNKzcVuJZtfN,11,159,3.6,81,TRUE
KW-0020,2026-08-17,Heritage Dental Group,ChIJFxfGGMoKOlJZ,13,285,4.2,135,TRUE
KW-0020,2026-08-24,Round Rock Dental Studio,ChIJqNKzcVuJZtfN,5,182,3.6,80,TRUE
KW-0020,2026-08-24,Heritage Dental Group,ChIJFxfGGMoKOlJZ,8,307,4.2,136,TRUE
KW-0020,2026-08-24,Prime Care Dentistry,ChIJk2tz3r1HuSbo,13,416,4.4,129,TRUE
KW-0020,2026-08-31,Round Rock Dental Studio,ChIJqNKzcVuJZtfN,8,187,3.6,79,TRUE
KW-0020,2026-08-31,Prime Care Dentistry,ChIJk2tz3r1HuSbo,10,399,4.4,126,TRUE
KW-0020,2026-08-31,Heritage Dental Group,ChIJFxfGGMoKOlJZ,15,322,4.2,136,TRUE
KW-0020,2026-09-07,Heritage Dental Group,ChIJFxfGGMoKOlJZ,4,327,4.2,136,TRUE
KW-0020,2026-09-07,Prime Care Dentistry,ChIJk2tz3r1HuSbo,10,414,4.4,130,TRUE
KW-0020,2026-09-07,Round Rock Dental Studio,ChIJqNKzcVuJZtfN,13,168,3.6,79,TRUE
KW-0021,2026-06-15,Prime Care Dentistry,ChIJk2tz3r1HuSbo,8,366,4.4,125,TRUE
KW-0021,2026-06-15,Heritage Dental Group,ChIJFxfGGMoKOlJZ,11,267,4.2,136,TRUE
KW-0021,2026-06-15,Round Rock Dental Studio,ChIJqNKzcVuJZtfN,14,132,3.6,79,TRUE
KW-0021,2026-06-22,Heritage Dental Group,ChIJFxfGGMoKOlJZ,7,269,4.2,133,TRUE
KW-0021,2026-06-22,Prime Care Dentistry,ChIJk2tz3r1HuSbo,7,370,4.4,126,TRUE
KW-0021,2026-06-22,Round Rock Dental Studio,ChIJqNKzcVuJZtfN,12,135,3.6,83,TRUE
KW-0021,2026-06-29,Prime Care Dentistry,ChIJk2tz3r1HuSbo,3,370,4.4,129,TRUE
KW-0021,2026-06-29,Heritage Dental Group,ChIJFxfGGMoKOlJZ,6,277,4.2,138,TRUE
KW-0021,2026-06-29,Round Rock Dental Studio,ChIJqNKzcVuJZtfN,11,140,3.6,80,TRUE
KW-0021,2026-07-06,Round Rock Dental Studio,ChIJqNKzcVuJZtfN,7,147,3.6,79,TRUE
KW-0021,2026-07-06,Prime Care Dentistry,ChIJk2tz3r1HuSbo,10,375,4.4,129,TRUE
KW-0021,2026-07-06,Heritage Dental Group,ChIJFxfGGMoKOlJZ,13,276,4.2,137,TRUE
KW-0021,2026-07-13,Prime Care Dentistry,ChIJk2tz3r1HuSbo,5,378,4.4,128,TRUE
KW-0021,2026-07-13,Round Rock Dental Studio,ChIJqNKzcVuJZtfN,6,148,3.6,84,TRUE
KW-0021,2026-07-13,Heritage Dental Group,ChIJFxfGGMoKOlJZ,8,287,4.2,133,TRUE
KW-0021,2026-07-20,Heritage Dental Group,ChIJFxfGGMoKOlJZ,8,292,4.2,133,TRUE
KW-0021,2026-07-20,Prime Care Dentistry,ChIJk2tz3r1HuSbo,11,391,4.4,129,TRUE
KW-0021,2026-07-20,Round Rock Dental Studio,ChIJqNKzcVuJZtfN,14,152,3.6,84,TRUE
KW-0021,2026-07-27,Prime Care Dentistry,ChIJk2tz3r1HuSbo,5,378,4.4,126,TRUE
KW-0021,2026-07-27,Round Rock Dental Studio,ChIJqNKzcVuJZtfN,9,150,3.6,79,TRUE
KW-0021,2026-07-27,Heritage Dental Group,ChIJFxfGGMoKOlJZ,15,285,4.2,134,TRUE
KW-0021,2026-08-03,Round Rock Dental Studio,ChIJqNKzcVuJZtfN,2,160,3.6,79,TRUE
KW-0021,2026-08-03,Prime Care Dentistry,ChIJk2tz3r1HuSbo,6,394,4.4,125,TRUE
KW-0021,2026-08-03,Heritage Dental Group,ChIJFxfGGMoKOlJZ,11,302,4.2,135,TRUE
KW-0021,2026-08-10,Round Rock Dental Studio,ChIJqNKzcVuJZtfN,10,164,3.6,80,TRUE
KW-0021,2026-08-10,Heritage Dental Group,ChIJFxfGGMoKOlJZ,14,307,4.2,138,TRUE
KW-0021,2026-08-10,Prime Care Dentistry,ChIJk2tz3r1HuSbo,14,406,4.4,130,TRUE
KW-0021,2026-08-17,Prime Care Dentistry,ChIJk2tz3r1HuSbo,7,402,4.4,127,TRUE
KW-0021,2026-08-17,Heritage Dental Group,ChIJFxfGGMoKOlJZ,9,303,4.2,137,TRUE
KW-0021,2026-08-17,Round Rock Dental Studio,ChIJqNKzcVuJZtfN,12,150,3.6,79,TRUE
KW-0021,2026-08-24,Round Rock Dental Studio,ChIJqNKzcVuJZtfN,6,182,3.6,82,TRUE
KW-0021,2026-08-24,Heritage Dental Group,ChIJFxfGGMoKOlJZ,12,287,4.2,135,TRUE
KW-0021,2026-08-24,Prime Care Dentistry,ChIJk2tz3r1HuSbo,13,406,4.4,130,TRUE
KW-0021,2026-08-31,Heritage Dental Group,ChIJFxfGGMoKOlJZ,8,311,4.2,136,TRUE
KW-0021,2026-08-31,Round Rock Dental Studio,ChIJqNKzcVuJZtfN,10,187,3.6,80,TRUE
KW-0021,2026-08-31,Prime Care Dentistry,ChIJk2tz3r1HuSbo,13,421,4.4,126,TRUE
KW-0021,2026-09-07,Prime Care Dentistry,ChIJk2tz3r1HuSbo,8,390,4.4,126,TRUE
KW-0021,2026-09-07,Round Rock Dental Studio,ChIJqNKzcVuJZtfN,14,168,3.6,81,TRUE
KW-0021,2026-09-07,Heritage Dental Group,ChIJFxfGGMoKOlJZ,16,327,4.2,135,TRUE
KW-0022,2026-06-15,Round Rock Dental Studio,ChIJqNKzcVuJZtfN,8,132,3.6,82,TRUE
KW-0022,2026-06-15,Heritage Dental Group,ChIJFxfGGMoKOlJZ,13,267,4.2,133,TRUE
KW-0022,2026-06-15,Prime Care Dentistry,ChIJk2tz3r1HuSbo,15,366,4.4,125,TRUE
KW-0022,2026-06-22,Heritage Dental Group,ChIJFxfGGMoKOlJZ,8,270,4.2,136,TRUE
KW-0022,2026-06-22,Prime Care Dentistry,ChIJk2tz3r1HuSbo,10,371,4.4,129,TRUE
KW-0022,2026-06-22,Round Rock Dental Studio,ChIJqNKzcVuJZtfN,11,134,3.6,84,TRUE
KW-0022,2026-06-29,Round Rock Dental Studio,ChIJqNKzcVuJZtfN,7,140,3.6,80,TRUE
KW-0022,2026-06-29,Heritage Dental Group,ChIJFxfGGMoKOlJZ,9,275,4.2,134,TRUE
KW-0022,2026-06-29,Prime Care Dentistry,ChIJk2tz3r1HuSbo,16,376,4.4,128,TRUE
KW-0022,2026-07-06,Round Rock Dental Studio,ChIJqNKzcVuJZtfN,7,141,3.6,81,TRUE
KW-0022,2026-07-06,Prime Care Dentistry,ChIJk2tz3r1HuSbo,10,378,4.4,130,TRUE
KW-0022,2026-07-06,Heritage Dental Group,ChIJFxfGGMoKOlJZ,10,276,4.2,137,TRUE
KW-0022,2026-07-13,Heritage Dental Group,ChIJFxfGGMoKOlJZ,10,279,4.2,135,TRUE
KW-0022,2026-07-13,Prime Care Dentistry,ChIJk2tz3r1HuSbo,13,378,4.4,126,TRUE
KW-0022,2026-07-13,Round Rock Dental Studio,ChIJqNKzcVuJZtfN,19,144,3.6,79,TRUE
KW-0022,2026-07-20,Prime Care Dentistry,ChIJk2tz3r1HuSbo,12,386,4.4,125,TRUE
KW-0022,2026-07-20,Heritage Dental Group,ChIJFxfGGMoKOlJZ,13,287,4.2,136,TRUE
KW-0022,2026-07-20,Round Rock Dental Studio,ChIJqNKzcVuJZtfN,17,157,3.6,80,TRUE
KW-0022,2026-07-27,Round Rock Dental Studio,ChIJqNKzcVuJZtfN,9,150,3.6,83,TRUE
KW-0022,2026-07-27,Heritage Dental Group,ChIJFxfGGMoKOlJZ,12,285,4.2,133,TRUE
KW-0022,2026-07-27,Prime Care Dentistry,ChIJk2tz3r1HuSbo,15,390,4.4,128,TRUE
KW-0022,2026-08-03,Heritage Dental Group,ChIJFxfGGMoKOlJZ,10,295,4.2,135,TRUE
KW-0022,2026-08-03,Prime Care Dentistry,ChIJk2tz3r1HuSbo,11,394,4.4,127,TRUE
KW-0022,2026-08-03,Round Rock Dental Studio,ChIJqNKzcVuJZtfN,17,167,3.6,79,TRUE
KW-0022,2026-08-10,Heritage Dental Group,ChIJFxfGGMoKOlJZ,8,291,4.2,135,TRUE
KW-0022,2026-08-10,Round Rock Dental Studio,ChIJqNKzcVuJZtfN,10,156,3.6,83,TRUE
KW-0022,2026-08-10,Prime Care Dentistry,ChIJk2tz3r1HuSbo,17,398,4.4,126,TRUE
KW-0022,2026-08-17,Round Rock Dental Studio,ChIJqNKzcVuJZtfN,9,168,3.6,84,TRUE
KW-0022,2026-08-17,Heritage Dental Group,ChIJFxfGGMoKOlJZ,16,294,4.2,135,TRUE
KW-0022,2026-08-17,Prime Care Dentistry,ChIJk2tz3r1HuSbo,19,402,4.4,128,TRUE
KW-0022,2026-08-24,Prime Care Dentistry,ChIJk2tz3r1HuSbo,10,406,4.4,129,TRUE
KW-0022,2026-08-24,Heritage Dental Group,ChIJFxfGGMoKOlJZ,15,317,4.2,137,TRUE
KW-0022,2026-08-24,Round Rock Dental Studio,ChIJqNKzcVuJZtfN,17,152,3.6,79,TRUE
KW-0022,2026-08-31,Heritage Dental Group,ChIJFxfGGMoKOlJZ,8,311,4.2,137,TRUE
KW-0022,2026-08-31,Round Rock Dental Studio,ChIJqNKzcVuJZtfN,12,176,3.6,82,TRUE
KW-0022,2026-08-31,Prime Care Dentistry,ChIJk2tz3r1HuSbo,14,410,4.4,125,TRUE
KW-0022,2026-09-07,Round Rock Dental Studio,ChIJqNKzcVuJZtfN,7,156,3.6,82,TRUE
KW-0022,2026-09-07,Heritage Dental Group,ChIJFxfGGMoKOlJZ,11,327,4.2,135,TRUE
KW-0022,2026-09-07,Prime Care Dentistry,ChIJk2tz3r1HuSbo,15,390,4.4,127,TRUE
KW-0023,2026-06-15,Prime Care Dentistry,ChIJk2tz3r1HuSbo,10,366,4.4,130,TRUE
KW-0023,2026-06-15,Heritage Dental Group,ChIJFxfGGMoKOlJZ,13,267,4.2,135,TRUE
KW-0023,2026-06-15,Round Rock Dental Studio,ChIJqNKzcVuJZtfN,12,132,3.6,81,TRUE
KW-0023,2026-06-22,Heritage Dental Group,ChIJFxfGGMoKOlJZ,7,271,4.2,135,TRUE
KW-0023,2026-06-22,Prime Care Dentistry,ChIJk2tz3r1HuSbo,12,369,4.4,129,TRUE
KW-0023,2026-06-22,Round Rock Dental Studio,ChIJqNKzcVuJZtfN,15,135,3.6,84,TRUE
KW-0023,2026-06-29,Prime Care Dentistry,ChIJk2tz3r1HuSbo,7,374,4.4,127,TRUE
KW-0023,2026-06-29,Round Rock Dental Studio,ChIJqNKzcVuJZtfN,12,142,3.6,83,TRUE
KW-0023,2026-06-29,Heritage Dental Group,ChIJFxfGGMoKOlJZ,15,277,4.2,133,TRUE
KW-0023,2026-07-06,Heritage Dental Group,ChIJFxfGGMoKOlJZ,8,282,4.2,135,TRUE
KW-0023,2026-07-06,Prime Care Dentistry,ChIJk2tz3r1HuSbo,13,381,4.4,128,TRUE
KW-0023,2026-07-06,Round Rock Dental Studio,ChIJqNKzcVuJZtfN,13,138,3.6,82,TRUE
KW-0023,2026-07-13,Round Rock Dental Studio,ChIJqNKzcVuJZtfN,7,144,3.6,83,TRUE
KW-0023,2026-07-13,Prime Care Dentistry,ChIJk2tz3r1HuSbo,11,374,4.4,128,TRUE
KW-0023,2026-07-13,Heritage Dental Group,ChIJFxfGGMoKOlJZ,14,275,4.2,136,TRUE
KW-0023,2026-07-20,Prime Care Dentistry,ChIJk2tz3r1HuSbo,13,376,4.4,127,TRUE
KW-0023,2026-07-20,Round Rock Dental Studio,ChIJqNKzcVuJZtfN,13,152,3.6,83,TRUE
KW-0023,2026-07-20,Heritage Dental Group,ChIJFxfGGMoKOlJZ,18,277,4.2,133,TRUE
KW-0023,2026-07-27,Heritage Dental Group,ChIJFxfGGMoKOlJZ,11,297,4.2,134,TRUE
KW-0023,2026-07-27,Round Rock Dental Studio,ChIJqNKzcVuJZtfN,15,156,3.6,84,TRUE
KW-0023,2026-07-27,Prime Care Dentistry,ChIJk2tz3r1HuSbo,17,396,4.4,129,TRUE
KW-0023,2026-08-03,Round Rock Dental Studio,ChIJqNKzcVuJZtfN,13,146,3.6,83,TRUE
KW-0023,2026-08-03,Heritage Dental Group,ChIJFxfGGMoKOlJZ,15,288,4.2,133,TRUE
KW-0023,2026-08-03,Prime Care Dentistry,ChIJk2tz3r1HuSbo,17,401,4.4,128,TRUE
KW-0023,2026-08-10,Round Rock Dental Studio,ChIJqNKzcVuJZtfN,7,156,3.6,83,TRUE
KW-0023,2026-08-10,Prime Care Dentistry,ChIJk2tz3r1HuSbo,12,382,4.4,128,TRUE
KW-0023,2026-08-10,Heritage Dental Group,ChIJFxfGGMoKOlJZ,11,291,4.2,134,TRUE
KW-0023,2026-08-17,Heritage Dental Group,ChIJFxfGGMoKOlJZ,11,312,4.2,136,TRUE
KW-0023,2026-08-17,Round Rock Dental Studio,ChIJqNKzcVuJZtfN,16,150,3.6,83,TRUE
KW-0023,2026-08-17,Prime Care Dentistry,ChIJk2tz3r1HuSbo,19,402,4.4,128,TRUE
KW-0023,2026-08-24,Heritage Dental Group,ChIJFxfGGMoKOlJZ,12,297,4.2,133,TRUE
KW-0023,2026-08-24,Round Rock Dental Studio,ChIJqNKzcVuJZtfN,15,152,3.6,83,TRUE
KW-0023,2026-08-24,Prime Care Dentistry,ChIJk2tz3r1HuSbo,15,406,4.4,125,TRUE
KW-0023,2026-08-31,Heritage Dental Group,ChIJFxfGGMoKOlJZ,12,322,4.2,138,TRUE
KW-0023,2026-08-31,Prime Care Dentistry,ChIJk2tz3r1HuSbo,16,388,4.4,126,TRUE
KW-0023,2026-08-31,Round Rock Dental Studio,ChIJqNKzcVuJZtfN,18,176,3.6,84,TRUE
KW-0023,2026-09-07,Prime Care Dentistry,ChIJk2tz3r1HuSbo,10,414,4.4,130,TRUE
KW-0023,2026-09-07,Round Rock Dental Studio,ChIJqNKzcVuJZtfN,15,192,3.6,84,TRUE
KW-0023,2026-09-07,Heritage Dental Group,ChIJFxfGGMoKOlJZ,17,315,4.2,136,TRUE
KW-0024,2026-06-15,Heritage Dental Group,ChIJFxfGGMoKOlJZ,5,267,4.2,134,TRUE
KW-0024,2026-06-15,Prime Care Dentistry,ChIJk2tz3r1HuSbo,9,366,4.4,129,TRUE
KW-0024,2026-06-15,Round Rock Dental Studio,ChIJqNKzcVuJZtfN,14,132,3.6,79,TRUE
KW-0024,2026-06-22,Heritage Dental Group,ChIJFxfGGMoKOlJZ,5,272,4.2,138,TRUE
KW-0024,2026-06-22,Round Rock Dental Studio,ChIJqNKzcVuJZtfN,9,135,3.6,84,TRUE
KW-0024,2026-06-22,Prime Care Dentistry,ChIJk2tz3r1HuSbo,9,369,4.4,130,TRUE
KW-0024,2026-06-29,Prime Care Dentistry,ChIJk2tz3r1HuSbo,8,370,4.4,125,TRUE
KW-0024,2026-06-29,Round Rock Dental Studio,ChIJqNKzcVuJZtfN,10,142,3.6,81,TRUE
KW-0024,2026-06-29,Heritage Dental Group,ChIJFxfGGMoKOlJZ,14,273,4.2,135,TRUE
KW-0024,2026-07-06,Heritage Dental Group,ChIJFxfGGMoKOlJZ,6,276,4.2,135,TRUE
KW-0024,2026-07-06,Prime Care Dentistry,ChIJk2tz3r1HuSbo,10,378,4.4,126,TRUE
KW-0024,2026-07-06,Round Rock Dental Studio,ChIJqNKzcVuJZtfN,10,147,3.6,83,TRUE
KW-0024,2026-07-13,Round Rock Dental Studio,ChIJqNKzcVuJZtfN,6,144,3.6,79,TRUE
KW-0024,2026-07-13,Heritage Dental Group,ChIJFxfGGMoKOlJZ,11,275,4.2,135,TRUE
KW-0024,2026-07-13,Prime Care Dentistry,ChIJk2tz3r1HuSbo,13,378,4.4,126,TRUE
KW-0024,2026-07-20,Prime Care Dentistry,ChIJk2tz3r1HuSbo,8,376,4.4,128,TRUE
KW-0024,2026-07-20,Heritage Dental Group,ChIJFxfGGMoKOlJZ,14,277,4.2,137,TRUE
KW-0024,2026-07-20,Round Rock Dental Studio,ChIJqNKzcVuJZtfN,14,152,3.6,79,TRUE
KW-0024,2026-07-27,Prime Care Dentistry,ChIJk2tz3r1HuSbo,5,378,4.4,126,TRUE
KW-0024,2026-07-27,Round Rock Dental Studio,ChIJqNKzcVuJZtfN,9,162,3.6,84,TRUE
KW-0024,2026-07-27,Heritage Dental Group,ChIJFxfGGMoKOlJZ,10,285,4.2,135,TRUE
KW-0024,2026-08-03,Heritage Dental Group,ChIJFxfGGMoKOlJZ,4,281,4.2,137,TRUE
KW-0024,2026-08-03,Round Rock Dental Studio,ChIJqNKzcVuJZtfN,9,146,3.6,79,TRUE
KW-0024,2026-08-03,Prime Care Dentistry,ChIJk2tz3r1HuSbo,13,394,4.4,126,TRUE
KW-0024,2026-08-10,Round Rock Dental Studio,ChIJqNKzcVuJZtfN,7,148,3.6,80,TRUE
KW-0024,2026-08-10,Heritage Dental Group,ChIJFxfGGMoKOlJZ,9,283,4.2,135,TRUE
KW-0024,2026-08-10,Prime Care Dentistry,ChIJk2tz3r1HuSbo,14,382,4.4,129,TRUE
KW-0024,2026-08-17,Round Rock Dental Studio,ChIJqNKzcVuJZtfN,8,177,3.6,83,TRUE
KW-0024,2026-08-17,Prime Care Dentistry,ChIJk2tz3r1HuSbo,12,411,4.4,128,TRUE
KW-0024,2026-08-17,Heritage Dental Group,ChIJFxfGGMoKOlJZ,14,285,4.2,133,TRUE
KW-0024,2026-08-24,Round Rock Dental Studio,ChIJqNKzcVuJZtfN,6,152,3.6,82,TRUE
KW-0024,2026-08-24,Prime Care Dentistry,ChIJk2tz3r1HuSbo,8,416,4.4,130,TRUE
KW-0024,2026-08-24,Heritage Dental Group,ChIJFxfGGMoKOlJZ,11,287,4.2,136,TRUE
KW-0024,2026-08-31,Heritage Dental Group,ChIJFxfGGMoKOlJZ,7,322,4.2,133,TRUE
KW-0024,2026-08-31,Prime Care Dentistry,ChIJk2tz3r1HuSbo,8,388,4.4,129,TRUE
KW-0024,2026-08-31,Round Rock Dental Studio,ChIJqNKzcVuJZtfN,10,187,3.6,84,TRUE
KW-0024,2026-09-07,Heritage Dental Group,ChIJFxfGGMoKOlJZ,8,291,4.2,133,TRUE
KW-0024,2026-09-07,Round Rock Dental Studio,ChIJqNKzcVuJZtfN,12,192,3.6,80,TRUE
KW-0024,2026-09-07,Prime Care Dentistry,ChIJk2tz3r1HuSbo,14,414,4.4,127,TRUE
KW-0025,2026-06-15,Heritage Dental Group,ChIJFxfGGMoKOlJZ,13,267,4.2,138,TRUE
KW-0025,2026-06-15,Round Rock Dental Studio,ChIJqNKzcVuJZtfN,12,132,3.6,81,TRUE
KW-0025,2026-06-15,Prime Care Dentistry,ChIJk2tz3r1HuSbo,17,366,4.4,130,TRUE
KW-0025,2026-06-22,Prime Care Dentistry,ChIJk2tz3r1HuSbo,11,370,4.4,129,TRUE
KW-0025,2026-06-22,Round Rock Dental Studio,ChIJqNKzcVuJZtfN,14,136,3.6,81,TRUE
KW-0025,2026-06-22,Heritage Dental Group,ChIJFxfGGMoKOlJZ,17,269,4.2,135,TRUE
KW-0025,2026-06-29,Heritage Dental Group,ChIJFxfGGMoKOlJZ,10,273,4.2,137,TRUE
KW-0025,2026-06-29,Prime Care Dentistry,ChIJk2tz3r1HuSbo,13,372,4.4,125,TRUE
KW-0025,2026-06-29,Round Rock Dental Studio,ChIJqNKzcVuJZtfN,15,136,3.6,80,TRUE
KW-0025,2026-07-06,Prime Care Dentistry,ChIJk2tz3r1HuSbo,14,372,4.4,127,TRUE
KW-0025,2026-07-06,Heritage Dental Group,ChIJFxfGGMoKOlJZ,16,279,4.2,133,TRUE
KW-0025,2026-07-06,Round Rock Dental Studio,ChIJqNKzcVuJZtfN,17,147,3.6,82,TRUE
KW-0025,2026-07-13,Prime Care Dentistry,ChIJk2tz3r1HuSbo,7,378,4.4,128,TRUE
KW-0025,2026-07-13,Heritage Dental Group,ChIJFxfGGMoKOlJZ,11,275,4.2,138,TRUE
KW-0025,2026-07-13,Round Rock Dental Studio,ChIJqNKzcVuJZtfN,11,148,3.6,79,TRUE
KW-0025,2026-07-20,Prime Care Dentistry,ChIJk2tz3r1HuSbo,12,391,4.4,128,TRUE
KW-0025,2026-07-20,Heritage Dental Group,ChIJFxfGGMoKOlJZ,12,277,4.2,137,TRUE
KW-0025,2026-07-20,Round Rock Dental Studio,ChIJqNKzcVuJZtfN,17,157,3.6,82,TRUE
KW-0025,2026-07-27,Heritage Dental Group,ChIJFxfGGMoKOlJZ,12,285,4.2,134,TRUE
KW-0025,2026-07-27,Prime Care Dentistry,ChIJk2tz3r1HuSbo,14,390,4.4,125,TRUE
KW-0025,2026-07-27,Round Rock Dental Studio,ChIJqNKzcVuJZtfN,16,156,3.6,83,TRUE
KW-0025,2026-08-03,Round Rock Dental Studio,ChIJqNKzcVuJZtfN,10,146,3.6,79,TRUE
KW-0025,2026-08-03,Prime Care Dentistry,ChIJk2tz3r1HuSbo,13,394,4.4,126,TRUE
KW-0025,2026-08-03,Heritage Dental Group,ChIJFxfGGMoKOlJZ,17,281,4.2,136,TRUE
KW-0025,2026-08-10,Prime Care Dentistry,ChIJk2tz3r1HuSbo,6,406,4.4,125,TRUE
KW-0025,2026-08-10,Round Rock Dental Studio,ChIJqNKzcVuJZtfN,8,164,3.6,83,TRUE
KW-0025,2026-08-10,Heritage Dental Group,ChIJFxfGGMoKOlJZ,14,283,4.2,136,TRUE
KW-0025,2026-08-17,Prime Care Dentistry,ChIJk2tz3r1HuSbo,7,393,4.4,130,TRUE
KW-0025,2026-08-17,Heritage Dental Group,ChIJFxfGGMoKOlJZ,10,285,4.2,134,TRUE
KW-0025,2026-08-17,Round Rock Dental Studio,ChIJqNKzcVuJZtfN,11,159,3.6,84,TRUE
KW-0025,2026-08-24,Prime Care Dentistry,ChIJk2tz3r1HuSbo,9,386,4.4,130,TRUE
KW-0025,2026-08-24,Heritage Dental Group,ChIJFxfGGMoKOlJZ,14,287,4.2,138,TRUE
KW-0025,2026-08-24,Round Rock Dental Studio,ChIJqNKzcVuJZtfN,15,162,3.6,81,TRUE
KW-0025,2026-08-31,Round Rock Dental Studio,ChIJqNKzcVuJZtfN,4,165,3.6,80,TRUE
KW-0025,2026-08-31,Prime Care Dentistry,ChIJk2tz3r1HuSbo,10,421,4.4,125,TRUE
KW-0025,2026-08-31,Heritage Dental Group,ChIJFxfGGMoKOlJZ,15,311,4.2,134,TRUE
KW-0025,2026-09-07,Prime Care Dentistry,ChIJk2tz3r1HuSbo,7,426,4.4,127,TRUE
KW-0025,2026-09-07,Heritage Dental Group,ChIJFxfGGMoKOlJZ,8,303,4.2,135,TRUE
KW-0025,2026-09-07,Round Rock Dental Studio,ChIJqNKzcVuJZtfN,12,168,3.6,83,TRUE
KW-0026,2026-06-15,Round Rock Dental Studio,ChIJqNKzcVuJZtfN,7,132,3.6,82,TRUE
KW-0026,2026-06-15,Heritage Dental Group,ChIJFxfGGMoKOlJZ,9,267,4.2,136,TRUE
KW-0026,2026-06-15,Prime Care Dentistry,ChIJk2tz3r1HuSbo,13,366,4.4,126,TRUE
KW-0026,2026-06-22,Heritage Dental Group,ChIJFxfGGMoKOlJZ,9,272,4.2,138,TRUE
KW-0026,2026-06-22,Prime Care Dentistry,ChIJk2tz3r1HuSbo,16,370,4.4,127,TRUE
KW-0026,2026-06-22,Round Rock Dental Studio,ChIJqNKzcVuJZtfN,17,135,3.6,81,TRUE
KW-0026,2026-06-29,Prime Care Dentistry,ChIJk2tz3r1HuSbo,7,372,4.4,128,TRUE
KW-0026,2026-06-29,Round Rock Dental Studio,ChIJqNKzcVuJZtfN,13,140,3.6,79,TRUE
KW-0026,2026-06-29,Heritage Dental Group,ChIJFxfGGMoKOlJZ,13,275,4.2,138,TRUE
KW-0026,2026-07-06,Heritage Dental Group,ChIJFxfGGMoKOlJZ,10,276,4.2,137,TRUE
KW-0026,2026-07-06,Round Rock Dental Studio,ChIJqNKzcVuJZtfN,15,141,3.6,83,TRUE
KW-0026,2026-07-06,Prime Care Dentistry,ChIJk2tz3r1HuSbo,17,378,4.4,127,TRUE
KW-0026,2026-07-13,Round Rock Dental Studio,ChIJqNKzcVuJZtfN,6,152,3.6,84,TRUE
KW-0026,2026-07-13,Prime Care Dentistry,ChIJk2tz3r1HuSbo,10,386,4.4,125,TRUE
KW-0026,2026-07-13,Heritage Dental Group,ChIJFxfGGMoKOlJZ,11,287,4.2,135,TRUE
KW-0026,2026-07-20,Heritage Dental Group,ChIJFxfGGMoKOlJZ,11,292,4.2,133,TRUE
KW-0026,2026-07-20,Prime Care Dentistry,ChIJk2tz3r1HuSbo,14,376,4.4,126,TRUE
KW-0026,2026-07-20,Round Rock Dental Studio,ChIJqNKzcVuJZtfN,20,157,3.6,81,TRUE
KW-0026,2026-07-27,Prime Care Dentistry,ChIJk2tz3r1HuSbo,10,390,4.4,129,TRUE
KW-0026,2026-07-27,Round Rock Dental Studio,ChIJqNKzcVuJZtfN,10,144,3.6,79,TRUE
KW-0026,2026-07-27,Heritage Dental Group,ChIJFxfGGMoKOlJZ,16,297,4.2,136,TRUE
KW-0026,2026-08-03,Prime Care Dentistry,ChIJk2tz3r1HuSbo,12,387,4.4,130,TRUE
KW-0026,2026-08-03,Heritage Dental Group,ChIJFxfGGMoKOlJZ,14,288,4.2,133,TRUE
KW-0026,2026-08-03,Round Rock Dental Studio,ChIJqNKzcVuJZtfN,20,167,3.6,82,TRUE
KW-0026,2026-08-10,Prime Care Dentistry,ChIJk2tz3r1HuSbo,10,398,4.4,128,TRUE
KW-0026,2026-08-10,Round Rock Dental Studio,ChIJqNKzcVuJZtfN,11,172,3.6,81,TRUE
KW-0026,2026-08-10,Heritage Dental Group,ChIJFxfGGMoKOlJZ,17,299,4.2,134,TRUE
KW-0026,2026-08-17,Round Rock Dental Studio,ChIJqNKzcVuJZtfN,8,168,3.6,79,TRUE
KW-0026,2026-08-17,Heritage Dental Group,ChIJFxfGGMoKOlJZ,12,294,4.2,133,TRUE
KW-0026,2026-08-17,Prime Care Dentistry,ChIJk2tz3r1HuSbo,15,411,4.4,128,TRUE
KW-0026,2026-08-24,Round Rock Dental Studio,ChIJqNKzcVuJZtfN,6,162,3.6,84,TRUE
KW-0026,2026-08-24,Prime Care Dentistry,ChIJk2tz3r1HuSbo,11,386,4.4,126,TRUE
KW-0026,2026-08-24,Heritage Dental Group,ChIJFxfGGMoKOlJZ,15,287,4.2,137,TRUE
KW-0026,2026-08-31,Heritage Dental Group,ChIJFxfGGMoKOlJZ,6,311,4.2,134,TRUE
KW-0026,2026-08-31,Round Rock Dental Studio,ChIJqNKzcVuJZtfN,12,187,3.6,83,TRUE
KW-0026,2026-08-31,Prime Care Dentistry,ChIJk2tz3r1HuSbo,14,410,4.4,125,TRUE
KW-0026,2026-09-07,Heritage Dental Group,ChIJFxfGGMoKOlJZ,14,315,4.2,133,TRUE
KW-0026,2026-09-07,Round Rock Dental Studio,ChIJqNKzcVuJZtfN,16,156,3.6,81,TRUE
KW-0026,2026-09-07,Prime Care Dentistry,ChIJk2tz3r1HuSbo,17,390,4.4,127,TRUE
KW-0027,2026-06-15,Northpoint Dental Associates,ChIJiCLDFchLEOSl,7,246,3.8,64,TRUE
KW-0027,2026-06-15,Prestige Dental Studio,ChIJeGwHnffLMxei,10,124,3.8,93,TRUE
KW-0027,2026-06-15,Dallas Family Dentistry,ChIJBuby6H3SxNdY,14,233,3.9,116,TRUE
KW-0027,2026-06-22,Northpoint Dental Associates,ChIJiCLDFchLEOSl,7,250,3.8,67,TRUE
KW-0027,2026-06-22,Deep Ellum Dental Care,ChIJHxFPEytZlxBn,13,188,4.4,66,TRUE
KW-0027,2026-06-22,SmileWorks Dental,ChIJ2KAHZpKLxiHL,15,393,3.8,99,TRUE
KW-0027,2026-06-29,SmileWorks Dental,ChIJ2KAHZpKLxiHL,11,400,3.8,102,TRUE
KW-0027,2026-06-29,Dallas Family Dentistry,ChIJBuby6H3SxNdY,15,239,3.9,115,TRUE
KW-0027,2026-06-29,Northpoint Dental Associates,ChIJiCLDFchLEOSl,19,256,3.8,69,TRUE
KW-0027,2026-07-06,Dallas Family Dentistry,ChIJBuby6H3SxNdY,10,245,3.9,116,TRUE
KW-0027,2026-07-06,Prestige Dental Studio,ChIJeGwHnffLMxei,16,139,3.8,97,TRUE
KW-0027,2026-07-06,Northpoint Dental Associates,ChIJiCLDFchLEOSl,18,261,3.8,66,TRUE
KW-0027,2026-07-13,Dallas Family Dentistry,ChIJBuby6H3SxNdY,9,249,3.9,116,TRUE
KW-0027,2026-07-13,SmileWorks Dental,ChIJ2KAHZpKLxiHL,12,398,3.8,99,TRUE
KW-0027,2026-07-13,Northpoint Dental Associates,ChIJiCLDFchLEOSl,14,254,3.8,66,TRUE
KW-0027,2026-07-20,Deep Ellum Dental Care,ChIJHxFPEytZlxBn,14,200,4.4,61,TRUE
KW-0027,2026-07-20,Dallas Family Dentistry,ChIJBuby6H3SxNdY,16,248,3.9,118,TRUE
KW-0027,2026-07-20,Northpoint Dental Associates,ChIJiCLDFchLEOSl,18,266,3.8,69,TRUE
KW-0027,2026-07-27,Deep Ellum Dental Care,ChIJHxFPEytZlxBn,11,209,4.4,61,TRUE
KW-0027,2026-07-27,Northpoint Dental Associates,ChIJiCLDFchLEOSl,14,264,3.8,66,TRUE
KW-0027,2026-07-27,Dallas Family Dentistry,ChIJBuby6H3SxNdY,15,257,3.9,118,TRUE
KW-0027,2026-08-03,Dallas Family Dentistry,ChIJBuby6H3SxNdY,10,261,3.9,116,TRUE
KW-0027,2026-08-03,Northpoint Dental Associates,ChIJiCLDFchLEOSl,12,260,3.8,67,TRUE
KW-0027,2026-08-03,Prestige Dental Studio,ChIJeGwHnffLMxei,16,152,3.8,96,TRUE
KW-0027,2026-08-10,SmileWorks Dental,ChIJ2KAHZpKLxiHL,6,414,3.8,102,TRUE
KW-0027,2026-08-10,Dallas Family Dentistry,ChIJBuby6H3SxNdY,10,265,3.9,116,TRUE
KW-0027,2026-08-10,Deep Ellum Dental Care,ChIJHxFPEytZlxBn,14,225,4.4,62,TRUE
KW-0027,2026-08-17,Dallas Family Dentistry,ChIJBuby6H3SxNdY,11,278,3.9,118,TRUE
KW-0027,2026-08-17,SmileWorks Dental,ChIJ2KAHZpKLxiHL,14,426,3.8,100,TRUE
KW-0027,2026-08-17,Deep Ellum Dental Care,ChIJHxFPEytZlxBn,16,212,4.4,61,TRUE
KW-0027,2026-08-24,SmileWorks Dental,ChIJ2KAHZpKLxiHL,9,430,3.8,98,TRUE
KW-0027,2026-08-24,Deep Ellum Dental Care,ChIJHxFPEytZlxBn,11,235,4.4,61,TRUE
KW-0027,2026-08-24,Prestige Dental Studio,ChIJeGwHnffLMxei,14,144,3.8,97,TRUE
KW-0027,2026-08-31,Deep Ellum Dental Care,ChIJHxFPEytZlxBn,12,240,4.4,65,TRUE
KW-0027,2026-08-31,Dallas Family Dentistry,ChIJBuby6H3SxNdY,13,277,3.9,117,TRUE
KW-0027,2026-08-31,Prestige Dental Studio,ChIJeGwHnffLMxei,17,146,3.8,94,TRUE
KW-0027,2026-09-07,Northpoint Dental Associates,ChIJiCLDFchLEOSl,14,270,3.8,65,TRUE
KW-0027,2026-09-07,Deep Ellum Dental Care,ChIJHxFPEytZlxBn,16,245,4.4,63,TRUE
KW-0027,2026-09-07,Dallas Family Dentistry,ChIJBuby6H3SxNdY,19,293,3.9,115,TRUE
KW-0028,2026-06-15,Deep Ellum Dental Care,ChIJHxFPEytZlxBn,6,185,4.4,62,TRUE
KW-0028,2026-06-15,Prestige Dental Studio,ChIJeGwHnffLMxei,10,124,3.8,93,TRUE
KW-0028,2026-06-15,Northpoint Dental Associates,ChIJiCLDFchLEOSl,15,246,3.8,68,TRUE
KW-0028,2026-06-22,Prestige Dental Studio,ChIJeGwHnffLMxei,3,126,3.8,96,TRUE
KW-0028,2026-06-22,Northpoint Dental Associates,ChIJiCLDFchLEOSl,8,251,3.8,68,TRUE
KW-0028,2026-06-22,SmileWorks Dental,ChIJ2KAHZpKLxiHL,9,393,3.8,101,TRUE
KW-0028,2026-06-29,Deep Ellum Dental Care,ChIJHxFPEytZlxBn,10,195,4.4,63,TRUE
KW-0028,2026-06-29,Dallas Family Dentistry,ChIJBuby6H3SxNdY,13,239,3.9,115,TRUE
KW-0028,2026-06-29,SmileWorks Dental,ChIJ2KAHZpKLxiHL,17,394,3.8,100,TRUE
KW-0028,2026-07-06,Dallas Family Dentistry,ChIJBuby6H3SxNdY,11,242,3.9,117,TRUE
KW-0028,2026-07-06,Deep Ellum Dental Care,ChIJHxFPEytZlxBn,15,191,4.4,61,TRUE
KW-0028,2026-07-06,Prestige Dental Studio,ChIJeGwHnffLMxei,15,139,3.8,93,TRUE
KW-0028,2026-07-13,Dallas Family Dentistry,ChIJBuby6H3SxNdY,8,241,3.9,115,TRUE
KW-0028,2026-07-13,SmileWorks Dental,ChIJ2KAHZpKLxiHL,10,402,3.8,103,TRUE
KW-0028,2026-07-13,Deep Ellum Dental Care,ChIJHxFPEytZlxBn,14,197,4.4,66,TRUE
KW-0028,2026-07-20,Deep Ellum Dental Care,ChIJHxFPEytZlxBn,8,210,4.4,63,TRUE
KW-0028,2026-07-20,Northpoint Dental Associates,ChIJiCLDFchLEOSl,13,266,3.8,68,TRUE
KW-0028,2026-07-20,SmileWorks Dental,ChIJ2KAHZpKLxiHL,15,405,3.8,100,TRUE
KW-0028,2026-07-27,Dallas Family Dentistry,ChIJBuby6H3SxNdY,9,263,3.9,118,TRUE
KW-0028,2026-07-27,Prestige Dental Studio,ChIJeGwHnffLMxei,13,142,3.8,93,TRUE
KW-0028,2026-07-27,Deep Ellum Dental Care,ChIJHxFPEytZlxBn,18,197,4.4,63,TRUE
KW-0028,2026-08-03,Dallas Family Dentistry,ChIJBuby6H3SxNdY,8,261,3.9,120,TRUE
KW-0028,2026-08-03,Northpoint Dental Associates,ChIJiCLDFchLEOSl,11,260,3.8,68,TRUE
KW-0028,2026-08-03,Deep Ellum Dental Care,ChIJHxFPEytZlxBn,15,199,4.4,61,TRUE
KW-0028,2026-08-10,Deep Ellum Dental Care,ChIJHxFPEytZlxBn,9,217,4.4,66,TRUE
KW-0028,2026-08-10,Dallas Family Dentistry,ChIJBuby6H3SxNdY,12,265,3.9,117,TRUE
KW-0028,2026-08-10,SmileWorks Dental,ChIJ2KAHZpKLxiHL,16,422,3.8,102,TRUE
KW-0028,2026-08-17,Prestige Dental Studio,ChIJeGwHnffLMxei,7,142,3.8,97,TRUE
KW-0028,2026-08-17,Dallas Family Dentistry,ChIJBuby6H3SxNdY,12,260,3.9,117,TRUE
KW-0028,2026-08-17,SmileWorks Dental,ChIJ2KAHZpKLxiHL,14,417,3.8,102,TRUE
KW-0028,2026-08-24,Deep Ellum Dental Care,ChIJHxFPEytZlxBn,9,235,4.4,62,TRUE
KW-0028,2026-08-24,Prestige Dental Studio,ChIJeGwHnffLMxei,11,154,3.8,93,TRUE
KW-0028,2026-08-24,Northpoint Dental Associates,ChIJiCLDFchLEOSl,14,276,3.8,65,TRUE
KW-0028,2026-08-31,SmileWorks Dental,ChIJ2KAHZpKLxiHL,9,445,3.8,101,TRUE
KW-0028,2026-08-31,Prestige Dental Studio,ChIJeGwHnffLMxei,13,168,3.8,94,TRUE
KW-0028,2026-08-31,Northpoint Dental Associates,ChIJiCLDFchLEOSl,14,279,3.8,68,TRUE
KW-0028,2026-09-07,Deep Ellum Dental Care,ChIJHxFPEytZlxBn,9,233,4.4,65,TRUE
KW-0028,2026-09-07,Northpoint Dental Associates,ChIJiCLDFchLEOSl,10,282,3.8,65,TRUE
KW-0028,2026-09-07,Prestige Dental Studio,ChIJeGwHnffLMxei,16,160,3.8,95,TRUE
KW-0029,2026-06-15,Deep Ellum Dental Care,ChIJHxFPEytZlxBn,9,185,4.4,66,TRUE
KW-0029,2026-06-15,Northpoint Dental Associates,ChIJiCLDFchLEOSl,13,246,3.8,66,TRUE
KW-0029,2026-06-15,Prestige Dental Studio,ChIJeGwHnffLMxei,17,124,3.8,93,TRUE
KW-0029,2026-06-22,Northpoint Dental Associates,ChIJiCLDFchLEOSl,10,248,3.8,65,TRUE
KW-0029,2026-06-22,Dallas Family Dentistry,ChIJBuby6H3SxNdY,14,236,3.9,115,TRUE
KW-0029,2026-06-22,Deep Ellum Dental Care,ChIJHxFPEytZlxBn,18,189,4.4,61,TRUE
KW-0029,2026-06-29,Prestige Dental Studio,ChIJeGwHnffLMxei,7,132,3.8,97,TRUE
KW-0029,2026-06-29,SmileWorks Dental,ChIJ2KAHZpKLxiHL,13,394,3.8,103,TRUE
KW-0029,2026-06-29,Northpoint Dental Associates,ChIJiCLDFchLEOSl,16,254,3.8,69,TRUE
KW-0029,2026-07-06,Northpoint Dental Associates,ChIJiCLDFchLEOSl,8,261,3.8,65,TRUE
KW-0029,2026-07-06,SmileWorks Dental,ChIJ2KAHZpKLxiHL,8,396,3.8,100,TRUE
KW-0029,2026-07-06,Prestige Dental Studio,ChIJeGwHnffLMxei,11,133,3.8,93,TRUE
KW-0029,2026-07-13,Deep Ellum Dental Care,ChIJHxFPEytZlxBn,5,201,4.4,61,TRUE
KW-0029,2026-07-13,SmileWorks Dental,ChIJ2KAHZpKLxiHL,10,402,3.8,103,TRUE
KW-0029,2026-07-13,Northpoint Dental Associates,ChIJiCLDFchLEOSl,12,262,3.8,69,TRUE
KW-0029,2026-07-20,Dallas Family Dentistry,ChIJBuby6H3SxNdY,11,258,3.9,120,TRUE
KW-0029,2026-07-20,Prestige Dental Studio,ChIJeGwHnffLMxei,10,134,3.8,93,TRUE
KW-0029,2026-07-20,Deep Ellum Dental Care,ChIJHxFPEytZlxBn,15,205,4.4,61,TRUE
KW-0029,2026-07-27,Deep Ellum Dental Care,ChIJHxFPEytZlxBn,6,215,4.4,62,TRUE
KW-0029,2026-07-27,SmileWorks Dental,ChIJ2KAHZpKLxiHL,9,414,3.8,100,TRUE
KW-0029,2026-07-27,Dallas Family Dentistry,ChIJBuby6H3SxNdY,15,245,3.9,117,TRUE
KW-0029,2026-08-03,Northpoint Dental Associates,ChIJiCLDFchLEOSl,8,260,3.8,64,TRUE
KW-0029,2026-08-03,SmileWorks Dental,ChIJ2KAHZpKLxiHL,11,411,3.8,100,TRUE
KW-0029,2026-08-03,Prestige Dental Studio,ChIJeGwHnffLMxei,15,145,3.8,92,TRUE
KW-0029,2026-08-10,Prestige Dental Studio,ChIJeGwHnffLMxei,6,156,3.8,97,TRUE
KW-0029,2026-08-10,Deep Ellum Dental Care,ChIJHxFPEytZlxBn,10,209,4.4,63,TRUE
KW-0029,2026-08-10,SmileWorks Dental,ChIJ2KAHZpKLxiHL,14,422,3.8,99,TRUE
KW-0029,2026-08-17,Dallas Family Dentistry,ChIJBuby6H3SxNdY,9,269,3.9,116,TRUE
KW-0029,2026-08-17,Prestige Dental Studio,ChIJeGwHnffLMxei,12,160,3.8,97,TRUE
KW-0029,2026-08-17,Northpoint Dental Associates,ChIJiCLDFchLEOSl,15,264,3.8,67,TRUE
KW-0029,2026-08-24,Northpoint Dental Associates,ChIJiCLDFchLEOSl,9,276,3.8,64,TRUE
KW-0029,2026-08-24,Prestige Dental Studio,ChIJeGwHnffLMxei,13,154,3.8,96,TRUE
KW-0029,2026-08-24,Dallas Family Dentistry,ChIJBuby6H3SxNdY,15,283,3.9,117,TRUE
KW-0029,2026-08-31,Prestige Dental Studio,ChIJeGwHnffLMxei,11,146,3.8,96,TRUE
KW-0029,2026-08-31,Dallas Family Dentistry,ChIJBuby6H3SxNdY,15,266,3.9,118,TRUE
KW-0029,2026-08-31,Deep Ellum Dental Care,ChIJHxFPEytZlxBn,16,207,4.4,65,TRUE
KW-0029,2026-09-07,Dallas Family Dentistry,ChIJBuby6H3SxNdY,12,281,3.9,119,TRUE
KW-0029,2026-09-07,Deep Ellum Dental Care,ChIJHxFPEytZlxBn,13,233,4.4,66,TRUE
KW-0029,2026-09-07,SmileWorks Dental,ChIJ2KAHZpKLxiHL,17,414,3.8,99,TRUE
KW-0030,2026-06-15,Deep Ellum Dental Care,ChIJHxFPEytZlxBn,5,185,4.4,63,TRUE
KW-0030,2026-06-15,Prestige Dental Studio,ChIJeGwHnffLMxei,10,124,3.8,96,TRUE
KW-0030,2026-06-15,Dallas Family Dentistry,ChIJBuby6H3SxNdY,11,233,3.9,119,TRUE
KW-0030,2026-06-22,Northpoint Dental Associates,ChIJiCLDFchLEOSl,9,249,3.8,66,TRUE
KW-0030,2026-06-22,Deep Ellum Dental Care,ChIJHxFPEytZlxBn,11,189,4.4,64,TRUE
KW-0030,2026-06-22,Prestige Dental Studio,ChIJeGwHnffLMxei,16,128,3.8,92,TRUE
KW-0030,2026-06-29,Northpoint Dental Associates,ChIJiCLDFchLEOSl,6,256,3.8,68,TRUE
KW-0030,2026-06-29,SmileWorks Dental,ChIJ2KAHZpKLxiHL,8,396,3.8,100,TRUE
KW-0030,2026-06-29,Dallas Family Dentistry,ChIJBuby6H3SxNdY,12,239,3.9,116,TRUE
KW-0030,2026-07-06,Prestige Dental Studio,ChIJeGwHnffLMxei,9,136,3.8,95,TRUE
KW-0030,2026-07-06,SmileWorks Dental,ChIJ2KAHZpKLxiHL,12,405,3.8,98,TRUE
KW-0030,2026-07-06,Deep Ellum Dental Care,ChIJHxFPEytZlxBn,16,194,4.4,62,TRUE
KW-0030,2026-07-13,Prestige Dental Studio,ChIJeGwHnffLMxei,7,144,3.8,92,TRUE
KW-0030,2026-07-13,SmileWorks Dental,ChIJ2KAHZpKLxiHL,9,402,3.8,103,TRUE
KW-0030,2026-07-13,Deep Ellum Dental Care,ChIJHxFPEytZlxBn,14,193,4.4,64,TRUE
KW-0030,2026-07-20,Prestige Dental Studio,ChIJeGwHnffLMxei,6,139,3.8,95,TRUE
KW-0030,2026-07-20,SmileWorks Dental,ChIJ2KAHZpKLxiHL,10,415,3.8,103,TRUE
KW-0030,2026-07-20,Dallas Family Dentistry,ChIJBuby6H3SxNdY,9,258,3.9,116,TRUE
KW-0030,2026-07-27,Dallas Family Dentistry,ChIJBuby6H3SxNdY,8,263,3.9,119,TRUE
KW-0030,2026-07-27,Deep Ellum Dental Care,ChIJHxFPEytZlxBn,10,215,4.4,66,TRUE
KW-0030,2026-07-27,Northpoint Dental Associates,ChIJiCLDFchLEOSl,12,264,3.8,68,TRUE
KW-0030,2026-08-03,Dallas Family Dentistry,ChIJBuby6H3SxNdY,4,268,3.9,115,TRUE
KW-0030,2026-08-03,Prestige Dental Studio,ChIJeGwHnffLMxei,8,145,3.8,95,TRUE
KW-0030,2026-08-03,Northpoint Dental Associates,ChIJiCLDFchLEOSl,9,267,3.8,66,TRUE
KW-0030,2026-08-10,SmileWorks Dental,ChIJ2KAHZpKLxiHL,6,430,3.8,99,TRUE
KW-0030,2026-08-10,Prestige Dental Studio,ChIJeGwHnffLMxei,11,164,3.8,97,TRUE
KW-0030,2026-08-10,Dallas Family Dentistry,ChIJBuby6H3SxNdY,12,265,3.9,118,TRUE
KW-0030,2026-08-17,Dallas Family Dentistry,ChIJBuby6H3SxNdY,3,278,3.9,115,TRUE
KW-0030,2026-08-17,Deep Ellum Dental Care,ChIJHxFPEytZlxBn,7,230,4.4,61,TRUE
KW-0030,2026-08-17,Prestige Dental Studio,ChIJeGwHnffLMxei,11,151,3.8,96,TRUE
KW-0030,2026-08-24,Deep Ellum Dental Care,ChIJHxFPEytZlxBn,10,235,4.4,61,TRUE
KW-0030,2026-08-24,Northpoint Dental Associates,ChIJiCLDFchLEOSl,13,286,3.8,69,TRUE
KW-0030,2026-08-24,SmileWorks Dental,ChIJ2KAHZpKLxiHL,14,440,3.8,102,TRUE
KW-0030,2026-08-31,Deep Ellum Dental Care,ChIJHxFPEytZlxBn,5,218,4.4,64,TRUE
KW-0030,2026-08-31,Prestige Dental Studio,ChIJeGwHnffLMxei,11,146,3.8,93,TRUE
KW-0030,2026-08-31,Northpoint Dental Associates,ChIJiCLDFchLEOSl,12,290,3.8,65,TRUE
KW-0030,2026-09-07,Northpoint Dental Associates,ChIJiCLDFchLEOSl,11,294,3.8,64,TRUE
KW-0030,2026-09-07,Deep Ellum Dental Care,ChIJHxFPEytZlxBn,13,245,4.4,63,TRUE
KW-0030,2026-09-07,Dallas Family Dentistry,ChIJBuby6H3SxNdY,14,281,3.9,118,TRUE
KW-0031,2026-06-15,Prestige Dental Studio,ChIJeGwHnffLMxei,7,124,3.8,94,TRUE
KW-0031,2026-06-15,SmileWorks Dental,ChIJ2KAHZpKLxiHL,9,390,3.8,100,TRUE
KW-0031,2026-06-15,Northpoint Dental Associates,ChIJiCLDFchLEOSl,12,246,3.8,66,TRUE
KW-0031,2026-06-22,SmileWorks Dental,ChIJ2KAHZpKLxiHL,10,392,3.8,99,TRUE
KW-0031,2026-06-22,Deep Ellum Dental Care,ChIJHxFPEytZlxBn,13,190,4.4,64,TRUE
KW-0031,2026-06-22,Northpoint Dental Associates,ChIJiCLDFchLEOSl,17,251,3.8,69,TRUE
KW-0031,2026-06-29,Dallas Family Dentistry,ChIJBuby6H3SxNdY,11,241,3.9,115,TRUE
KW-0031,2026-06-29,Deep Ellum Dental Care,ChIJHxFPEytZlxBn,11,195,4.4,65,TRUE
KW-0031,2026-06-29,SmileWorks Dental,ChIJ2KAHZpKLxiHL,15,398,3.8,103,TRUE
KW-0031,2026-07-06,Prestige Dental Studio,ChIJeGwHnffLMxei,11,136,3.8,97,TRUE
KW-0031,2026-07-06,Deep Ellum Dental Care,ChIJHxFPEytZlxBn,12,200,4.4,61,TRUE
KW-0031,2026-07-06,Dallas Family Dentistry,ChIJBuby6H3SxNdY,16,245,3.9,119,TRUE
KW-0031,2026-07-13,Northpoint Dental Associates,ChIJiCLDFchLEOSl,11,266,3.8,65,TRUE
KW-0031,2026-07-13,Dallas Family Dentistry,ChIJBuby6H3SxNdY,13,245,3.9,117,TRUE
KW-0031,2026-07-13,Prestige Dental Studio,ChIJeGwHnffLMxei,15,144,3.8,93,TRUE
KW-0031,2026-07-20,Prestige Dental Studio,ChIJeGwHnffLMxei,10,134,3.8,95,TRUE
KW-0031,2026-07-20,Northpoint Dental Associates,ChIJiCLDFchLEOSl,13,266,3.8,66,TRUE
KW-0031,2026-07-20,SmileWorks Dental,ChIJ2KAHZpKLxiHL,17,400,3.8,99,TRUE
KW-0031,2026-07-27,SmileWorks Dental,ChIJ2KAHZpKLxiHL,8,420,3.8,102,TRUE
KW-0031,2026-07-27,Prestige Dental Studio,ChIJeGwHnffLMxei,10,154,3.8,95,TRUE
KW-0031,2026-07-27,Northpoint Dental Associates,ChIJiCLDFchLEOSl,12,270,3.8,66,TRUE
KW-0031,2026-08-03,Prestige Dental Studio,ChIJeGwHnffLMxei,9,145,3.8,96,TRUE
KW-0031,2026-08-03,Deep Ellum Dental Care,ChIJHxFPEytZlxBn,10,220,4.4,63,TRUE
KW-0031,2026-08-03,SmileWorks Dental,ChIJ2KAHZpKLxiHL,12,404,3.8,103,TRUE
KW-0031,2026-08-10,Northpoint Dental Associates,ChIJiCLDFchLEOSl,10,278,3.8,66,TRUE
KW-0031,2026-08-10,Prestige Dental Studio,ChIJeGwHnffLMxei,13,164,3.8,92,TRUE
KW-0031,2026-08-10,SmileWorks Dental,ChIJ2KAHZpKLxiHL,13,422,3.8,102,TRUE
KW-0031,2026-08-17,Deep Ellum Dental Care,ChIJHxFPEytZlxBn,9,212,4.4,64,TRUE
KW-0031,2026-08-17,SmileWorks Dental,ChIJ2KAHZpKLxiHL,11,435,3.8,102,TRUE
KW-0031,2026-08-17,Dallas Family Dentistry,ChIJBuby6H3SxNdY,12,278,3.9,116,TRUE
KW-0031,2026-08-24,SmileWorks Dental,ChIJ2KAHZpKLxiHL,9,440,3.8,100,TRUE
KW-0031,2026-08-24,Prestige Dental Studio,ChIJeGwHnffLMxei,11,164,3.8,94,TRUE
KW-0031,2026-08-24,Northpoint Dental Associates,ChIJiCLDFchLEOSl,11,286,3.8,68,TRUE
KW-0031,2026-08-31,Northpoint Dental Associates,ChIJiCLDFchLEOSl,11,301,3.8,66,TRUE
KW-0031,2026-08-31,Deep Ellum Dental Care,ChIJHxFPEytZlxBn,12,218,4.4,64,TRUE
KW-0031,2026-08-31,SmileWorks Dental,ChIJ2KAHZpKLxiHL,14,434,3.8,101,TRUE
KW-0031,2026-09-07,Dallas Family Dentistry,ChIJBuby6H3SxNdY,11,293,3.9,118,TRUE
KW-0031,2026-09-07,SmileWorks Dental,ChIJ2KAHZpKLxiHL,12,426,3.8,99,TRUE
KW-0031,2026-09-07,Northpoint Dental Associates,ChIJiCLDFchLEOSl,16,306,3.8,64,TRUE
KW-0032,2026-06-15,Northpoint Dental Associates,ChIJiCLDFchLEOSl,11,246,3.8,66,TRUE
KW-0032,2026-06-15,Dallas Family Dentistry,ChIJBuby6H3SxNdY,15,233,3.9,116,TRUE
KW-0032,2026-06-15,SmileWorks Dental,ChIJ2KAHZpKLxiHL,17,390,3.8,99,TRUE
KW-0032,2026-06-22,Dallas Family Dentistry,ChIJBuby6H3SxNdY,10,235,3.9,116,TRUE
KW-0032,2026-06-22,Prestige Dental Studio,ChIJeGwHnffLMxei,16,129,3.8,93,TRUE
KW-0032,2026-06-22,SmileWorks Dental,ChIJ2KAHZpKLxiHL,20,393,3.8,99,TRUE
KW-0032,2026-06-29,Northpoint Dental Associates,ChIJiCLDFchLEOSl,11,252,3.8,67,TRUE
KW-0032,2026-06-29,SmileWorks Dental,ChIJ2KAHZpKLxiHL,13,394,3.8,103,TRUE
KW-0032,2026-06-29,Prestige Dental Studio,ChIJeGwHnffLMxei,18,134,3.8,95,TRUE
KW-0032,2026-07-06,Deep Ellum Dental Care,ChIJHxFPEytZlxBn,6,191,4.4,64,TRUE
KW-0032,2026-07-06,Prestige Dental Studio,ChIJeGwHnffLMxei,10,136,3.8,95,TRUE
KW-0032,2026-07-06,Northpoint Dental Associates,ChIJiCLDFchLEOSl,14,258,3.8,67,TRUE
KW-0032,2026-07-13,Northpoint Dental Associates,ChIJiCLDFchLEOSl,13,258,3.8,66,TRUE
KW-0032,2026-07-13,Deep Ellum Dental Care,ChIJHxFPEytZlxBn,15,197,4.4,63,TRUE
KW-0032,2026-07-13,Dallas Family Dentistry,ChIJBuby6H3SxNdY,20,245,3.9,116,TRUE
KW-0032,2026-07-20,Dallas Family Dentistry,ChIJBuby6H3SxNdY,10,258,3.9,120,TRUE
KW-0032,2026-07-20,Prestige Dental Studio,ChIJeGwHnffLMxei,14,144,3.8,94,TRUE
KW-0032,2026-07-20,SmileWorks Dental,ChIJ2KAHZpKLxiHL,19,410,3.8,101,TRUE
KW-0032,2026-07-27,Prestige Dental Studio,ChIJeGwHnffLMxei,14,142,3.8,96,TRUE
KW-0032,2026-07-27,Northpoint Dental Associates,ChIJiCLDFchLEOSl,15,264,3.8,66,TRUE
KW-0032,2026-07-27,Deep Ellum Dental Care,ChIJHxFPEytZlxBn,21,209,4.4,63,TRUE
KW-0032,2026-08-03,Dallas Family Dentistry,ChIJBuby6H3SxNdY,14,261,3.9,116,TRUE
KW-0032,2026-08-03,Prestige Dental Studio,ChIJeGwHnffLMxei,16,145,3.8,96,TRUE
KW-0032,2026-08-03,Northpoint Dental Associates,ChIJiCLDFchLEOSl,21,274,3.8,69,TRUE
KW-0032,2026-08-10,SmileWorks Dental,ChIJ2KAHZpKLxiHL,9,406,3.8,100,TRUE
KW-0032,2026-08-10,Dallas Family Dentistry,ChIJBuby6H3SxNdY,14,273,3.9,119,TRUE
KW-0032,2026-08-10,Prestige Dental Studio,ChIJeGwHnffLMxei,15,148,3.8,96,TRUE
KW-0032,2026-08-17,Prestige Dental Studio,ChIJeGwHnffLMxei,12,169,3.8,93,TRUE
KW-0032,2026-08-17,Northpoint Dental Associates,ChIJiCLDFchLEOSl,17,264,3.8,69,TRUE
KW-0032,2026-08-17,Dallas Family Dentistry,ChIJBuby6H3SxNdY,18,260,3.9,117,TRUE
KW-0032,2026-08-24,Dallas Family Dentistry,ChIJBuby6H3SxNdY,7,263,3.9,117,TRUE
KW-0032,2026-08-24,Northpoint Dental Associates,ChIJiCLDFchLEOSl,14,266,3.8,69,TRUE
KW-0032,2026-08-24,Deep Ellum Dental Care,ChIJHxFPEytZlxBn,16,215,4.4,63,TRUE
KW-0032,2026-08-31,SmileWorks Dental,ChIJ2KAHZpKLxiHL,15,412,3.8,100,TRUE
KW-0032,2026-08-31,Deep Ellum Dental Care,ChIJHxFPEytZlxBn,15,207,4.4,64,TRUE
KW-0032,2026-08-31,Prestige Dental Studio,ChIJeGwHnffLMxei,20,157,3.8,94,TRUE
KW-0032,2026-09-07,Dallas Family Dentistry,ChIJBuby6H3SxNdY,14,269,3.9,115,TRUE
KW-0032,2026-09-07,Northpoint Dental Associates,ChIJiCLDFchLEOSl,17,294,3.8,64,TRUE
KW-0032,2026-09-07,SmileWorks Dental,ChIJ2KAHZpKLxiHL,20,414,3.8,99,TRUE
KW-0033,2026-06-15,Prestige Dental Studio,ChIJeGwHnffLMxei,11,124,3.8,95,TRUE
KW-0033,2026-06-15,SmileWorks Dental,ChIJ2KAHZpKLxiHL,12,390,3.8,103,TRUE
KW-0033,2026-06-15,Deep Ellum Dental Care,ChIJHxFPEytZlxBn,15,185,4.4,61,TRUE
KW-0033,2026-06-22,SmileWorks Dental,ChIJ2KAHZpKLxiHL,10,395,3.8,100,TRUE
KW-0033,2026-06-22,Deep Ellum Dental Care,ChIJHxFPEytZlxBn,11,190,4.4,61,TRUE
KW-0033,2026-06-22,Northpoint Dental Associates,ChIJiCLDFchLEOSl,18,249,3.8,68,TRUE
KW-0033,2026-06-29,Northpoint Dental Associates,ChIJiCLDFchLEOSl,13,254,3.8,67,TRUE
KW-0033,2026-06-29,Deep Ellum Dental Care,ChIJHxFPEytZlxBn,14,193,4.4,65,TRUE
KW-0033,2026-06-29,SmileWorks Dental,ChIJ2KAHZpKLxiHL,18,398,3.8,100,TRUE
KW-0033,2026-07-06,Dallas Family Dentistry,ChIJBuby6H3SxNdY,10,248,3.9,115,TRUE
KW-0033,2026-07-06,Prestige Dental Studio,ChIJeGwHnffLMxei,15,130,3.8,94,TRUE
KW-0033,2026-07-06,Northpoint Dental Associates,ChIJiCLDFchLEOSl,19,261,3.8,65,TRUE
KW-0033,2026-07-13,SmileWorks Dental,ChIJ2KAHZpKLxiHL,6,410,3.8,100,TRUE
KW-0033,2026-07-13,Deep Ellum Dental Care,ChIJHxFPEytZlxBn,10,197,4.4,61,TRUE
KW-0033,2026-07-13,Prestige Dental Studio,ChIJeGwHnffLMxei,12,140,3.8,96,TRUE
KW-0033,2026-07-20,Prestige Dental Studio,ChIJeGwHnffLMxei,8,139,3.8,96,TRUE
KW-0033,2026-07-20,Deep Ellum Dental Care,ChIJHxFPEytZlxBn,11,205,4.4,62,TRUE
KW-0033,2026-07-20,SmileWorks Dental,ChIJ2KAHZpKLxiHL,15,405,3.8,99,TRUE
KW-0033,2026-07-27,Dallas Family Dentistry,ChIJBuby6H3SxNdY,12,257,3.9,116,TRUE
KW-0033,2026-07-27,Prestige Dental Studio,ChIJeGwHnffLMxei,15,148,3.8,94,TRUE
KW-0033,2026-07-27,Deep Ellum Dental Care,ChIJHxFPEytZlxBn,16,209,4.4,66,TRUE
KW-0033,2026-08-03,Prestige Dental Studio,ChIJeGwHnffLMxei,10,159,3.8,92,TRUE
KW-0033,2026-08-03,Deep Ellum Dental Care,ChIJHxFPEytZlxBn,10,220,4.4,63,TRUE
KW-0033,2026-08-03,Dallas Family Dentistry,ChIJBuby6H3SxNdY,15,268,3.9,117,TRUE
KW-0033,2026-08-10,Dallas Family Dentistry,ChIJBuby6H3SxNdY,6,265,3.9,117,TRUE
KW-0033,2026-08-10,Northpoint Dental Associates,ChIJiCLDFchLEOSl,10,286,3.8,67,TRUE
KW-0033,2026-08-10,Prestige Dental Studio,ChIJeGwHnffLMxei,12,148,3.8,96,TRUE
KW-0033,2026-08-17,Deep Ellum Dental Care,ChIJHxFPEytZlxBn,11,212,4.4,63,TRUE
KW-0033,2026-08-17,Prestige Dental Studio,ChIJeGwHnffLMxei,15,169,3.8,92,TRUE
KW-0033,2026-08-17,SmileWorks Dental,ChIJ2KAHZpKLxiHL,19,435,3.8,99,TRUE
KW-0033,2026-08-24,Northpoint Dental Associates,ChIJiCLDFchLEOSl,8,286,3.8,66,TRUE
KW-0033,2026-08-24,Deep Ellum Dental Care,ChIJHxFPEytZlxBn,12,235,4.4,63,TRUE
KW-0033,2026-08-24,SmileWorks Dental,ChIJ2KAHZpKLxiHL,15,420,3.8,103,TRUE
KW-0033,2026-08-31,Prestige Dental Studio,ChIJeGwHnffLMxei,8,157,3.8,96,TRUE
KW-0033,2026-08-31,Deep Ellum Dental Care,ChIJHxFPEytZlxBn,11,218,4.4,63,TRUE
KW-0033,2026-08-31,SmileWorks Dental,ChIJ2KAHZpKLxiHL,14,434,3.8,103,TRUE
KW-0033,2026-09-07,Dallas Family Dentistry,ChIJBuby6H3SxNdY,6,281,3.9,118,TRUE
KW-0033,2026-09-07,SmileWorks Dental,ChIJ2KAHZpKLxiHL,9,426,3.8,100,TRUE
KW-0033,2026-09-07,Prestige Dental Studio,ChIJeGwHnffLMxei,12,184,3.8,94,TRUE
KW-0034,2026-06-15,Dallas Family Dentistry,ChIJBuby6H3SxNdY,7,233,3.9,115,TRUE
KW-0034,2026-06-15,Prestige Dental Studio,ChIJeGwHnffLMxei,14,124,3.8,95,TRUE
KW-0034,2026-06-15,Northpoint Dental Associates,ChIJiCLDFchLEOSl,14,246,3.8,68,TRUE
KW-0034,2026-06-22,SmileWorks Dental,ChIJ2KAHZpKLxiHL,9,395,3.8,100,TRUE
KW-0034,2026-06-22,Deep Ellum Dental Care,ChIJHxFPEytZlxBn,13,187,4.4,66,TRUE
KW-0034,2026-06-22,Northpoint Dental Associates,ChIJiCLDFchLEOSl,13,248,3.8,68,TRUE
KW-0034,2026-06-29,Northpoint Dental Associates,ChIJiCLDFchLEOSl,8,250,3.8,69,TRUE
KW-0034,2026-06-29,SmileWorks Dental,ChIJ2KAHZpKLxiHL,12,400,3.8,101,TRUE
KW-0034,2026-06-29,Prestige Dental Studio,ChIJeGwHnffLMxei,15,132,3.8,92,TRUE
KW-0034,2026-07-06,Northpoint Dental Associates,ChIJiCLDFchLEOSl,9,252,3.8,67,TRUE
KW-0034,2026-07-06,Prestige Dental Studio,ChIJeGwHnffLMxei,12,130,3.8,96,TRUE
KW-0034,2026-07-06,Dallas Family Dentistry,ChIJBuby6H3SxNdY,13,239,3.9,116,TRUE
KW-0034,2026-07-13,Deep Ellum Dental Care,ChIJHxFPEytZlxBn,11,205,4.4,66,TRUE
KW-0034,2026-07-13,Dallas Family Dentistry,ChIJBuby6H3SxNdY,12,249,3.9,120,TRUE
KW-0034,2026-07-13,Northpoint Dental Associates,ChIJiCLDFchLEOSl,16,258,3.8,65,TRUE
KW-0034,2026-07-20,Prestige Dental Studio,ChIJeGwHnffLMxei,8,139,3.8,96,TRUE
KW-0034,2026-07-20,Dallas Family Dentistry,ChIJBuby6H3SxNdY,10,253,3.9,117,TRUE
KW-0034,2026-07-20,SmileWorks Dental,ChIJ2KAHZpKLxiHL,13,405,3.8,100,TRUE
KW-0034,2026-07-27,Deep Ellum Dental Care,ChIJHxFPEytZlxBn,10,197,4.4,62,TRUE
KW-0034,2026-07-27,Prestige Dental Studio,ChIJeGwHnffLMxei,10,154,3.8,92,TRUE
KW-0034,2026-07-27,SmileWorks Dental,ChIJ2KAHZpKLxiHL,14,420,3.8,98,TRUE
KW-0034,2026-08-03,Deep Ellum Dental Care,ChIJHxFPEytZlxBn,13,199,4.4,61,TRUE
KW-0034,2026-08-03,Northpoint Dental Associates,ChIJiCLDFchLEOSl,12,267,3.8,65,TRUE
KW-0034,2026-08-03,SmileWorks Dental,ChIJ2KAHZpKLxiHL,17,418,3.8,103,TRUE
KW-0034,2026-08-10,Deep Ellum Dental Care,ChIJHxFPEytZlxBn,11,225,4.4,63,TRUE
KW-0034,2026-08-10,Dallas Family Dentistry,ChIJBuby6H3SxNdY,11,273,3.9,115,TRUE
KW-0034,2026-08-10,SmileWorks Dental,ChIJ2KAHZpKLxiHL,16,430,3.8,101,TRUE
KW-0034,2026-08-17,Prestige Dental Studio,ChIJeGwHnffLMxei,10,160,3.8,93,TRUE
KW-0034,2026-08-17,Northpoint Dental Associates,ChIJiCLDFchLEOSl,9,291,3.8,67,TRUE
KW-0034,2026-08-17,Dallas Family Dentistry,ChIJBuby6H3SxNdY,13,269,3.9,115,TRUE
KW-0034,2026-08-24,Dallas Family Dentistry,ChIJBuby6H3SxNdY,9,263,3.9,116,TRUE
KW-0034,2026-08-24,Northpoint Dental Associates,ChIJiCLDFchLEOSl,13,266,3.8,64,TRUE
KW-0034,2026-08-24,Prestige Dental Studio,ChIJeGwHnffLMxei,15,164,3.8,94,TRUE
KW-0034,2026-08-31,Deep Ellum Dental Care,ChIJHxFPEytZlxBn,12,218,4.4,66,TRUE
KW-0034,2026-08-31,Dallas Family Dentistry,ChIJBuby6H3SxNdY,14,277,3.9,115,TRUE
KW-0034,2026-08-31,Northpoint Dental Associates,ChIJiCLDFchLEOSl,15,301,3.8,65,TRUE
KW-0034,2026-09-07,Deep Ellum Dental Care,ChIJHxFPEytZlxBn,9,209,4.4,61,TRUE
KW-0034,2026-09-07,Prestige Dental Studio,ChIJeGwHnffLMxei,11,184,3.8,92,TRUE
KW-0034,2026-09-07,Dallas Family Dentistry,ChIJBuby6H3SxNdY,16,293,3.9,115,TRUE
KW-0035,2026-06-15,Deep Ellum Dental Care,ChIJHxFPEytZlxBn,13,185,4.4,62,TRUE
KW-0035,2026-06-15,Dallas Family Dentistry,ChIJBuby6H3SxNdY,18,233,3.9,115,TRUE
KW-0035,2026-06-15,SmileWorks Dental,ChIJ2KAHZpKLxiHL,21,390,3.8,102,TRUE
KW-0035,2026-06-22,Dallas Family Dentistry,ChIJBuby6H3SxNdY,14,237,3.9,116,TRUE
KW-0035,2026-06-22,SmileWorks Dental,ChIJ2KAHZpKLxiHL,16,392,3.8,101,TRUE
KW-0035,2026-06-22,Northpoint Dental Associates,ChIJiCLDFchLEOSl,18,249,3.8,65,TRUE
KW-0035,2026-06-29,Dallas Family Dentistry,ChIJBuby6H3SxNdY,11,237,3.9,120,TRUE
KW-0035,2026-06-29,Northpoint Dental Associates,ChIJiCLDFchLEOSl,17,250,3.8,65,TRUE
KW-0035,2026-06-29,SmileWorks Dental,ChIJ2KAHZpKLxiHL,19,396,3.8,103,TRUE
KW-0035,2026-07-06,Prestige Dental Studio,ChIJeGwHnffLMxei,15,133,3.8,94,TRUE
KW-0035,2026-07-06,Northpoint Dental Associates,ChIJiCLDFchLEOSl,18,255,3.8,68,TRUE
KW-0035,2026-07-06,Deep Ellum Dental Care,ChIJHxFPEytZlxBn,20,200,4.4,66,TRUE
KW-0035,2026-07-13,Dallas Family Dentistry,ChIJBuby6H3SxNdY,9,245,3.9,116,TRUE
KW-0035,2026-07-13,Northpoint Dental Associates,ChIJiCLDFchLEOSl,13,254,3.8,68,TRUE
KW-0035,2026-07-13,SmileWorks Dental,ChIJ2KAHZpKLxiHL,17,406,3.8,99,TRUE
KW-0035,2026-07-20,Northpoint Dental Associates,ChIJiCLDFchLEOSl,17,266,3.8,68,TRUE
KW-0035,2026-07-20,Deep Ellum Dental Care,ChIJHxFPEytZlxBn,16,205,4.4,66,TRUE
KW-0035,2026-07-20,Dallas Family Dentistry,ChIJBuby6H3SxNdY,22,253,3.9,116,TRUE
KW-0035,2026-07-27,Prestige Dental Studio,ChIJeGwHnffLMxei,10,148,3.8,96,TRUE
KW-0035,2026-07-27,Deep Ellum Dental Care,ChIJHxFPEytZlxBn,13,209,4.4,64,TRUE
KW-0035,2026-07-27,Northpoint Dental Associates,ChIJiCLDFchLEOSl,17,264,3.8,64,TRUE
KW-0035,2026-08-03,Deep Ellum Dental Care,ChIJHxFPEytZlxBn,10,206,4.4,63,TRUE
KW-0035,2026-08-03,SmileWorks Dental,ChIJ2KAHZpKLxiHL,15,425,3.8,102,TRUE
KW-0035,2026-08-03,Northpoint Dental Associates,ChIJiCLDFchLEOSl,15,281,3.8,68,TRUE
KW-0035,2026-08-10,Dallas Family Dentistry,ChIJBuby6H3SxNdY,12,257,3.9,119,TRUE
KW-0035,2026-08-10,Northpoint Dental Associates,ChIJiCLDFchLEOSl,12,278,3.8,68,TRUE
KW-0035,2026-08-10,SmileWorks Dental,ChIJ2KAHZpKLxiHL,15,422,3.8,99,TRUE
KW-0035,2026-08-17,Dallas Family Dentistry,ChIJBuby6H3SxNdY,12,260,3.9,117,TRUE
KW-0035,2026-08-17,Northpoint Dental Associates,ChIJiCLDFchLEOSl,14,282,3.8,67,TRUE
KW-0035,2026-08-17,Prestige Dental Studio,ChIJeGwHnffLMxei,18,169,3.8,95,TRUE
KW-0035,2026-08-24,Dallas Family Dentistry,ChIJBuby6H3SxNdY,13,273,3.9,116,TRUE
KW-0035,2026-08-24,Prestige Dental Studio,ChIJeGwHnffLMxei,13,144,3.8,95,TRUE
KW-0035,2026-08-24,SmileWorks Dental,ChIJ2KAHZpKLxiHL,16,440,3.8,99,TRUE
KW-0035,2026-08-31,Deep Ellum Dental Care,ChIJHxFPEytZlxBn,12,218,4.4,62,TRUE
KW-0035,2026-08-31,Dallas Family Dentistry,ChIJBuby6H3SxNdY,12,266,3.9,117,TRUE
KW-0035,2026-08-31,Prestige Dental Studio,ChIJeGwHnffLMxei,17,146,3.8,97,TRUE
KW-0035,2026-09-07,Northpoint Dental Associates,ChIJiCLDFchLEOSl,14,294,3.8,66,TRUE
KW-0035,2026-09-07,Dallas Family Dentistry,ChIJBuby6H3SxNdY,16,281,3.9,119,TRUE
KW-0035,2026-09-07,SmileWorks Dental,ChIJ2KAHZpKLxiHL,21,426,3.8,103,TRUE
KW-0036,2026-06-15,Premier Dental Care,ChIJJa5NdISwxAQy,1,194,3.9,30,TRUE
KW-0036,2026-06-15,Plano Cosmetic Dentistry,ChIJQR0wQ15CMFA2,4,178,3.8,49,FALSE
KW-0036,2026-06-15,Family Dental Plano,ChIJSHeSuTYKwBM8,8,262,4.3,136,TRUE
KW-0036,2026-06-22,Smile Bright Dental,ChIJHCREX6DLAWRc,1,278,3.8,139,TRUE
KW-0036,2026-06-22,Family Dental Plano,ChIJSHeSuTYKwBM8,2,265,4.3,137,TRUE
KW-0036,2026-06-22,Plano Cosmetic Dentistry,ChIJQR0wQ15CMFA2,6,183,3.8,49,FALSE
KW-0036,2026-06-29,Plano Cosmetic Dentistry,ChIJQR0wQ15CMFA2,2,188,3.8,54,FALSE
KW-0036,2026-06-29,Family Dental Plano,ChIJSHeSuTYKwBM8,5,266,4.3,132,TRUE
KW-0036,2026-06-29,Premier Dental Care,ChIJJa5NdISwxAQy,8,200,3.9,32,TRUE
KW-0036,2026-07-06,Family Dental Plano,ChIJSHeSuTYKwBM8,1,268,4.3,137,TRUE
KW-0036,2026-07-06,Premier Dental Care,ChIJJa5NdISwxAQy,4,209,3.9,28,TRUE
KW-0036,2026-07-06,Smile Bright Dental,ChIJHCREX6DLAWRc,5,282,3.8,138,TRUE
KW-0036,2026-07-13,Plano Cosmetic Dentistry,ChIJQR0wQ15CMFA2,1,198,3.8,54,FALSE
KW-0036,2026-07-13,Smile Bright Dental,ChIJHCREX6DLAWRc,1,292,3.8,139,TRUE
KW-0036,2026-07-13,Family Dental Plano,ChIJSHeSuTYKwBM8,6,270,4.3,135,TRUE
KW-0036,2026-07-20,Smile Bright Dental,ChIJHCREX6DLAWRc,2,286,3.8,139,TRUE
KW-0036,2026-07-20,Premier Dental Care,ChIJJa5NdISwxAQy,3,214,3.9,31,TRUE
KW-0036,2026-07-20,Plano Cosmetic Dentistry,ChIJQR0wQ15CMFA2,8,198,3.8,51,FALSE
KW-0036,2026-07-27,Premier Dental Care,ChIJJa5NdISwxAQy,3,206,3.9,30,TRUE
KW-0036,2026-07-27,Family Dental Plano,ChIJSHeSuTYKwBM8,5,280,4.3,133,TRUE
KW-0036,2026-07-27,Plano Cosmetic Dentistry,ChIJQR0wQ15CMFA2,9,208,3.8,51,FALSE
KW-0036,2026-08-03,Smile Bright Dental,ChIJHCREX6DLAWRc,1,304,3.8,136,TRUE
KW-0036,2026-08-03,Plano Cosmetic Dentistry,ChIJQR0wQ15CMFA2,1,213,3.8,51,FALSE
KW-0036,2026-08-03,Family Dental Plano,ChIJSHeSuTYKwBM8,7,283,4.3,135,TRUE
KW-0036,2026-08-10,Premier Dental Care,ChIJJa5NdISwxAQy,1,234,3.9,30,TRUE
KW-0036,2026-08-10,Smile Bright Dental,ChIJHCREX6DLAWRc,1,308,3.8,134,TRUE
KW-0036,2026-08-10,Family Dental Plano,ChIJSHeSuTYKwBM8,3,294,4.3,136,TRUE
KW-0036,2026-08-17,Premier Dental Care,ChIJJa5NdISwxAQy,1,221,3.9,28,TRUE
KW-0036,2026-08-17,Smile Bright Dental,ChIJHCREX6DLAWRc,6,312,3.8,135,TRUE
KW-0036,2026-08-17,Plano Cosmetic Dentistry,ChIJQR0wQ15CMFA2,9,214,3.8,52,FALSE
KW-0036,2026-08-24,Smile Bright Dental,ChIJHCREX6DLAWRc,1,316,3.8,135,TRUE
KW-0036,2026-08-24,Plano Cosmetic Dentistry,ChIJQR0wQ15CMFA2,1,208,3.8,53,FALSE
KW-0036,2026-08-24,Family Dental Plano,ChIJSHeSuTYKwBM8,4,282,4.3,135,TRUE
KW-0036,2026-08-31,Family Dental Plano,ChIJSHeSuTYKwBM8,1,295,4.3,132,TRUE
KW-0036,2026-08-31,Plano Cosmetic Dentistry,ChIJQR0wQ15CMFA2,1,200,3.8,53,FALSE
KW-0036,2026-08-31,Premier Dental Care,ChIJJa5NdISwxAQy,6,249,3.9,32,TRUE
KW-0036,2026-09-07,Family Dental Plano,ChIJSHeSuTYKwBM8,1,322,4.3,137,TRUE
KW-0036,2026-09-07,Smile Bright Dental,ChIJHCREX6DLAWRc,4,324,3.8,137,TRUE
KW-0036,2026-09-07,Plano Cosmetic Dentistry,ChIJQR0wQ15CMFA2,7,214,3.8,51,FALSE
KW-0037,2026-06-15,Premier Dental Care,ChIJJa5NdISwxAQy,1,194,3.9,28,TRUE
KW-0037,2026-06-15,Plano Cosmetic Dentistry,ChIJQR0wQ15CMFA2,6,178,3.8,49,FALSE
KW-0037,2026-06-15,Smile Bright Dental,ChIJHCREX6DLAWRc,8,276,3.8,139,TRUE
KW-0037,2026-06-22,Family Dental Plano,ChIJSHeSuTYKwBM8,1,267,4.3,136,TRUE
KW-0037,2026-06-22,Smile Bright Dental,ChIJHCREX6DLAWRc,7,281,3.8,134,TRUE
KW-0037,2026-06-22,Premier Dental Care,ChIJJa5NdISwxAQy,6,199,3.9,32,TRUE
KW-0037,2026-06-29,Plano Cosmetic Dentistry,ChIJQR0wQ15CMFA2,1,182,3.8,54,FALSE
KW-0037,2026-06-29,Family Dental Plano,ChIJSHeSuTYKwBM8,4,270,4.3,136,TRUE
KW-0037,2026-06-29,Premier Dental Care,ChIJJa5NdISwxAQy,7,204,3.9,31,TRUE
KW-0037,2026-07-06,Family Dental Plano,ChIJSHeSuTYKwBM8,3,274,4.3,136,TRUE
KW-0037,2026-07-06,Smile Bright Dental,ChIJHCREX6DLAWRc,6,288,3.8,135,TRUE
KW-0037,2026-07-06,Plano Cosmetic Dentistry,ChIJQR0wQ15CMFA2,11,187,3.8,53,FALSE
KW-0037,2026-07-13,Premier Dental Care,ChIJJa5NdISwxAQy,2,202,3.9,28,TRUE
KW-0037,2026-07-13,Plano Cosmetic Dentistry,ChIJQR0wQ15CMFA2,4,198,3.8,54,FALSE
KW-0037,2026-07-13,Smile Bright Dental,ChIJHCREX6DLAWRc,7,288,3.8,138,TRUE
KW-0037,2026-07-20,Family Dental Plano,ChIJSHeSuTYKwBM8,1,282,4.3,132,TRUE
KW-0037,2026-07-20,Plano Cosmetic Dentistry,ChIJQR0wQ15CMFA2,3,203,3.8,52,FALSE
KW-0037,2026-07-20,Smile Bright Dental,ChIJHCREX6DLAWRc,6,291,3.8,136,TRUE
KW-0037,2026-07-27,Plano Cosmetic Dentistry,ChIJQR0wQ15CMFA2,1,202,3.8,52,FALSE
KW-0037,2026-07-27,Family Dental Plano,ChIJSHeSuTYKwBM8,1,286,4.3,135,TRUE
KW-0037,2026-07-27,Premier Dental Care,ChIJJa5NdISwxAQy,3,218,3.9,33,TRUE
KW-0037,2026-08-03,Plano Cosmetic Dentistry,ChIJQR0wQ15CMFA2,4,192,3.8,53,FALSE
KW-0037,2026-08-03,Family Dental Plano,ChIJSHeSuTYKwBM8,4,290,4.3,132,TRUE
KW-0037,2026-08-03,Premier Dental Care,ChIJJa5NdISwxAQy,6,208,3.9,28,TRUE
KW-0037,2026-08-10,Smile Bright Dental,ChIJHCREX6DLAWRc,1,292,3.8,135,TRUE
KW-0037,2026-08-10,Family Dental Plano,ChIJSHeSuTYKwBM8,4,286,4.3,136,TRUE
KW-0037,2026-08-10,Plano Cosmetic Dentistry,ChIJQR0wQ15CMFA2,5,194,3.8,54,FALSE
KW-0037,2026-08-17,Premier Dental Care,ChIJJa5NdISwxAQy,1,221,3.9,31,TRUE
KW-0037,2026-08-17,Smile Bright Dental,ChIJHCREX6DLAWRc,1,294,3.8,136,TRUE
KW-0037,2026-08-17,Plano Cosmetic Dentistry,ChIJQR0wQ15CMFA2,3,214,3.8,54,FALSE
KW-0037,2026-08-24,Family Dental Plano,ChIJSHeSuTYKwBM8,1,302,4.3,135,TRUE
KW-0037,2026-08-24,Plano Cosmetic Dentistry,ChIJQR0wQ15CMFA2,3,228,3.8,49,FALSE
KW-0037,2026-08-24,Smile Bright Dental,ChIJHCREX6DLAWRc,4,316,3.8,135,TRUE
KW-0037,2026-08-31,Family Dental Plano,ChIJSHeSuTYKwBM8,2,284,4.3,134,TRUE
KW-0037,2026-08-31,Plano Cosmetic Dentistry,ChIJQR0wQ15CMFA2,4,200,3.8,53,FALSE
KW-0037,2026-08-31,Smile Bright Dental,ChIJHCREX6DLAWRc,5,331,3.8,138,TRUE
KW-0037,2026-09-07,Family Dental Plano,ChIJSHeSuTYKwBM8,5,298,4.3,134,TRUE
KW-0037,2026-09-07,Smile Bright Dental,ChIJHCREX6DLAWRc,7,336,3.8,137,TRUE
KW-0037,2026-09-07,Premier Dental Care,ChIJJa5NdISwxAQy,7,254,3.9,28,TRUE
KW-0038,2026-06-15,Plano Cosmetic Dentistry,ChIJQR0wQ15CMFA2,1,178,3.8,52,FALSE
KW-0038,2026-06-15,Family Dental Plano,ChIJSHeSuTYKwBM8,2,262,4.3,133,TRUE
KW-0038,2026-06-15,Premier Dental Care,ChIJJa5NdISwxAQy,6,194,3.9,33,TRUE
KW-0038,2026-06-22,Plano Cosmetic Dentistry,ChIJQR0wQ15CMFA2,1,183,3.8,50,FALSE
KW-0038,2026-06-22,Premier Dental Care,ChIJJa5NdISwxAQy,1,199,3.9,33,TRUE
KW-0038,2026-06-22,Smile Bright Dental,ChIJHCREX6DLAWRc,6,280,3.8,139,TRUE
KW-0038,2026-06-29,Plano Cosmetic Dentistry,ChIJQR0wQ15CMFA2,2,184,3.8,54,FALSE
KW-0038,2026-06-29,Smile Bright Dental,ChIJHCREX6DLAWRc,4,282,3.8,137,TRUE
KW-0038,2026-06-29,Premier Dental Care,ChIJJa5NdISwxAQy,6,198,3.9,31,TRUE
KW-0038,2026-07-06,Plano Cosmetic Dentistry,ChIJQR0wQ15CMFA2,1,187,3.8,52,FALSE
KW-0038,2026-07-06,Family Dental Plano,ChIJSHeSuTYKwBM8,2,277,4.3,132,TRUE
KW-0038,2026-07-06,Smile Bright Dental,ChIJHCREX6DLAWRc,3,285,3.8,138,TRUE
KW-0038,2026-07-13,Premier Dental Care,ChIJJa5NdISwxAQy,4,214,3.9,33,TRUE
KW-0038,2026-07-13,Family Dental Plano,ChIJSHeSuTYKwBM8,7,282,4.3,135,TRUE
KW-0038,2026-07-13,Smile Bright Dental,ChIJHCREX6DLAWRc,8,296,3.8,136,TRUE
KW-0038,2026-07-20,Plano Cosmetic Dentistry,ChIJQR0wQ15CMFA2,4,193,3.8,54,FALSE
KW-0038,2026-07-20,Premier Dental Care,ChIJJa5NdISwxAQy,4,204,3.9,33,TRUE
KW-0038,2026-07-20,Family Dental Plano,ChIJSHeSuTYKwBM8,5,277,4.3,135,TRUE
KW-0038,2026-07-27,Family Dental Plano,ChIJSHeSuTYKwBM8,1,292,4.3,134,TRUE
KW-0038,2026-07-27,Premier Dental Care,ChIJJa5NdISwxAQy,2,218,3.9,32,TRUE
KW-0038,2026-07-27,Smile Bright Dental,ChIJHCREX6DLAWRc,3,288,3.8,137,TRUE
KW-0038,2026-08-03,Plano Cosmetic Dentistry,ChIJQR0wQ15CMFA2,1,192,3.8,52,FALSE
KW-0038,2026-08-03,Premier Dental Care,ChIJJa5NdISwxAQy,1,208,3.9,29,TRUE
KW-0038,2026-08-03,Family Dental Plano,ChIJSHeSuTYKwBM8,5,283,4.3,132,TRUE
KW-0038,2026-08-10,Plano Cosmetic Dentistry,ChIJQR0wQ15CMFA2,2,218,3.8,54,FALSE
KW-0038,2026-08-10,Smile Bright Dental,ChIJHCREX6DLAWRc,7,292,3.8,139,TRUE
KW-0038,2026-08-10,Family Dental Plano,ChIJSHeSuTYKwBM8,9,286,4.3,137,TRUE
KW-0038,2026-08-17,Plano Cosmetic Dentistry,ChIJQR0wQ15CMFA2,1,214,3.8,50,FALSE
KW-0038,2026-08-17,Premier Dental Care,ChIJJa5NdISwxAQy,4,221,3.9,33,TRUE
KW-0038,2026-08-17,Smile Bright Dental,ChIJHCREX6DLAWRc,6,321,3.8,135,TRUE
KW-0038,2026-08-24,Plano Cosmetic Dentistry,ChIJQR0wQ15CMFA2,1,218,3.8,54,FALSE
KW-0038,2026-08-24,Smile Bright Dental,ChIJHCREX6DLAWRc,4,296,3.8,137,TRUE
KW-0038,2026-08-24,Premier Dental Care,ChIJJa5NdISwxAQy,4,234,3.9,32,TRUE
KW-0038,2026-08-31,Family Dental Plano,ChIJSHeSuTYKwBM8,1,284,4.3,135,TRUE
KW-0038,2026-08-31,Premier Dental Care,ChIJJa5NdISwxAQy,1,227,3.9,33,TRUE
KW-0038,2026-08-31,Smile Bright Dental,ChIJHCREX6DLAWRc,5,298,3.8,135,TRUE
KW-0038,2026-09-07,Family Dental Plano,ChIJSHeSuTYKwBM8,1,322,4.3,136,TRUE
KW-0038,2026-09-07,Plano Cosmetic Dentistry,ChIJQR0wQ15CMFA2,1,202,3.8,53,FALSE
KW-0038,2026-09-07,Smile Bright Dental,ChIJHCREX6DLAWRc,4,300,3.8,139,TRUE
KW-0039,2026-06-15,Smile Bright Dental,ChIJHCREX6DLAWRc,1,276,3.8,138,TRUE
KW-0039,2026-06-15,Family Dental Plano,ChIJSHeSuTYKwBM8,5,262,4.3,135,TRUE
KW-0039,2026-06-15,Premier Dental Care,ChIJJa5NdISwxAQy,8,194,3.9,29,TRUE
KW-0039,2026-06-22,Premier Dental Care,ChIJJa5NdISwxAQy,1,197,3.9,30,TRUE
KW-0039,2026-06-22,Smile Bright Dental,ChIJHCREX6DLAWRc,1,281,3.8,136,TRUE
KW-0039,2026-06-22,Plano Cosmetic Dentistry,ChIJQR0wQ15CMFA2,3,183,3.8,52,FALSE
KW-0039,2026-06-29,Family Dental Plano,ChIJSHeSuTYKwBM8,3,268,4.3,135,TRUE
KW-0039,2026-06-29,Smile Bright Dental,ChIJHCREX6DLAWRc,8,286,3.8,139,TRUE
KW-0039,2026-06-29,Plano Cosmetic Dentistry,ChIJQR0wQ15CMFA2,11,188,3.8,52,FALSE
KW-0039,2026-07-06,Premier Dental Care,ChIJJa5NdISwxAQy,1,203,3.9,29,TRUE
KW-0039,2026-07-06,Family Dental Plano,ChIJSHeSuTYKwBM8,3,271,4.3,137,TRUE
KW-0039,2026-07-06,Smile Bright Dental,ChIJHCREX6DLAWRc,8,291,3.8,138,TRUE
KW-0039,2026-07-13,Premier Dental Care,ChIJJa5NdISwxAQy,4,206,3.9,31,TRUE
KW-0039,2026-07-13,Smile Bright Dental,ChIJHCREX6DLAWRc,6,292,3.8,138,TRUE
KW-0039,2026-07-13,Family Dental Plano,ChIJSHeSuTYKwBM8,6,274,4.3,133,TRUE
KW-0039,2026-07-20,Family Dental Plano,ChIJSHeSuTYKwBM8,1,277,4.3,135,TRUE
KW-0039,2026-07-20,Premier Dental Care,ChIJJa5NdISwxAQy,3,219,3.9,32,TRUE
KW-0039,2026-07-20,Smile Bright Dental,ChIJHCREX6DLAWRc,7,296,3.8,139,TRUE
KW-0039,2026-07-27,Family Dental Plano,ChIJSHeSuTYKwBM8,2,280,4.3,135,TRUE
KW-0039,2026-07-27,Premier Dental Care,ChIJJa5NdISwxAQy,8,212,3.9,33,TRUE
KW-0039,2026-07-27,Smile Bright Dental,ChIJHCREX6DLAWRc,10,300,3.8,138,TRUE
KW-0039,2026-08-03,Plano Cosmetic Dentistry,ChIJQR0wQ15CMFA2,2,192,3.8,49,FALSE
KW-0039,2026-08-03,Premier Dental Care,ChIJJa5NdISwxAQy,6,208,3.9,30,TRUE
KW-0039,2026-08-03,Smile Bright Dental,ChIJHCREX6DLAWRc,8,297,3.8,135,TRUE
KW-0039,2026-08-10,Plano Cosmetic Dentistry,ChIJQR0wQ15CMFA2,1,218,3.8,51,FALSE
KW-0039,2026-08-10,Family Dental Plano,ChIJSHeSuTYKwBM8,3,294,4.3,134,TRUE
KW-0039,2026-08-10,Premier Dental Care,ChIJJa5NdISwxAQy,5,218,3.9,29,TRUE
KW-0039,2026-08-17,Plano Cosmetic Dentistry,ChIJQR0wQ15CMFA2,4,214,3.8,54,FALSE
KW-0039,2026-08-17,Premier Dental Care,ChIJJa5NdISwxAQy,3,221,3.9,31,TRUE
KW-0039,2026-08-17,Family Dental Plano,ChIJSHeSuTYKwBM8,5,289,4.3,135,TRUE
KW-0039,2026-08-24,Smile Bright Dental,ChIJHCREX6DLAWRc,3,326,3.8,138,TRUE
KW-0039,2026-08-24,Family Dental Plano,ChIJSHeSuTYKwBM8,4,312,4.3,132,TRUE
KW-0039,2026-08-24,Plano Cosmetic Dentistry,ChIJQR0wQ15CMFA2,8,218,3.8,49,FALSE
KW-0039,2026-08-31,Plano Cosmetic Dentistry,ChIJQR0wQ15CMFA2,1,233,3.8,50,FALSE
KW-0039,2026-08-31,Smile Bright Dental,ChIJHCREX6DLAWRc,3,320,3.8,136,TRUE
KW-0039,2026-08-31,Premier Dental Care,ChIJJa5NdISwxAQy,6,238,3.9,32,TRUE
KW-0039,2026-09-07,Plano Cosmetic Dentistry,ChIJQR0wQ15CMFA2,3,226,3.8,50,FALSE
KW-0039,2026-09-07,Premier Dental Care,ChIJJa5NdISwxAQy,5,218,3.9,31,TRUE
KW-0039,2026-09-07,Family Dental Plano,ChIJSHeSuTYKwBM8,7,286,4.3,137,TRUE
KW-0040,2026-06-15,Premier Dental Care,ChIJJa5NdISwxAQy,1,194,3.9,30,TRUE
KW-0040,2026-06-15,Family Dental Plano,ChIJSHeSuTYKwBM8,5,262,4.3,134,TRUE
KW-0040,2026-06-15,Smile Bright Dental,ChIJHCREX6DLAWRc,6,276,3.8,138,TRUE
KW-0040,2026-06-22,Plano Cosmetic Dentistry,ChIJQR0wQ15CMFA2,2,183,3.8,52,FALSE
KW-0040,2026-06-22,Family Dental Plano,ChIJSHeSuTYKwBM8,3,267,4.3,134,TRUE
KW-0040,2026-06-22,Premier Dental Care,ChIJJa5NdISwxAQy,7,199,3.9,33,TRUE
KW-0040,2026-06-29,Family Dental Plano,ChIJSHeSuTYKwBM8,1,272,4.3,134,TRUE
KW-0040,2026-06-29,Smile Bright Dental,ChIJHCREX6DLAWRc,3,286,3.8,139,TRUE
KW-0040,2026-06-29,Premier Dental Care,ChIJJa5NdISwxAQy,7,198,3.9,28,TRUE
KW-0040,2026-07-06,Plano Cosmetic Dentistry,ChIJQR0wQ15CMFA2,2,184,3.8,50,FALSE
KW-0040,2026-07-06,Smile Bright Dental,ChIJHCREX6DLAWRc,3,282,3.8,134,TRUE
KW-0040,2026-07-06,Premier Dental Care,ChIJJa5NdISwxAQy,4,206,3.9,32,TRUE
KW-0040,2026-07-13,Family Dental Plano,ChIJSHeSuTYKwBM8,1,270,4.3,136,TRUE
KW-0040,2026-07-13,Premier Dental Care,ChIJJa5NdISwxAQy,1,206,3.9,29,TRUE
KW-0040,2026-07-13,Smile Bright Dental,ChIJHCREX6DLAWRc,5,288,3.8,134,TRUE
KW-0040,2026-07-20,Plano Cosmetic Dentistry,ChIJQR0wQ15CMFA2,3,193,3.8,49,FALSE
KW-0040,2026-07-20,Smile Bright Dental,ChIJHCREX6DLAWRc,6,301,3.8,136,TRUE
KW-0040,2026-07-20,Family Dental Plano,ChIJSHeSuTYKwBM8,11,287,4.3,133,TRUE
KW-0040,2026-07-27,Smile Bright Dental,ChIJHCREX6DLAWRc,5,288,3.8,137,TRUE
KW-0040,2026-07-27,Premier Dental Care,ChIJJa5NdISwxAQy,6,206,3.9,29,TRUE
KW-0040,2026-07-27,Plano Cosmetic Dentistry,ChIJQR0wQ15CMFA2,10,196,3.8,53,FALSE
KW-0040,2026-08-03,Family Dental Plano,ChIJSHeSuTYKwBM8,1,283,4.3,133,TRUE
KW-0040,2026-08-03,Premier Dental Care,ChIJJa5NdISwxAQy,6,215,3.9,31,TRUE
KW-0040,2026-08-03,Plano Cosmetic Dentistry,ChIJQR0wQ15CMFA2,11,213,3.8,53,FALSE
KW-0040,2026-08-10,Premier Dental Care,ChIJJa5NdISwxAQy,5,218,3.9,32,TRUE
KW-0040,2026-08-10,Plano Cosmetic Dentistry,ChIJQR0wQ15CMFA2,8,210,3.8,50,FALSE
KW-0040,2026-08-10,Family Dental Plano,ChIJSHeSuTYKwBM8,8,278,4.3,135,TRUE
KW-0040,2026-08-17,Plano Cosmetic Dentistry,ChIJQR0wQ15CMFA2,4,196,3.8,54,FALSE
KW-0040,2026-08-17,Premier Dental Care,ChIJJa5NdISwxAQy,3,230,3.9,32,TRUE
KW-0040,2026-08-17,Family Dental Plano,ChIJSHeSuTYKwBM8,6,298,4.3,137,TRUE
KW-0040,2026-08-24,Smile Bright Dental,ChIJHCREX6DLAWRc,3,316,3.8,137,TRUE
KW-0040,2026-08-24,Family Dental Plano,ChIJSHeSuTYKwBM8,4,292,4.3,136,TRUE
KW-0040,2026-08-24,Premier Dental Care,ChIJJa5NdISwxAQy,5,234,3.9,31,TRUE
KW-0040,2026-08-31,Smile Bright Dental,ChIJHCREX6DLAWRc,4,331,3.8,135,TRUE
KW-0040,2026-08-31,Family Dental Plano,ChIJSHeSuTYKwBM8,7,317,4.3,132,TRUE
KW-0040,2026-08-31,Premier Dental Care,ChIJJa5NdISwxAQy,8,249,3.9,33,TRUE
KW-0040,2026-09-07,Smile Bright Dental,ChIJHCREX6DLAWRc,1,312,3.8,138,TRUE
KW-0040,2026-09-07,Family Dental Plano,ChIJSHeSuTYKwBM8,3,286,4.3,132,TRUE
KW-0040,2026-09-07,Plano Cosmetic Dentistry,ChIJQR0wQ15CMFA2,8,214,3.8,51,FALSE
KW-0041,2026-06-15,Family Dental Plano,ChIJSHeSuTYKwBM8,1,262,4.3,136,TRUE
KW-0041,2026-06-15,Plano Cosmetic Dentistry,ChIJQR0wQ15CMFA2,3,178,3.8,52,FALSE
KW-0041,2026-06-15,Smile Bright Dental,ChIJHCREX6DLAWRc,9,276,3.8,137,TRUE
KW-0041,2026-06-22,Smile Bright Dental,ChIJHCREX6DLAWRc,1,278,3.8,136,TRUE
KW-0041,2026-06-22,Premier Dental Care,ChIJJa5NdISwxAQy,4,198,3.9,29,TRUE
KW-0041,2026-06-22,Plano Cosmetic Dentistry,ChIJQR0wQ15CMFA2,6,181,3.8,52,FALSE
KW-0041,2026-06-29,Plano Cosmetic Dentistry,ChIJQR0wQ15CMFA2,2,188,3.8,53,FALSE
KW-0041,2026-06-29,Family Dental Plano,ChIJSHeSuTYKwBM8,4,270,4.3,134,TRUE
KW-0041,2026-06-29,Smile Bright Dental,ChIJHCREX6DLAWRc,9,282,3.8,136,TRUE
KW-0041,2026-07-06,Smile Bright Dental,ChIJHCREX6DLAWRc,3,291,3.8,135,TRUE
KW-0041,2026-07-06,Plano Cosmetic Dentistry,ChIJQR0wQ15CMFA2,6,187,3.8,51,FALSE
KW-0041,2026-07-06,Premier Dental Care,ChIJJa5NdISwxAQy,11,206,3.9,32,TRUE
KW-0041,2026-07-13,Premier Dental Care,ChIJJa5NdISwxAQy,2,206,3.9,33,TRUE
KW-0041,2026-07-13,Smile Bright Dental,ChIJHCREX6DLAWRc,3,288,3.8,137,TRUE
KW-0041,2026-07-13,Plano Cosmetic Dentistry,ChIJQR0wQ15CMFA2,9,186,3.8,51,FALSE
KW-0041,2026-07-20,Plano Cosmetic Dentistry,ChIJQR0wQ15CMFA2,2,188,3.8,53,FALSE
KW-0041,2026-07-20,Family Dental Plano,ChIJSHeSuTYKwBM8,7,282,4.3,132,TRUE
KW-0041,2026-07-20,Smile Bright Dental,ChIJHCREX6DLAWRc,10,291,3.8,136,TRUE
KW-0041,2026-07-27,Family Dental Plano,ChIJSHeSuTYKwBM8,3,280,4.3,137,TRUE
KW-0041,2026-07-27,Smile Bright Dental,ChIJHCREX6DLAWRc,7,300,3.8,138,TRUE
KW-0041,2026-07-27,Plano Cosmetic Dentistry,ChIJQR0wQ15CMFA2,9,202,3.8,51,FALSE
KW-0041,2026-08-03,Premier Dental Care,ChIJJa5NdISwxAQy,1,208,3.9,30,TRUE
KW-0041,2026-08-03,Smile Bright Dental,ChIJHCREX6DLAWRc,3,297,3.8,138,TRUE
KW-0041,2026-08-03,Plano Cosmetic Dentistry,ChIJQR0wQ15CMFA2,9,199,3.8,52,FALSE
KW-0041,2026-08-10,Plano Cosmetic Dentistry,ChIJQR0wQ15CMFA2,2,210,3.8,49,FALSE
KW-0041,2026-08-10,Family Dental Plano,ChIJSHeSuTYKwBM8,6,278,4.3,134,TRUE
KW-0041,2026-08-10,Premier Dental Care,ChIJJa5NdISwxAQy,7,234,3.9,33,TRUE
KW-0041,2026-08-17,Family Dental Plano,ChIJSHeSuTYKwBM8,1,298,4.3,135,TRUE
KW-0041,2026-08-17,Premier Dental Care,ChIJJa5NdISwxAQy,4,239,3.9,30,TRUE
KW-0041,2026-08-17,Smile Bright Dental,ChIJHCREX6DLAWRc,6,312,3.8,134,TRUE
KW-0041,2026-08-24,Plano Cosmetic Dentistry,ChIJQR0wQ15CMFA2,1,218,3.8,54,FALSE
KW-0041,2026-08-24,Family Dental Plano,ChIJSHeSuTYKwBM8,1,312,4.3,137,TRUE
KW-0041,2026-08-24,Premier Dental Care,ChIJJa5NdISwxAQy,6,224,3.9,30,TRUE
KW-0041,2026-08-31,Plano Cosmetic Dentistry,ChIJQR0wQ15CMFA2,1,200,3.8,54,FALSE
KW-0041,2026-08-31,Premier Dental Care,ChIJJa5NdISwxAQy,5,249,3.9,28,TRUE
KW-0041,2026-08-31,Family Dental Plano,ChIJSHeSuTYKwBM8,7,295,4.3,132,TRUE
KW-0041,2026-09-07,Family Dental Plano,ChIJSHeSuTYKwBM8,4,310,4.3,134,TRUE
KW-0041,2026-09-07,Premier Dental Care,ChIJJa5NdISwxAQy,7,242,3.9,28,TRUE
KW-0041,2026-09-07,Plano Cosmetic Dentistry,ChIJQR0wQ15CMFA2,10,202,3.8,53,FALSE
KW-0042,2026-06-15,Smile Bright Dental,ChIJHCREX6DLAWRc,1,276,3.8,137,TRUE
KW-0042,2026-06-15,Premier Dental Care,ChIJJa5NdISwxAQy,2,194,3.9,29,TRUE
KW-0042,2026-06-15,Plano Cosmetic Dentistry,ChIJQR0wQ15CMFA2,4,178,3.8,49,FALSE
KW-0042,2026-06-22,Family Dental Plano,ChIJSHeSuTYKwBM8,3,265,4.3,133,TRUE
KW-0042,2026-06-22,Smile Bright Dental,ChIJHCREX6DLAWRc,6,280,3.8,137,TRUE
KW-0042,2026-06-22,Plano Cosmetic Dentistry,ChIJQR0wQ15CMFA2,11,180,3.8,53,FALSE
KW-0042,2026-06-29,Smile Bright Dental,ChIJHCREX6DLAWRc,1,280,3.8,135,TRUE
KW-0042,2026-06-29,Plano Cosmetic Dentistry,ChIJQR0wQ15CMFA2,1,184,3.8,50,FALSE
KW-0042,2026-06-29,Family Dental Plano,ChIJSHeSuTYKwBM8,8,266,4.3,134,TRUE
KW-0042,2026-07-06,Plano Cosmetic Dentistry,ChIJQR0wQ15CMFA2,1,193,3.8,50,FALSE
KW-0042,2026-07-06,Premier Dental Care,ChIJJa5NdISwxAQy,4,206,3.9,30,TRUE
KW-0042,2026-07-06,Family Dental Plano,ChIJSHeSuTYKwBM8,10,277,4.3,133,TRUE
KW-0042,2026-07-13,Premier Dental Care,ChIJJa5NdISwxAQy,1,214,3.9,28,TRUE
KW-0042,2026-07-13,Family Dental Plano,ChIJSHeSuTYKwBM8,2,282,4.3,132,TRUE
KW-0042,2026-07-13,Plano Cosmetic Dentistry,ChIJQR0wQ15CMFA2,6,190,3.8,50,FALSE
KW-0042,2026-07-20,Plano Cosmetic Dentistry,ChIJQR0wQ15CMFA2,1,193,3.8,53,FALSE
KW-0042,2026-07-20,Family Dental Plano,ChIJSHeSuTYKwBM8,2,277,4.3,136,TRUE
KW-0042,2026-07-20,Smile Bright Dental,ChIJHCREX6DLAWRc,5,301,3.8,134,TRUE
KW-0042,2026-07-27,Family Dental Plano,ChIJSHeSuTYKwBM8,2,286,4.3,132,TRUE
KW-0042,2026-07-27,Premier Dental Care,ChIJJa5NdISwxAQy,5,218,3.9,29,TRUE
KW-0042,2026-07-27,Smile Bright Dental,ChIJHCREX6DLAWRc,10,300,3.8,137,TRUE
KW-0042,2026-08-03,Family Dental Plano,ChIJSHeSuTYKwBM8,1,283,4.3,132,TRUE
KW-0042,2026-08-03,Smile Bright Dental,ChIJHCREX6DLAWRc,2,290,3.8,134,TRUE
KW-0042,2026-08-03,Premier Dental Care,ChIJJa5NdISwxAQy,6,208,3.9,30,TRUE
KW-0042,2026-08-10,Premier Dental Care,ChIJJa5NdISwxAQy,1,210,3.9,28,TRUE
KW-0042,2026-08-10,Family Dental Plano,ChIJSHeSuTYKwBM8,1,286,4.3,135,TRUE
KW-0042,2026-08-10,Smile Bright Dental,ChIJHCREX6DLAWRc,6,292,3.8,136,TRUE
KW-0042,2026-08-17,Plano Cosmetic Dentistry,ChIJQR0wQ15CMFA2,2,205,3.8,51,FALSE
KW-0042,2026-08-17,Family Dental Plano,ChIJSHeSuTYKwBM8,3,280,4.3,137,TRUE
KW-0042,2026-08-17,Smile Bright Dental,ChIJHCREX6DLAWRc,6,321,3.8,135,TRUE
KW-0042,2026-08-24,Plano Cosmetic Dentistry,ChIJQR0wQ15CMFA2,1,218,3.8,49,FALSE
KW-0042,2026-08-24,Smile Bright Dental,ChIJHCREX6DLAWRc,3,296,3.8,139,TRUE
KW-0042,2026-08-24,Premier Dental Care,ChIJJa5NdISwxAQy,5,224,3.9,28,TRUE
KW-0042,2026-08-31,Smile Bright Dental,ChIJHCREX6DLAWRc,2,331,3.8,137,TRUE
KW-0042,2026-08-31,Plano Cosmetic Dentistry,ChIJQR0wQ15CMFA2,2,200,3.8,54,FALSE
KW-0042,2026-08-31,Premier Dental Care,ChIJJa5NdISwxAQy,6,238,3.9,33,TRUE
KW-0042,2026-09-07,Family Dental Plano,ChIJSHeSuTYKwBM8,1,298,4.3,133,TRUE
KW-0042,2026-09-07,Smile Bright Dental,ChIJHCREX6DLAWRc,5,300,3.8,139,TRUE
KW-0042,2026-09-07,Plano Cosmetic Dentistry,ChIJQR0wQ15CMFA2,7,238,3.8,50,FALSE
KW-0043,2026-06-15,Plano Cosmetic Dentistry,ChIJQR0wQ15CMFA2,5,178,3.8,52,FALSE
KW-0043,2026-06-15,Family Dental Plano,ChIJSHeSuTYKwBM8,6,262,4.3,137,TRUE
KW-0043,2026-06-15,Premier Dental Care,ChIJJa5NdISwxAQy,9,194,3.9,33,TRUE
KW-0043,2026-06-22,Premier Dental Care,ChIJJa5NdISwxAQy,4,198,3.9,31,TRUE
KW-0043,2026-06-22,Family Dental Plano,ChIJSHeSuTYKwBM8,7,265,4.3,137,TRUE
KW-0043,2026-06-22,Plano Cosmetic Dentistry,ChIJQR0wQ15CMFA2,11,182,3.8,52,FALSE
KW-0043,2026-06-29,Premier Dental Care,ChIJJa5NdISwxAQy,1,204,3.9,32,TRUE
KW-0043,2026-06-29,Plano Cosmetic Dentistry,ChIJQR0wQ15CMFA2,1,182,3.8,51,FALSE
KW-0043,2026-06-29,Family Dental Plano,ChIJSHeSuTYKwBM8,5,270,4.3,136,TRUE
KW-0043,2026-07-06,Family Dental Plano,ChIJSHeSuTYKwBM8,6,268,4.3,135,TRUE
KW-0043,2026-07-06,Premier Dental Care,ChIJJa5NdISwxAQy,5,200,3.9,32,TRUE
KW-0043,2026-07-06,Plano Cosmetic Dentistry,ChIJQR0wQ15CMFA2,9,187,3.8,54,FALSE
KW-0043,2026-07-13,Premier Dental Care,ChIJJa5NdISwxAQy,1,214,3.9,32,TRUE
KW-0043,2026-07-13,Family Dental Plano,ChIJSHeSuTYKwBM8,4,274,4.3,136,TRUE
KW-0043,2026-07-13,Plano Cosmetic Dentistry,ChIJQR0wQ15CMFA2,7,186,3.8,50,FALSE
KW-0043,2026-07-20,Smile Bright Dental,ChIJHCREX6DLAWRc,1,286,3.8,137,TRUE
KW-0043,2026-07-20,Plano Cosmetic Dentistry,ChIJQR0wQ15CMFA2,5,198,3.8,50,FALSE
KW-0043,2026-07-20,Premier Dental Care,ChIJJa5NdISwxAQy,10,209,3.9,32,TRUE
KW-0043,2026-07-27,Plano Cosmetic Dentistry,ChIJQR0wQ15CMFA2,3,202,3.8,49,FALSE
KW-0043,2026-07-27,Smile Bright Dental,ChIJHCREX6DLAWRc,6,288,3.8,134,TRUE
KW-0043,2026-07-27,Premier Dental Care,ChIJJa5NdISwxAQy,11,206,3.9,31,TRUE
KW-0043,2026-08-03,Smile Bright Dental,ChIJHCREX6DLAWRc,2,304,3.8,135,TRUE
KW-0043,2026-08-03,Plano Cosmetic Dentistry,ChIJQR0wQ15CMFA2,5,213,3.8,54,FALSE
KW-0043,2026-08-03,Family Dental Plano,ChIJSHeSuTYKwBM8,6,297,4.3,132,TRUE
KW-0043,2026-08-10,Premier Dental Care,ChIJJa5NdISwxAQy,3,234,3.9,32,TRUE
KW-0043,2026-08-10,Family Dental Plano,ChIJSHeSuTYKwBM8,6,294,4.3,137,TRUE
KW-0043,2026-08-10,Plano Cosmetic Dentistry,ChIJQR0wQ15CMFA2,6,218,3.8,49,FALSE
KW-0043,2026-08-17,Plano Cosmetic Dentistry,ChIJQR0wQ15CMFA2,1,196,3.8,50,FALSE
KW-0043,2026-08-17,Family Dental Plano,ChIJSHeSuTYKwBM8,3,307,4.3,135,TRUE
KW-0043,2026-08-17,Premier Dental Care,ChIJJa5NdISwxAQy,9,221,3.9,32,TRUE
KW-0043,2026-08-24,Plano Cosmetic Dentistry,ChIJQR0wQ15CMFA2,2,208,3.8,53,FALSE
KW-0043,2026-08-24,Family Dental Plano,ChIJSHeSuTYKwBM8,3,282,4.3,137,TRUE
KW-0043,2026-08-24,Premier Dental Care,ChIJJa5NdISwxAQy,5,244,3.9,28,TRUE
KW-0043,2026-08-31,Family Dental Plano,ChIJSHeSuTYKwBM8,3,284,4.3,134,TRUE
KW-0043,2026-08-31,Smile Bright Dental,ChIJHCREX6DLAWRc,4,331,3.8,135,TRUE
KW-0043,2026-08-31,Premier Dental Care,ChIJJa5NdISwxAQy,9,227,3.9,28,TRUE
KW-0043,2026-09-07,Premier Dental Care,ChIJJa5NdISwxAQy,1,218,3.9,29,TRUE
KW-0043,2026-09-07,Family Dental Plano,ChIJSHeSuTYKwBM8,5,298,4.3,132,TRUE
KW-0043,2026-09-07,Plano Cosmetic Dentistry,ChIJQR0wQ15CMFA2,6,238,3.8,49,FALSE
KW-0044,2026-06-15,Family Dental Plano,ChIJSHeSuTYKwBM8,1,262,4.3,137,TRUE
KW-0044,2026-06-15,Plano Cosmetic Dentistry,ChIJQR0wQ15CMFA2,1,178,3.8,50,FALSE
KW-0044,2026-06-15,Smile Bright Dental,ChIJHCREX6DLAWRc,4,276,3.8,137,TRUE
KW-0044,2026-06-22,Premier Dental Care,ChIJJa5NdISwxAQy,2,196,3.9,31,TRUE
KW-0044,2026-06-22,Smile Bright Dental,ChIJHCREX6DLAWRc,2,280,3.8,137,TRUE
KW-0044,2026-06-22,Family Dental Plano,ChIJSHeSuTYKwBM8,9,264,4.3,132,TRUE
KW-0044,2026-06-29,Premier Dental Care,ChIJJa5NdISwxAQy,1,200,3.9,29,TRUE
KW-0044,2026-06-29,Smile Bright Dental,ChIJHCREX6DLAWRc,1,282,3.8,134,TRUE
KW-0044,2026-06-29,Family Dental Plano,ChIJSHeSuTYKwBM8,5,268,4.3,135,TRUE
KW-0044,2026-07-06,Premier Dental Care,ChIJJa5NdISwxAQy,1,203,3.9,32,TRUE
KW-0044,2026-07-06,Smile Bright Dental,ChIJHCREX6DLAWRc,4,282,3.8,135,TRUE
KW-0044,2026-07-06,Family Dental Plano,ChIJSHeSuTYKwBM8,7,274,4.3,133,TRUE
KW-0044,2026-07-13,Smile Bright Dental,ChIJHCREX6DLAWRc,2,284,3.8,138,TRUE
KW-0044,2026-07-13,Plano Cosmetic Dentistry,ChIJQR0wQ15CMFA2,6,186,3.8,51,FALSE
KW-0044,2026-07-13,Family Dental Plano,ChIJSHeSuTYKwBM8,8,274,4.3,135,TRUE
KW-0044,2026-07-20,Family Dental Plano,ChIJSHeSuTYKwBM8,1,277,4.3,132,TRUE
KW-0044,2026-07-20,Premier Dental Care,ChIJJa5NdISwxAQy,3,204,3.9,29,TRUE
KW-0044,2026-07-20,Smile Bright Dental,ChIJHCREX6DLAWRc,5,291,3.8,134,TRUE
KW-0044,2026-07-27,Plano Cosmetic Dentistry,ChIJQR0wQ15CMFA2,3,202,3.8,50,FALSE
KW-0044,2026-07-27,Premier Dental Care,ChIJJa5NdISwxAQy,5,206,3.9,31,TRUE
KW-0044,2026-07-27,Smile Bright Dental,ChIJHCREX6DLAWRc,6,306,3.8,134,TRUE
KW-0044,2026-08-03,Premier Dental Care,ChIJJa5NdISwxAQy,1,215,3.9,31,TRUE
KW-0044,2026-08-03,Family Dental Plano,ChIJSHeSuTYKwBM8,3,283,4.3,133,TRUE
KW-0044,2026-08-03,Smile Bright Dental,ChIJHCREX6DLAWRc,6,311,3.8,134,TRUE
KW-0044,2026-08-10,Plano Cosmetic Dentistry,ChIJQR0wQ15CMFA2,1,202,3.8,54,FALSE
KW-0044,2026-08-10,Family Dental Plano,ChIJSHeSuTYKwBM8,4,294,4.3,135,TRUE
KW-0044,2026-08-10,Smile Bright Dental,ChIJHCREX6DLAWRc,8,308,3.8,136,TRUE
KW-0044,2026-08-17,Premier Dental Care,ChIJJa5NdISwxAQy,2,239,3.9,33,TRUE
KW-0044,2026-08-17,Family Dental Plano,ChIJSHeSuTYKwBM8,4,307,4.3,134,TRUE
KW-0044,2026-08-17,Smile Bright Dental,ChIJHCREX6DLAWRc,8,312,3.8,138,TRUE
KW-0044,2026-08-24,Plano Cosmetic Dentistry,ChIJQR0wQ15CMFA2,2,208,3.8,51,FALSE
KW-0044,2026-08-24,Family Dental Plano,ChIJSHeSuTYKwBM8,4,292,4.3,134,TRUE
KW-0044,2026-08-24,Premier Dental Care,ChIJJa5NdISwxAQy,7,234,3.9,32,TRUE
KW-0044,2026-08-31,Smile Bright Dental,ChIJHCREX6DLAWRc,3,309,3.8,138,TRUE
KW-0044,2026-08-31,Family Dental Plano,ChIJSHeSuTYKwBM8,6,295,4.3,137,TRUE
KW-0044,2026-08-31,Premier Dental Care,ChIJJa5NdISwxAQy,10,238,3.9,29,TRUE
KW-0044,2026-09-07,Family Dental Plano,ChIJSHeSuTYKwBM8,1,298,4.3,136,TRUE
KW-0044,2026-09-07,Plano Cosmetic Dentistry,ChIJQR0wQ15CMFA2,4,214,3.8,54,FALSE
KW-0044,2026-09-07,Smile Bright Dental,ChIJHCREX6DLAWRc,7,312,3.8,137,TRUE
KW-0045,2026-06-15,Premier Dental Care,ChIJJa5NdISwxAQy,2,194,3.9,30,TRUE
KW-0045,2026-06-15,Smile Bright Dental,ChIJHCREX6DLAWRc,4,276,3.8,134,TRUE
KW-0045,2026-06-15,Family Dental Plano,ChIJSHeSuTYKwBM8,10,262,4.3,132,TRUE
KW-0045,2026-06-22,Premier Dental Care,ChIJJa5NdISwxAQy,1,199,3.9,29,TRUE
KW-0045,2026-06-22,Family Dental Plano,ChIJSHeSuTYKwBM8,2,267,4.3,137,TRUE
KW-0045,2026-06-22,Smile Bright Dental,ChIJHCREX6DLAWRc,5,281,3.8,137,TRUE
KW-0045,2026-06-29,Premier Dental Care,ChIJJa5NdISwxAQy,2,202,3.9,28,TRUE
KW-0045,2026-06-29,Plano Cosmetic Dentistry,ChIJQR0wQ15CMFA2,4,186,3.8,49,FALSE
KW-0045,2026-06-29,Smile Bright Dental,ChIJHCREX6DLAWRc,10,282,3.8,134,TRUE
KW-0045,2026-07-06,Smile Bright Dental,ChIJHCREX6DLAWRc,2,282,3.8,134,TRUE
KW-0045,2026-07-06,Plano Cosmetic Dentistry,ChIJQR0wQ15CMFA2,8,190,3.8,52,FALSE
KW-0045,2026-07-06,Premier Dental Care,ChIJJa5NdISwxAQy,9,203,3.9,32,TRUE
KW-0045,2026-07-13,Premier Dental Care,ChIJJa5NdISwxAQy,4,202,3.9,32,TRUE
KW-0045,2026-07-13,Smile Bright Dental,ChIJHCREX6DLAWRc,7,288,3.8,135,TRUE
KW-0045,2026-07-13,Family Dental Plano,ChIJSHeSuTYKwBM8,9,270,4.3,133,TRUE
KW-0045,2026-07-20,Premier Dental Care,ChIJJa5NdISwxAQy,1,219,3.9,29,TRUE
KW-0045,2026-07-20,Family Dental Plano,ChIJSHeSuTYKwBM8,4,277,4.3,133,TRUE
KW-0045,2026-07-20,Plano Cosmetic Dentistry,ChIJQR0wQ15CMFA2,5,188,3.8,49,FALSE
KW-0045,2026-07-27,Premier Dental Care,ChIJJa5NdISwxAQy,1,212,3.9,28,TRUE
KW-0045,2026-07-27,Family Dental Plano,ChIJSHeSuTYKwBM8,5,292,4.3,135,TRUE
KW-0045,2026-07-27,Smile Bright Dental,ChIJHCREX6DLAWRc,7,306,3.8,134,TRUE
KW-0045,2026-08-03,Premier Dental Care,ChIJJa5NdISwxAQy,4,222,3.9,28,TRUE
KW-0045,2026-08-03,Plano Cosmetic Dentistry,ChIJQR0wQ15CMFA2,8,213,3.8,53,FALSE
KW-0045,2026-08-03,Family Dental Plano,ChIJSHeSuTYKwBM8,9,283,4.3,137,TRUE
KW-0045,2026-08-10,Smile Bright Dental,ChIJHCREX6DLAWRc,1,308,3.8,136,TRUE
KW-0045,2026-08-10,Plano Cosmetic Dentistry,ChIJQR0wQ15CMFA2,3,202,3.8,54,FALSE
KW-0045,2026-08-10,Family Dental Plano,ChIJSHeSuTYKwBM8,5,302,4.3,136,TRUE
KW-0045,2026-08-17,Plano Cosmetic Dentistry,ChIJQR0wQ15CMFA2,1,223,3.8,54,FALSE
KW-0045,2026-08-17,Premier Dental Care,ChIJJa5NdISwxAQy,7,230,3.9,30,TRUE
KW-0045,2026-08-17,Smile Bright Dental,ChIJHCREX6DLAWRc,7,321,3.8,137,TRUE
KW-0045,2026-08-24,Smile Bright Dental,ChIJHCREX6DLAWRc,5,316,3.8,135,TRUE
KW-0045,2026-08-24,Family Dental Plano,ChIJSHeSuTYKwBM8,8,302,4.3,135,TRUE
KW-0045,2026-08-24,Plano Cosmetic Dentistry,ChIJQR0wQ15CMFA2,9,208,3.8,53,FALSE
KW-0045,2026-08-31,Family Dental Plano,ChIJSHeSuTYKwBM8,3,295,4.3,132,TRUE
KW-0045,2026-08-31,Plano Cosmetic Dentistry,ChIJQR0wQ15CMFA2,7,200,3.8,53,FALSE
KW-0045,2026-08-31,Smile Bright Dental,ChIJHCREX6DLAWRc,10,320,3.8,134,TRUE
KW-0045,2026-09-07,Premier Dental Care,ChIJJa5NdISwxAQy,3,254,3.9,30,TRUE
KW-0045,2026-09-07,Family Dental Plano,ChIJSHeSuTYKwBM8,6,322,4.3,134,TRUE
KW-0045,2026-09-07,Plano Cosmetic Dentistry,ChIJQR0wQ15CMFA2,7,214,3.8,49,FALSE
KW-0046,2026-06-15,Plano Cosmetic Dentistry,ChIJQR0wQ15CMFA2,3,178,3.8,50,FALSE
KW-0046,2026-06-15,Premier Dental Care,ChIJJa5NdISwxAQy,3,194,3.9,32,TRUE
KW-0046,2026-06-15,Smile Bright Dental,ChIJHCREX6DLAWRc,7,276,3.8,134,TRUE
KW-0046,2026-06-22,Family Dental Plano,ChIJSHeSuTYKwBM8,1,265,4.3,133,TRUE
KW-0046,2026-06-22,Premier Dental Care,ChIJJa5NdISwxAQy,2,197,3.9,28,TRUE
KW-0046,2026-06-22,Plano Cosmetic Dentistry,ChIJQR0wQ15CMFA2,5,182,3.8,53,FALSE
KW-0046,2026-06-29,Plano Cosmetic Dentistry,ChIJQR0wQ15CMFA2,1,188,3.8,50,FALSE
KW-0046,2026-06-29,Family Dental Plano,ChIJSHeSuTYKwBM8,1,270,4.3,136,TRUE
KW-0046,2026-06-29,Smile Bright Dental,ChIJHCREX6DLAWRc,6,282,3.8,137,TRUE
KW-0046,2026-07-06,Plano Cosmetic Dentistry,ChIJQR0wQ15CMFA2,1,184,3.8,52,FALSE
KW-0046,2026-07-06,Premier Dental Care,ChIJJa5NdISwxAQy,1,206,3.9,31,TRUE
KW-0046,2026-07-06,Smile Bright Dental,ChIJHCREX6DLAWRc,7,291,3.8,138,TRUE
KW-0046,2026-07-13,Smile Bright Dental,ChIJHCREX6DLAWRc,1,296,3.8,136,TRUE
KW-0046,2026-07-13,Premier Dental Care,ChIJJa5NdISwxAQy,6,206,3.9,32,TRUE
KW-0046,2026-07-13,Family Dental Plano,ChIJSHeSuTYKwBM8,7,270,4.3,133,TRUE
KW-0046,2026-07-20,Premier Dental Care,ChIJJa5NdISwxAQy,1,219,3.9,31,TRUE
KW-0046,2026-07-20,Family Dental Plano,ChIJSHeSuTYKwBM8,2,272,4.3,134,TRUE
KW-0046,2026-07-20,Plano Cosmetic Dentistry,ChIJQR0wQ15CMFA2,4,188,3.8,50,FALSE
KW-0046,2026-07-27,Family Dental Plano,ChIJSHeSuTYKwBM8,1,292,4.3,133,TRUE
KW-0046,2026-07-27,Smile Bright Dental,ChIJHCREX6DLAWRc,2,294,3.8,137,TRUE
KW-0046,2026-07-27,Plano Cosmetic Dentistry,ChIJQR0wQ15CMFA2,8,208,3.8,52,FALSE
KW-0046,2026-08-03,Smile Bright Dental,ChIJHCREX6DLAWRc,2,311,3.8,134,TRUE
KW-0046,2026-08-03,Family Dental Plano,ChIJSHeSuTYKwBM8,5,276,4.3,134,TRUE
KW-0046,2026-08-03,Plano Cosmetic Dentistry,ChIJQR0wQ15CMFA2,7,206,3.8,52,FALSE
KW-0046,2026-08-10,Smile Bright Dental,ChIJHCREX6DLAWRc,2,292,3.8,137,TRUE
KW-0046,2026-08-10,Plano Cosmetic Dentistry,ChIJQR0wQ15CMFA2,4,210,3.8,50,FALSE
KW-0046,2026-08-10,Family Dental Plano,ChIJSHeSuTYKwBM8,6,278,4.3,132,TRUE
KW-0046,2026-08-17,Premier Dental Care,ChIJJa5NdISwxAQy,1,230,3.9,28,TRUE
KW-0046,2026-08-17,Plano Cosmetic Dentistry,ChIJQR0wQ15CMFA2,3,214,3.8,53,FALSE
KW-0046,2026-08-17,Smile Bright Dental,ChIJHCREX6DLAWRc,5,312,3.8,136,TRUE
KW-0046,2026-08-24,Plano Cosmetic Dentistry,ChIJQR0wQ15CMFA2,1,228,3.8,53,FALSE
KW-0046,2026-08-24,Premier Dental Care,ChIJJa5NdISwxAQy,1,224,3.9,31,TRUE
KW-0046,2026-08-24,Smile Bright Dental,ChIJHCREX6DLAWRc,7,316,3.8,135,TRUE
KW-0046,2026-08-31,Family Dental Plano,ChIJSHeSuTYKwBM8,1,295,4.3,132,TRUE
KW-0046,2026-08-31,Plano Cosmetic Dentistry,ChIJQR0wQ15CMFA2,2,200,3.8,50,FALSE
KW-0046,2026-08-31,Smile Bright Dental,ChIJHCREX6DLAWRc,5,309,3.8,137,TRUE
KW-0046,2026-09-07,Smile Bright Dental,ChIJHCREX6DLAWRc,1,300,3.8,135,TRUE
KW-0046,2026-09-07,Premier Dental Care,ChIJJa5NdISwxAQy,2,254,3.9,28,TRUE
KW-0046,2026-09-07,Family Dental Plano,ChIJSHeSuTYKwBM8,5,298,4.3,137,TRUE
KW-0047,2026-06-15,Plano Cosmetic Dentistry,ChIJQR0wQ15CMFA2,2,178,3.8,51,FALSE
KW-0047,2026-06-15,Smile Bright Dental,ChIJHCREX6DLAWRc,5,276,3.8,138,TRUE
KW-0047,2026-06-15,Family Dental Plano,ChIJSHeSuTYKwBM8,7,262,4.3,133,TRUE
KW-0047,2026-06-22,Smile Bright Dental,ChIJHCREX6DLAWRc,1,281,3.8,139,TRUE
KW-0047,2026-06-22,Family Dental Plano,ChIJSHeSuTYKwBM8,1,266,4.3,134,TRUE
KW-0047,2026-06-22,Premier Dental Care,ChIJJa5NdISwxAQy,3,197,3.9,29,TRUE
KW-0047,2026-06-29,Smile Bright Dental,ChIJHCREX6DLAWRc,1,286,3.8,139,TRUE
KW-0047,2026-06-29,Plano Cosmetic Dentistry,ChIJQR0wQ15CMFA2,4,186,3.8,51,FALSE
KW-0047,2026-06-29,Premier Dental Care,ChIJJa5NdISwxAQy,4,200,3.9,32,TRUE
KW-0047,2026-07-06,Plano Cosmetic Dentistry,ChIJQR0wQ15CMFA2,3,193,3.8,50,FALSE
KW-0047,2026-07-06,Family Dental Plano,ChIJSHeSuTYKwBM8,6,268,4.3,134,TRUE
KW-0047,2026-07-06,Smile Bright Dental,ChIJHCREX6DLAWRc,6,288,3.8,135,TRUE
KW-0047,2026-07-13,Smile Bright Dental,ChIJHCREX6DLAWRc,3,288,3.8,136,TRUE
KW-0047,2026-07-13,Family Dental Plano,ChIJSHeSuTYKwBM8,4,278,4.3,133,TRUE
KW-0047,2026-07-13,Plano Cosmetic Dentistry,ChIJQR0wQ15CMFA2,9,198,3.8,49,FALSE
KW-0047,2026-07-20,Plano Cosmetic Dentistry,ChIJQR0wQ15CMFA2,1,203,3.8,49,FALSE
KW-0047,2026-07-20,Smile Bright Dental,ChIJHCREX6DLAWRc,1,286,3.8,134,TRUE
KW-0047,2026-07-20,Premier Dental Care,ChIJJa5NdISwxAQy,4,204,3.9,29,TRUE
KW-0047,2026-07-27,Premier Dental Care,ChIJJa5NdISwxAQy,1,206,3.9,29,TRUE
KW-0047,2026-07-27,Smile Bright Dental,ChIJHCREX6DLAWRc,4,288,3.8,134,TRUE
KW-0047,2026-07-27,Family Dental Plano,ChIJSHeSuTYKwBM8,6,274,4.3,136,TRUE
KW-0047,2026-08-03,Family Dental Plano,ChIJSHeSuTYKwBM8,1,290,4.3,136,TRUE
KW-0047,2026-08-03,Plano Cosmetic Dentistry,ChIJQR0wQ15CMFA2,1,206,3.8,50,FALSE
KW-0047,2026-08-03,Smile Bright Dental,ChIJHCREX6DLAWRc,5,304,3.8,135,TRUE
KW-0047,2026-08-10,Plano Cosmetic Dentistry,ChIJQR0wQ15CMFA2,3,194,3.8,52,FALSE
KW-0047,2026-08-10,Family Dental Plano,ChIJSHeSuTYKwBM8,6,302,4.3,135,TRUE
KW-0047,2026-08-10,Smile Bright Dental,ChIJHCREX6DLAWRc,10,308,3.8,139,TRUE
KW-0047,2026-08-17,Smile Bright Dental,ChIJHCREX6DLAWRc,4,303,3.8,135,TRUE
KW-0047,2026-08-17,Family Dental Plano,ChIJSHeSuTYKwBM8,6,289,4.3,132,TRUE
KW-0047,2026-08-17,Plano Cosmetic Dentistry,ChIJQR0wQ15CMFA2,7,196,3.8,50,FALSE
KW-0047,2026-08-24,Smile Bright Dental,ChIJHCREX6DLAWRc,1,316,3.8,136,TRUE
KW-0047,2026-08-24,Plano Cosmetic Dentistry,ChIJQR0wQ15CMFA2,2,208,3.8,54,FALSE
KW-0047,2026-08-24,Premier Dental Care,ChIJJa5NdISwxAQy,6,244,3.9,28,TRUE
KW-0047,2026-08-31,Premier Dental Care,ChIJJa5NdISwxAQy,2,238,3.9,29,TRUE
KW-0047,2026-08-31,Smile Bright Dental,ChIJHCREX6DLAWRc,6,320,3.8,134,TRUE
KW-0047,2026-08-31,Plano Cosmetic Dentistry,ChIJQR0wQ15CMFA2,7,222,3.8,52,FALSE
KW-0047,2026-09-07,Smile Bright Dental,ChIJHCREX6DLAWRc,1,336,3.8,135,TRUE
KW-0047,2026-09-07,Family Dental Plano,ChIJSHeSuTYKwBM8,4,310,4.3,136,TRUE
KW-0047,2026-09-07,Premier Dental Care,ChIJJa5NdISwxAQy,6,218,3.9,29,TRUE
KW-0048,2026-06-15,Irving Family Care Dentistry,ChIJh7Tvu9FdhBzz,2,263,3.8,150,TRUE
KW-0048,2026-06-15,Irving Dental Clinic,ChIJspT0prf6bTT6,7,183,4.3,52,TRUE
KW-0048,2026-06-15,Northgate Emergency Dental,ChIJzzEauml9TasN,9,180,4.7,92,TRUE
KW-0048,2026-06-22,Dallas Dental Excellence,ChIJBGTTBQe3AOxu,1,311,4.8,57,TRUE
KW-0048,2026-06-22,Irving Family Care Dentistry,ChIJh7Tvu9FdhBzz,5,266,3.8,150,TRUE
KW-0048,2026-06-22,Northgate Emergency Dental,ChIJzzEauml9TasN,6,184,4.7,96,TRUE
KW-0048,2026-06-29,Northgate Emergency Dental,ChIJzzEauml9TasN,4,190,4.7,92,TRUE
KW-0048,2026-06-29,Irving Family Care Dentistry,ChIJh7Tvu9FdhBzz,7,267,3.8,152,TRUE
KW-0048,2026-06-29,Irving Dental Clinic,ChIJspT0prf6bTT6,9,193,4.3,54,TRUE
KW-0048,2026-07-06,Northgate Emergency Dental,ChIJzzEauml9TasN,4,192,4.7,97,TRUE
KW-0048,2026-07-06,Irving Family Care Dentistry,ChIJh7Tvu9FdhBzz,6,275,3.8,152,TRUE
KW-0048,2026-07-06,Irving Dental Clinic,ChIJspT0prf6bTT6,8,192,4.3,51,TRUE
KW-0048,2026-07-13,Irving Family Care Dentistry,ChIJh7Tvu9FdhBzz,4,271,3.8,149,TRUE
KW-0048,2026-07-13,Irving Dental Clinic,ChIJspT0prf6bTT6,6,191,4.3,55,TRUE
KW-0048,2026-07-13,Northgate Emergency Dental,ChIJzzEauml9TasN,9,188,4.7,95,TRUE
KW-0048,2026-07-20,Northgate Emergency Dental,ChIJzzEauml9TasN,5,205,4.7,96,TRUE
KW-0048,2026-07-20,Dallas Dental Excellence,ChIJBGTTBQe3AOxu,8,322,4.8,61,TRUE
KW-0048,2026-07-20,Irving Family Care Dentistry,ChIJh7Tvu9FdhBzz,11,273,3.8,154,TRUE
KW-0048,2026-07-27,Irving Dental Clinic,ChIJspT0prf6bTT6,2,195,4.3,52,TRUE
KW-0048,2026-07-27,Northgate Emergency Dental,ChIJzzEauml9TasN,7,198,4.7,97,TRUE
KW-0048,2026-07-27,Irving Family Care Dentistry,ChIJh7Tvu9FdhBzz,10,293,3.8,150,TRUE
KW-0048,2026-08-03,Northgate Emergency Dental,ChIJzzEauml9TasN,2,208,4.7,94,TRUE
KW-0048,2026-08-03,Dallas Dental Excellence,ChIJBGTTBQe3AOxu,5,321,4.8,58,TRUE
KW-0048,2026-08-03,Irving Dental Clinic,ChIJspT0prf6bTT6,7,204,4.3,51,TRUE
KW-0048,2026-08-10,Northgate Emergency Dental,ChIJzzEauml9TasN,1,220,4.7,96,TRUE
KW-0048,2026-08-10,Irving Dental Clinic,ChIJspT0prf6bTT6,7,215,4.3,51,TRUE
KW-0048,2026-08-10,Irving Family Care Dentistry,ChIJh7Tvu9FdhBzz,7,295,3.8,150,TRUE
KW-0048,2026-08-17,Northgate Emergency Dental,ChIJzzEauml9TasN,1,198,4.7,92,TRUE
KW-0048,2026-08-17,Dallas Dental Excellence,ChIJBGTTBQe3AOxu,6,343,4.8,58,TRUE
KW-0048,2026-08-17,Irving Family Care Dentistry,ChIJh7Tvu9FdhBzz,10,308,3.8,154,TRUE
KW-0048,2026-08-24,Irving Dental Clinic,ChIJspT0prf6bTT6,1,233,4.3,52,TRUE
KW-0048,2026-08-24,Northgate Emergency Dental,ChIJzzEauml9TasN,5,230,4.7,96,TRUE
KW-0048,2026-08-24,Dallas Dental Excellence,ChIJBGTTBQe3AOxu,8,337,4.8,62,TRUE
KW-0048,2026-08-31,Irving Family Care Dentistry,ChIJh7Tvu9FdhBzz,3,296,3.8,149,TRUE
KW-0048,2026-08-31,Northgate Emergency Dental,ChIJzzEauml9TasN,8,213,4.7,92,TRUE
KW-0048,2026-08-31,Dallas Dental Excellence,ChIJBGTTBQe3AOxu,11,329,4.8,62,TRUE
KW-0048,2026-09-07,Dallas Dental Excellence,ChIJBGTTBQe3AOxu,4,331,4.8,58,TRUE
KW-0048,2026-09-07,Northgate Emergency Dental,ChIJzzEauml9TasN,4,216,4.7,95,TRUE
KW-0048,2026-09-07,Irving Dental Clinic,ChIJspT0prf6bTT6,9,207,4.3,55,TRUE
KW-0049,2026-06-15,Dallas Dental Excellence,ChIJBGTTBQe3AOxu,2,307,4.8,57,TRUE
KW-0049,2026-06-15,Irving Dental Clinic,ChIJspT0prf6bTT6,3,183,4.3,56,TRUE
KW-0049,2026-06-15,Northgate Emergency Dental,ChIJzzEauml9TasN,7,180,4.7,93,TRUE
KW-0049,2026-06-22,Dallas Dental Excellence,ChIJBGTTBQe3AOxu,3,309,4.8,60,TRUE
KW-0049,2026-06-22,Northgate Emergency Dental,ChIJzzEauml9TasN,7,185,4.7,92,TRUE
KW-0049,2026-06-22,Irving Dental Clinic,ChIJspT0prf6bTT6,9,187,4.3,52,TRUE
KW-0049,2026-06-29,Irving Dental Clinic,ChIJspT0prf6bTT6,5,187,4.3,53,TRUE
KW-0049,2026-06-29,Irving Family Care Dentistry,ChIJh7Tvu9FdhBzz,10,267,3.8,150,TRUE
KW-0049,2026-06-29,Dallas Dental Excellence,ChIJBGTTBQe3AOxu,13,311,4.8,58,TRUE
KW-0049,2026-07-06,Dallas Dental Excellence,ChIJBGTTBQe3AOxu,1,319,4.8,57,TRUE
KW-0049,2026-07-06,Northgate Emergency Dental,ChIJzzEauml9TasN,3,192,4.7,95,TRUE
KW-0049,2026-07-06,Irving Dental Clinic,ChIJspT0prf6bTT6,7,195,4.3,56,TRUE
KW-0049,2026-07-13,Northgate Emergency Dental,ChIJzzEauml9TasN,1,188,4.7,95,TRUE
KW-0049,2026-07-13,Irving Dental Clinic,ChIJspT0prf6bTT6,6,199,4.3,54,TRUE
KW-0049,2026-07-13,Dallas Dental Excellence,ChIJBGTTBQe3AOxu,7,323,4.8,58,TRUE
KW-0049,2026-07-20,Northgate Emergency Dental,ChIJzzEauml9TasN,6,190,4.7,97,TRUE
KW-0049,2026-07-20,Irving Dental Clinic,ChIJspT0prf6bTT6,10,198,4.3,56,TRUE
KW-0049,2026-07-20,Irving Family Care Dentistry,ChIJh7Tvu9FdhBzz,12,278,3.8,154,TRUE
KW-0049,2026-07-27,Northgate Emergency Dental,ChIJzzEauml9TasN,6,198,4.7,95,TRUE
KW-0049,2026-07-27,Irving Family Care Dentistry,ChIJh7Tvu9FdhBzz,9,275,3.8,152,TRUE
KW-0049,2026-07-27,Irving Dental Clinic,ChIJspT0prf6bTT6,13,201,4.3,55,TRUE
KW-0049,2026-08-03,Dallas Dental Excellence,ChIJBGTTBQe3AOxu,4,335,4.8,59,TRUE
KW-0049,2026-08-03,Irving Dental Clinic,ChIJspT0prf6bTT6,5,218,4.3,53,TRUE
KW-0049,2026-08-03,Northgate Emergency Dental,ChIJzzEauml9TasN,12,194,4.7,92,TRUE
KW-0049,2026-08-10,Northgate Emergency Dental,ChIJzzEauml9TasN,3,204,4.7,97,TRUE
KW-0049,2026-08-10,Dallas Dental Excellence,ChIJBGTTBQe3AOxu,6,331,4.8,58,TRUE
KW-0049,2026-08-10,Irving Family Care Dentistry,ChIJh7Tvu9FdhBzz,10,287,3.8,150,TRUE
KW-0049,2026-08-17,Irving Dental Clinic,ChIJspT0prf6bTT6,7,210,4.3,52,TRUE
KW-0049,2026-08-17,Dallas Dental Excellence,ChIJBGTTBQe3AOxu,8,325,4.8,62,TRUE
KW-0049,2026-08-17,Irving Family Care Dentistry,ChIJh7Tvu9FdhBzz,10,281,3.8,152,TRUE
KW-0049,2026-08-24,Dallas Dental Excellence,ChIJBGTTBQe3AOxu,2,327,4.8,59,TRUE
KW-0049,2026-08-24,Irving Dental Clinic,ChIJspT0prf6bTT6,6,233,4.3,56,TRUE
KW-0049,2026-08-24,Northgate Emergency Dental,ChIJzzEauml9TasN,9,230,4.7,97,TRUE
KW-0049,2026-08-31,Northgate Emergency Dental,ChIJzzEauml9TasN,2,213,4.7,95,TRUE
KW-0049,2026-08-31,Irving Dental Clinic,ChIJspT0prf6bTT6,6,238,4.3,51,TRUE
KW-0049,2026-08-31,Irving Family Care Dentistry,ChIJh7Tvu9FdhBzz,7,318,3.8,152,TRUE
KW-0049,2026-09-07,Irving Dental Clinic,ChIJspT0prf6bTT6,2,219,4.3,54,TRUE
KW-0049,2026-09-07,Irving Family Care Dentistry,ChIJh7Tvu9FdhBzz,6,299,3.8,151,TRUE
KW-0049,2026-09-07,Northgate Emergency Dental,ChIJzzEauml9TasN,8,240,4.7,92,TRUE
KW-0050,2026-06-15,Irving Dental Clinic,ChIJspT0prf6bTT6,2,183,4.3,54,TRUE
KW-0050,2026-06-15,Dallas Dental Excellence,ChIJBGTTBQe3AOxu,5,307,4.8,60,TRUE
KW-0050,2026-06-15,Northgate Emergency Dental,ChIJzzEauml9TasN,8,180,4.7,95,TRUE
KW-0050,2026-06-22,Irving Dental Clinic,ChIJspT0prf6bTT6,3,186,4.3,51,TRUE
KW-0050,2026-06-22,Irving Family Care Dentistry,ChIJh7Tvu9FdhBzz,7,267,3.8,154,TRUE
KW-0050,2026-06-22,Northgate Emergency Dental,ChIJzzEauml9TasN,7,188,4.7,95,TRUE
KW-0050,2026-06-29,Irving Dental Clinic,ChIJspT0prf6bTT6,1,189,4.3,56,TRUE
KW-0050,2026-06-29,Irving Family Care Dentistry,ChIJh7Tvu9FdhBzz,3,269,3.8,149,TRUE
KW-0050,2026-06-29,Northgate Emergency Dental,ChIJzzEauml9TasN,7,196,4.7,94,TRUE
KW-0050,2026-07-06,Northgate Emergency Dental,ChIJzzEauml9TasN,8,201,4.7,94,TRUE
KW-0050,2026-07-06,Irving Dental Clinic,ChIJspT0prf6bTT6,5,198,4.3,56,TRUE
KW-0050,2026-07-06,Dallas Dental Excellence,ChIJBGTTBQe3AOxu,10,313,4.8,60,TRUE
KW-0050,2026-07-13,Northgate Emergency Dental,ChIJzzEauml9TasN,6,208,4.7,95,TRUE
KW-0050,2026-07-13,Irving Dental Clinic,ChIJspT0prf6bTT6,8,203,4.3,52,TRUE
KW-0050,2026-07-13,Irving Family Care Dentistry,ChIJh7Tvu9FdhBzz,9,271,3.8,149,TRUE
KW-0050,2026-07-20,Northgate Emergency Dental,ChIJzzEauml9TasN,7,215,4.7,95,TRUE
KW-0050,2026-07-20,Irving Dental Clinic,ChIJspT0prf6bTT6,7,193,4.3,56,TRUE
KW-0050,2026-07-20,Irving Family Care Dentistry,ChIJh7Tvu9FdhBzz,14,278,3.8,150,TRUE
KW-0050,2026-07-27,Northgate Emergency Dental,ChIJzzEauml9TasN,5,228,4.7,95,TRUE
KW-0050,2026-07-27,Irving Family Care Dentistry,ChIJh7Tvu9FdhBzz,10,293,3.8,150,TRUE
KW-0050,2026-07-27,Irving Dental Clinic,ChIJspT0prf6bTT6,12,201,4.3,55,TRUE
KW-0050,2026-08-03,Dallas Dental Excellence,ChIJBGTTBQe3AOxu,8,335,4.8,61,TRUE
KW-0050,2026-08-03,Irving Family Care Dentistry,ChIJh7Tvu9FdhBzz,7,298,3.8,150,TRUE
KW-0050,2026-08-03,Irving Dental Clinic,ChIJspT0prf6bTT6,12,197,4.3,51,TRUE
KW-0050,2026-08-10,Northgate Emergency Dental,ChIJzzEauml9TasN,4,236,4.7,95,TRUE
KW-0050,2026-08-10,Dallas Dental Excellence,ChIJBGTTBQe3AOxu,9,323,4.8,62,TRUE
KW-0050,2026-08-10,Irving Family Care Dentistry,ChIJh7Tvu9FdhBzz,10,295,3.8,150,TRUE
KW-0050,2026-08-17,Northgate Emergency Dental,ChIJzzEauml9TasN,5,234,4.7,93,TRUE
KW-0050,2026-08-17,Irving Dental Clinic,ChIJspT0prf6bTT6,10,228,4.3,51,TRUE
KW-0050,2026-08-17,Dallas Dental Excellence,ChIJBGTTBQe3AOxu,15,334,4.8,61,TRUE
KW-0050,2026-08-24,Irving Dental Clinic,ChIJspT0prf6bTT6,8,233,4.3,52,TRUE
KW-0050,2026-08-24,Dallas Dental Excellence,ChIJBGTTBQe3AOxu,9,337,4.8,60,TRUE
KW-0050,2026-08-24,Irving Family Care Dentistry,ChIJh7Tvu9FdhBzz,12,293,3.8,151,TRUE
KW-0050,2026-08-31,Northgate Emergency Dental,ChIJzzEauml9TasN,2,246,4.7,92,TRUE
KW-0050,2026-08-31,Dallas Dental Excellence,ChIJBGTTBQe3AOxu,12,329,4.8,60,TRUE
KW-0050,2026-08-31,Irving Family Care Dentistry,ChIJh7Tvu9FdhBzz,12,307,3.8,154,TRUE
KW-0050,2026-09-07,Dallas Dental Excellence,ChIJBGTTBQe3AOxu,8,367,4.8,60,TRUE
KW-0050,2026-09-07,Northgate Emergency Dental,ChIJzzEauml9TasN,2,264,4.7,94,TRUE
KW-0050,2026-09-07,Irving Dental Clinic,ChIJspT0prf6bTT6,15,207,4.3,52,TRUE
KW-0051,2026-06-15,Dallas Dental Excellence,ChIJBGTTBQe3AOxu,5,307,4.8,57,TRUE
KW-0051,2026-06-15,Northgate Emergency Dental,ChIJzzEauml9TasN,7,180,4.7,95,TRUE
KW-0051,2026-06-15,Irving Family Care Dentistry,ChIJh7Tvu9FdhBzz,12,263,3.8,153,TRUE
KW-0051,2026-06-22,Northgate Emergency Dental,ChIJzzEauml9TasN,3,183,4.7,96,TRUE
KW-0051,2026-06-22,Irving Dental Clinic,ChIJspT0prf6bTT6,5,187,4.3,55,TRUE
KW-0051,2026-06-22,Dallas Dental Excellence,ChIJBGTTBQe3AOxu,9,311,4.8,59,TRUE
KW-0051,2026-06-29,Northgate Emergency Dental,ChIJzzEauml9TasN,6,186,4.7,93,TRUE
KW-0051,2026-06-29,Irving Dental Clinic,ChIJspT0prf6bTT6,6,189,4.3,55,TRUE
KW-0051,2026-06-29,Dallas Dental Excellence,ChIJBGTTBQe3AOxu,9,317,4.8,62,TRUE
KW-0051,2026-07-06,Irving Dental Clinic,ChIJspT0prf6bTT6,7,195,4.3,53,TRUE
KW-0051,2026-07-06,Dallas Dental Excellence,ChIJBGTTBQe3AOxu,9,313,4.8,57,TRUE
KW-0051,2026-07-06,Northgate Emergency Dental,ChIJzzEauml9TasN,13,186,4.7,92,TRUE
KW-0051,2026-07-13,Northgate Emergency Dental,ChIJzzEauml9TasN,5,200,4.7,92,TRUE
KW-0051,2026-07-13,Dallas Dental Excellence,ChIJBGTTBQe3AOxu,8,315,4.8,62,TRUE
KW-0051,2026-07-13,Irving Dental Clinic,ChIJspT0prf6bTT6,10,195,4.3,53,TRUE
KW-0051,2026-07-20,Irving Family Care Dentistry,ChIJh7Tvu9FdhBzz,4,283,3.8,151,TRUE
KW-0051,2026-07-20,Dallas Dental Excellence,ChIJBGTTBQe3AOxu,6,322,4.8,61,TRUE
KW-0051,2026-07-20,Irving Dental Clinic,ChIJspT0prf6bTT6,13,203,4.3,54,TRUE
KW-0051,2026-07-27,Irving Dental Clinic,ChIJspT0prf6bTT6,5,207,4.3,54,TRUE
KW-0051,2026-07-27,Irving Family Care Dentistry,ChIJh7Tvu9FdhBzz,8,293,3.8,152,TRUE
KW-0051,2026-07-27,Dallas Dental Excellence,ChIJBGTTBQe3AOxu,10,319,4.8,57,TRUE
KW-0051,2026-08-03,Dallas Dental Excellence,ChIJBGTTBQe3AOxu,8,321,4.8,59,TRUE
KW-0051,2026-08-03,Irving Dental Clinic,ChIJspT0prf6bTT6,11,204,4.3,54,TRUE
KW-0051,2026-08-03,Northgate Emergency Dental,ChIJzzEauml9TasN,12,201,4.7,95,TRUE
KW-0051,2026-08-10,Dallas Dental Excellence,ChIJBGTTBQe3AOxu,4,323,4.8,59,TRUE
KW-0051,2026-08-10,Irving Family Care Dentistry,ChIJh7Tvu9FdhBzz,6,303,3.8,154,TRUE
KW-0051,2026-08-10,Irving Dental Clinic,ChIJspT0prf6bTT6,7,223,4.3,51,TRUE
KW-0051,2026-08-17,Northgate Emergency Dental,ChIJzzEauml9TasN,6,216,4.7,92,TRUE
KW-0051,2026-08-17,Irving Dental Clinic,ChIJspT0prf6bTT6,8,210,4.3,51,TRUE
KW-0051,2026-08-17,Irving Family Care Dentistry,ChIJh7Tvu9FdhBzz,11,281,3.8,149,TRUE
KW-0051,2026-08-24,Dallas Dental Excellence,ChIJBGTTBQe3AOxu,3,347,4.8,62,TRUE
KW-0051,2026-08-24,Irving Family Care Dentistry,ChIJh7Tvu9FdhBzz,9,293,3.8,153,TRUE
KW-0051,2026-08-24,Irving Dental Clinic,ChIJspT0prf6bTT6,13,213,4.3,55,TRUE
KW-0051,2026-08-31,Irving Family Care Dentistry,ChIJh7Tvu9FdhBzz,1,318,3.8,151,TRUE
KW-0051,2026-08-31,Dallas Dental Excellence,ChIJBGTTBQe3AOxu,6,329,4.8,58,TRUE
KW-0051,2026-08-31,Irving Dental Clinic,ChIJspT0prf6bTT6,12,227,4.3,56,TRUE
KW-0051,2026-09-07,Dallas Dental Excellence,ChIJBGTTBQe3AOxu,3,343,4.8,60,TRUE
KW-0051,2026-09-07,Northgate Emergency Dental,ChIJzzEauml9TasN,6,228,4.7,97,TRUE
KW-0051,2026-09-07,Irving Family Care Dentistry,ChIJh7Tvu9FdhBzz,12,299,3.8,149,TRUE
KW-0052,2026-06-15,Dallas Dental Excellence,ChIJBGTTBQe3AOxu,3,307,4.8,62,TRUE
KW-0052,2026-06-15,Irving Dental Clinic,ChIJspT0prf6bTT6,3,183,4.3,53,TRUE
KW-0052,2026-06-15,Northgate Emergency Dental,ChIJzzEauml9TasN,9,180,4.7,95,TRUE
KW-0052,2026-06-22,Dallas Dental Excellence,ChIJBGTTBQe3AOxu,3,309,4.8,62,TRUE
KW-0052,2026-06-22,Northgate Emergency Dental,ChIJzzEauml9TasN,7,187,4.7,95,TRUE
KW-0052,2026-06-22,Irving Dental Clinic,ChIJspT0prf6bTT6,10,185,4.3,52,TRUE
KW-0052,2026-06-29,Dallas Dental Excellence,ChIJBGTTBQe3AOxu,4,313,4.8,60,TRUE
KW-0052,2026-06-29,Irving Dental Clinic,ChIJspT0prf6bTT6,5,191,4.3,51,TRUE
KW-0052,2026-06-29,Irving Family Care Dentistry,ChIJh7Tvu9FdhBzz,8,271,3.8,150,TRUE
KW-0052,2026-07-06,Northgate Emergency Dental,ChIJzzEauml9TasN,6,204,4.7,94,TRUE
KW-0052,2026-07-06,Irving Dental Clinic,ChIJspT0prf6bTT6,4,198,4.3,56,TRUE
KW-0052,2026-07-06,Irving Family Care Dentistry,ChIJh7Tvu9FdhBzz,7,269,3.8,149,TRUE
KW-0052,2026-07-13,Irving Family Care Dentistry,ChIJh7Tvu9FdhBzz,1,271,3.8,153,TRUE
KW-0052,2026-07-13,Dallas Dental Excellence,ChIJBGTTBQe3AOxu,5,315,4.8,62,TRUE
KW-0052,2026-07-13,Northgate Emergency Dental,ChIJzzEauml9TasN,7,204,4.7,93,TRUE
KW-0052,2026-07-20,Dallas Dental Excellence,ChIJBGTTBQe3AOxu,3,317,4.8,57,TRUE
KW-0052,2026-07-20,Irving Dental Clinic,ChIJspT0prf6bTT6,9,203,4.3,54,TRUE
KW-0052,2026-07-20,Irving Family Care Dentistry,ChIJh7Tvu9FdhBzz,11,288,3.8,153,TRUE
KW-0052,2026-07-27,Irving Dental Clinic,ChIJspT0prf6bTT6,6,195,4.3,55,TRUE
KW-0052,2026-07-27,Irving Family Care Dentistry,ChIJh7Tvu9FdhBzz,10,293,3.8,149,TRUE
KW-0052,2026-07-27,Dallas Dental Excellence,ChIJBGTTBQe3AOxu,13,319,4.8,58,TRUE
KW-0052,2026-08-03,Dallas Dental Excellence,ChIJBGTTBQe3AOxu,7,321,4.8,62,TRUE
KW-0052,2026-08-03,Northgate Emergency Dental,ChIJzzEauml9TasN,6,236,4.7,93,TRUE
KW-0052,2026-08-03,Irving Family Care Dentistry,ChIJh7Tvu9FdhBzz,13,291,3.8,150,TRUE
KW-0052,2026-08-10,Irving Dental Clinic,ChIJspT0prf6bTT6,9,199,4.3,55,TRUE
KW-0052,2026-08-10,Northgate Emergency Dental,ChIJzzEauml9TasN,4,236,4.7,95,TRUE
KW-0052,2026-08-10,Irving Family Care Dentistry,ChIJh7Tvu9FdhBzz,12,287,3.8,152,TRUE
KW-0052,2026-08-17,Northgate Emergency Dental,ChIJzzEauml9TasN,3,243,4.7,94,TRUE
KW-0052,2026-08-17,Irving Dental Clinic,ChIJspT0prf6bTT6,11,201,4.3,51,TRUE
KW-0052,2026-08-17,Dallas Dental Excellence,ChIJBGTTBQe3AOxu,11,343,4.8,58,TRUE
KW-0052,2026-08-24,Irving Family Care Dentistry,ChIJh7Tvu9FdhBzz,7,303,3.8,150,TRUE
KW-0052,2026-08-24,Dallas Dental Excellence,ChIJBGTTBQe3AOxu,13,357,4.8,60,TRUE
KW-0052,2026-08-24,Irving Dental Clinic,ChIJspT0prf6bTT6,14,203,4.3,51,TRUE
KW-0052,2026-08-31,Irving Family Care Dentistry,ChIJh7Tvu9FdhBzz,9,296,3.8,151,TRUE
KW-0052,2026-08-31,Irving Dental Clinic,ChIJspT0prf6bTT6,14,205,4.3,51,TRUE
KW-0052,2026-08-31,Dallas Dental Excellence,ChIJBGTTBQe3AOxu,15,362,4.8,57,TRUE
KW-0052,2026-09-07,Northgate Emergency Dental,ChIJzzEauml9TasN,3,264,4.7,94,TRUE
KW-0052,2026-09-07,Irving Dental Clinic,ChIJspT0prf6bTT6,13,219,4.3,54,TRUE
KW-0052,2026-09-07,Dallas Dental Excellence,ChIJBGTTBQe3AOxu,14,367,4.8,62,TRUE
KW-0053,2026-06-15,Irving Family Care Dentistry,ChIJh7Tvu9FdhBzz,1,263,3.8,151,TRUE
KW-0053,2026-06-15,Dallas Dental Excellence,ChIJBGTTBQe3AOxu,3,307,4.8,58,TRUE
KW-0053,2026-06-15,Irving Dental Clinic,ChIJspT0prf6bTT6,6,183,4.3,52,TRUE
KW-0053,2026-06-22,Northgate Emergency Dental,ChIJzzEauml9TasN,8,186,4.7,94,TRUE
KW-0053,2026-06-22,Irving Family Care Dentistry,ChIJh7Tvu9FdhBzz,2,265,3.8,149,TRUE
KW-0053,2026-06-22,Irving Dental Clinic,ChIJspT0prf6bTT6,8,188,4.3,56,TRUE
KW-0053,2026-06-29,Irving Dental Clinic,ChIJspT0prf6bTT6,1,191,4.3,53,TRUE
KW-0053,2026-06-29,Dallas Dental Excellence,ChIJBGTTBQe3AOxu,5,311,4.8,62,TRUE
KW-0053,2026-06-29,Northgate Emergency Dental,ChIJzzEauml9TasN,9,196,4.7,93,TRUE
KW-0053,2026-07-06,Irving Family Care Dentistry,ChIJh7Tvu9FdhBzz,2,278,3.8,149,TRUE
KW-0053,2026-07-06,Dallas Dental Excellence,ChIJBGTTBQe3AOxu,6,316,4.8,61,TRUE
KW-0053,2026-07-06,Northgate Emergency Dental,ChIJzzEauml9TasN,8,204,4.7,93,TRUE
KW-0053,2026-07-13,Irving Dental Clinic,ChIJspT0prf6bTT6,2,195,4.3,52,TRUE
KW-0053,2026-07-13,Northgate Emergency Dental,ChIJzzEauml9TasN,8,204,4.7,93,TRUE
KW-0053,2026-07-13,Irving Family Care Dentistry,ChIJh7Tvu9FdhBzz,8,283,3.8,152,TRUE
KW-0053,2026-07-20,Irving Dental Clinic,ChIJspT0prf6bTT6,5,198,4.3,54,TRUE
KW-0053,2026-07-20,Northgate Emergency Dental,ChIJzzEauml9TasN,7,215,4.7,92,TRUE
KW-0053,2026-07-20,Irving Family Care Dentistry,ChIJh7Tvu9FdhBzz,13,278,3.8,154,TRUE
KW-0053,2026-07-27,Northgate Emergency Dental,ChIJzzEauml9TasN,5,228,4.7,93,TRUE
KW-0053,2026-07-27,Dallas Dental Excellence,ChIJBGTTBQe3AOxu,7,319,4.8,59,TRUE
KW-0053,2026-07-27,Irving Dental Clinic,ChIJspT0prf6bTT6,10,213,4.3,56,TRUE
KW-0053,2026-08-03,Northgate Emergency Dental,ChIJzzEauml9TasN,5,229,4.7,94,TRUE
KW-0053,2026-08-03,Dallas Dental Excellence,ChIJBGTTBQe3AOxu,7,342,4.8,62,TRUE
KW-0053,2026-08-03,Irving Family Care Dentistry,ChIJh7Tvu9FdhBzz,9,298,3.8,153,TRUE
KW-0053,2026-08-10,Irving Family Care Dentistry,ChIJh7Tvu9FdhBzz,6,303,3.8,152,TRUE
KW-0053,2026-08-10,Dallas Dental Excellence,ChIJBGTTBQe3AOxu,9,331,4.8,61,TRUE
KW-0053,2026-08-10,Irving Dental Clinic,ChIJspT0prf6bTT6,13,199,4.3,53,TRUE
KW-0053,2026-08-17,Dallas Dental Excellence,ChIJBGTTBQe3AOxu,10,343,4.8,62,TRUE
KW-0053,2026-08-17,Northgate Emergency Dental,ChIJzzEauml9TasN,5,234,4.7,95,TRUE
KW-0053,2026-08-17,Irving Dental Clinic,ChIJspT0prf6bTT6,12,201,4.3,56,TRUE
KW-0053,2026-08-24,Irving Family Care Dentistry,ChIJh7Tvu9FdhBzz,8,283,3.8,149,TRUE
KW-0053,2026-08-24,Dallas Dental Excellence,ChIJBGTTBQe3AOxu,12,327,4.8,57,TRUE
KW-0053,2026-08-24,Northgate Emergency Dental,ChIJzzEauml9TasN,4,240,4.7,92,TRUE
KW-0053,2026-08-31,Irving Family Care Dentistry,ChIJh7Tvu9FdhBzz,10,285,3.8,151,TRUE
KW-0053,2026-08-31,Dallas Dental Excellence,ChIJBGTTBQe3AOxu,12,351,4.8,57,TRUE
KW-0053,2026-08-31,Irving Dental Clinic,ChIJspT0prf6bTT6,18,216,4.3,56,TRUE
KW-0053,2026-09-07,Irving Family Care Dentistry,ChIJh7Tvu9FdhBzz,8,287,3.8,154,TRUE
KW-0053,2026-09-07,Dallas Dental Excellence,ChIJBGTTBQe3AOxu,12,355,4.8,59,TRUE
KW-0053,2026-09-07,Northgate Emergency Dental,ChIJzzEauml9TasN,2,264,4.7,95,TRUE
KW-0054,2026-06-15,Dallas Dental Excellence,ChIJBGTTBQe3AOxu,10,307,4.8,62,TRUE
KW-0054,2026-06-15,Northgate Emergency Dental,ChIJzzEauml9TasN,12,180,4.7,96,TRUE
KW-0054,2026-06-15,Irving Dental Clinic,ChIJspT0prf6bTT6,13,183,4.3,55,TRUE
KW-0054,2026-06-22,Irving Family Care Dentistry,ChIJh7Tvu9FdhBzz,2,266,3.8,153,TRUE
KW-0054,2026-06-22,Dallas Dental Excellence,ChIJBGTTBQe3AOxu,5,311,4.8,57,TRUE
KW-0054,2026-06-22,Northgate Emergency Dental,ChIJzzEauml9TasN,10,182,4.7,93,TRUE
KW-0054,2026-06-29,Northgate Emergency Dental,ChIJzzEauml9TasN,5,188,4.7,94,TRUE
KW-0054,2026-06-29,Irving Family Care Dentistry,ChIJh7Tvu9FdhBzz,7,269,3.8,151,TRUE
KW-0054,2026-06-29,Irving Dental Clinic,ChIJspT0prf6bTT6,9,193,4.3,55,TRUE
KW-0054,2026-07-06,Irving Family Care Dentistry,ChIJh7Tvu9FdhBzz,3,269,3.8,153,TRUE
KW-0054,2026-07-06,Irving Dental Clinic,ChIJspT0prf6bTT6,5,198,4.3,51,TRUE
KW-0054,2026-07-06,Dallas Dental Excellence,ChIJBGTTBQe3AOxu,10,316,4.8,61,TRUE
KW-0054,2026-07-13,Dallas Dental Excellence,ChIJBGTTBQe3AOxu,9,327,4.8,57,TRUE
KW-0054,2026-07-13,Irving Dental Clinic,ChIJspT0prf6bTT6,11,203,4.3,51,TRUE
KW-0054,2026-07-13,Northgate Emergency Dental,ChIJzzEauml9TasN,16,196,4.7,94,TRUE
KW-0054,2026-07-20,Irving Dental Clinic,ChIJspT0prf6bTT6,7,193,4.3,52,TRUE
KW-0054,2026-07-20,Dallas Dental Excellence,ChIJBGTTBQe3AOxu,11,317,4.8,57,TRUE
KW-0054,2026-07-20,Irving Family Care Dentistry,ChIJh7Tvu9FdhBzz,14,283,3.8,149,TRUE
KW-0054,2026-07-27,Irving Family Care Dentistry,ChIJh7Tvu9FdhBzz,7,293,3.8,153,TRUE
KW-0054,2026-07-27,Irving Dental Clinic,ChIJspT0prf6bTT6,7,213,4.3,56,TRUE
KW-0054,2026-07-27,Northgate Emergency Dental,ChIJzzEauml9TasN,10,198,4.7,92,TRUE
KW-0054,2026-08-03,Northgate Emergency Dental,ChIJzzEauml9TasN,3,194,4.7,97,TRUE
KW-0054,2026-08-03,Dallas Dental Excellence,ChIJBGTTBQe3AOxu,7,342,4.8,58,TRUE
KW-0054,2026-08-03,Irving Dental Clinic,ChIJspT0prf6bTT6,11,218,4.3,56,TRUE
KW-0054,2026-08-10,Irving Family Care Dentistry,ChIJh7Tvu9FdhBzz,9,279,3.8,153,TRUE
KW-0054,2026-08-10,Irving Dental Clinic,ChIJspT0prf6bTT6,12,223,4.3,51,TRUE
KW-0054,2026-08-10,Northgate Emergency Dental,ChIJzzEauml9TasN,14,220,4.7,97,TRUE
KW-0054,2026-08-17,Irving Family Care Dentistry,ChIJh7Tvu9FdhBzz,2,308,3.8,152,TRUE
KW-0054,2026-08-17,Dallas Dental Excellence,ChIJBGTTBQe3AOxu,5,352,4.8,60,TRUE
KW-0054,2026-08-17,Northgate Emergency Dental,ChIJzzEauml9TasN,10,207,4.7,92,TRUE
KW-0054,2026-08-24,Irving Dental Clinic,ChIJspT0prf6bTT6,6,213,4.3,52,TRUE
KW-0054,2026-08-24,Northgate Emergency Dental,ChIJzzEauml9TasN,9,220,4.7,97,TRUE
KW-0054,2026-08-24,Irving Family Care Dentistry,ChIJh7Tvu9FdhBzz,9,313,3.8,154,TRUE
KW-0054,2026-08-31,Dallas Dental Excellence,ChIJBGTTBQe3AOxu,9,329,4.8,62,TRUE
KW-0054,2026-08-31,Irving Dental Clinic,ChIJspT0prf6bTT6,13,216,4.3,56,TRUE
KW-0054,2026-08-31,Northgate Emergency Dental,ChIJzzEauml9TasN,13,202,4.7,96,TRUE
KW-0054,2026-09-07,Dallas Dental Excellence,ChIJBGTTBQe3AOxu,3,355,4.8,58,TRUE
KW-0054,2026-09-07,Irving Family Care Dentistry,ChIJh7Tvu9FdhBzz,8,287,3.8,150,TRUE
KW-0054,2026-09-07,Northgate Emergency Dental,ChIJzzEauml9TasN,8,228,4.7,92,TRUE
KW-0055,2026-06-15,Northgate Emergency Dental,ChIJzzEauml9TasN,8,180,4.7,97,TRUE
KW-0055,2026-06-15,Dallas Dental Excellence,ChIJBGTTBQe3AOxu,12,307,4.8,62,TRUE
KW-0055,2026-06-15,Irving Family Care Dentistry,ChIJh7Tvu9FdhBzz,14,263,3.8,151,TRUE
KW-0055,2026-06-22,Irving Family Care Dentistry,ChIJh7Tvu9FdhBzz,9,265,3.8,151,TRUE
KW-0055,2026-06-22,Dallas Dental Excellence,ChIJBGTTBQe3AOxu,9,312,4.8,60,TRUE
KW-0055,2026-06-22,Northgate Emergency Dental,ChIJzzEauml9TasN,14,183,4.7,96,TRUE
KW-0055,2026-06-29,Northgate Emergency Dental,ChIJzzEauml9TasN,11,184,4.7,96,TRUE
KW-0055,2026-06-29,Irving Dental Clinic,ChIJspT0prf6bTT6,14,193,4.3,55,TRUE
KW-0055,2026-06-29,Irving Family Care Dentistry,ChIJh7Tvu9FdhBzz,18,273,3.8,153,TRUE
KW-0055,2026-07-06,Irving Family Care Dentistry,ChIJh7Tvu9FdhBzz,4,272,3.8,151,TRUE
KW-0055,2026-07-06,Dallas Dental Excellence,ChIJBGTTBQe3AOxu,8,322,4.8,62,TRUE
KW-0055,2026-07-06,Northgate Emergency Dental,ChIJzzEauml9TasN,11,186,4.7,95,TRUE
KW-0055,2026-07-13,Northgate Emergency Dental,ChIJzzEauml9TasN,8,196,4.7,92,TRUE
KW-0055,2026-07-13,Dallas Dental Excellence,ChIJBGTTBQe3AOxu,13,327,4.8,60,TRUE
KW-0055,2026-07-13,Irving Dental Clinic,ChIJspT0prf6bTT6,17,203,4.3,55,TRUE
KW-0055,2026-07-20,Irving Dental Clinic,ChIJspT0prf6bTT6,6,198,4.3,56,TRUE
KW-0055,2026-07-20,Dallas Dental Excellence,ChIJBGTTBQe3AOxu,8,327,4.8,59,TRUE
KW-0055,2026-07-20,Irving Family Care Dentistry,ChIJh7Tvu9FdhBzz,11,288,3.8,153,TRUE
KW-0055,2026-07-27,Northgate Emergency Dental,ChIJzzEauml9TasN,7,198,4.7,97,TRUE
KW-0055,2026-07-27,Irving Dental Clinic,ChIJspT0prf6bTT6,10,207,4.3,54,TRUE
KW-0055,2026-07-27,Irving Family Care Dentistry,ChIJh7Tvu9FdhBzz,12,275,3.8,151,TRUE
KW-0055,2026-08-03,Northgate Emergency Dental,ChIJzzEauml9TasN,7,201,4.7,96,TRUE
KW-0055,2026-08-03,Irving Family Care Dentistry,ChIJh7Tvu9FdhBzz,12,284,3.8,151,TRUE
KW-0055,2026-08-03,Irving Dental Clinic,ChIJspT0prf6bTT6,13,204,4.3,54,TRUE
KW-0055,2026-08-10,Northgate Emergency Dental,ChIJzzEauml9TasN,9,196,4.7,93,TRUE
KW-0055,2026-08-10,Dallas Dental Excellence,ChIJBGTTBQe3AOxu,10,347,4.8,59,TRUE
KW-0055,2026-08-10,Irving Dental Clinic,ChIJspT0prf6bTT6,13,223,4.3,55,TRUE
KW-0055,2026-08-17,Irving Family Care Dentistry,ChIJh7Tvu9FdhBzz,8,308,3.8,154,TRUE
KW-0055,2026-08-17,Dallas Dental Excellence,ChIJBGTTBQe3AOxu,10,334,4.8,57,TRUE
KW-0055,2026-08-17,Northgate Emergency Dental,ChIJzzEauml9TasN,12,198,4.7,97,TRUE
KW-0055,2026-08-24,Irving Dental Clinic,ChIJspT0prf6bTT6,9,213,4.3,51,TRUE
KW-0055,2026-08-24,Irving Family Care Dentistry,ChIJh7Tvu9FdhBzz,12,293,3.8,151,TRUE
KW-0055,2026-08-24,Northgate Emergency Dental,ChIJzzEauml9TasN,12,220,4.7,93,TRUE
KW-0055,2026-08-31,Dallas Dental Excellence,ChIJBGTTBQe3AOxu,9,329,4.8,59,TRUE
KW-0055,2026-08-31,Irving Dental Clinic,ChIJspT0prf6bTT6,10,205,4.3,52,TRUE
KW-0055,2026-08-31,Northgate Emergency Dental,ChIJzzEauml9TasN,14,224,4.7,96,TRUE
KW-0055,2026-09-07,Irving Family Care Dentistry,ChIJh7Tvu9FdhBzz,8,323,3.8,151,TRUE
KW-0055,2026-09-07,Northgate Emergency Dental,ChIJzzEauml9TasN,7,228,4.7,93,TRUE
KW-0055,2026-09-07,Irving Dental Clinic,ChIJspT0prf6bTT6,11,231,4.3,51,TRUE
KW-0056,2026-06-15,Dallas Dental Excellence,ChIJBGTTBQe3AOxu,4,307,4.8,61,TRUE
KW-0056,2026-06-15,Irving Dental Clinic,ChIJspT0prf6bTT6,8,183,4.3,51,TRUE
KW-0056,2026-06-15,Northgate Emergency Dental,ChIJzzEauml9TasN,12,180,4.7,93,TRUE
KW-0056,2026-06-22,Dallas Dental Excellence,ChIJBGTTBQe3AOxu,11,312,4.8,60,TRUE
KW-0056,2026-06-22,Northgate Emergency Dental,ChIJzzEauml9TasN,13,185,4.7,95,TRUE
KW-0056,2026-06-22,Irving Dental Clinic,ChIJspT0prf6bTT6,18,187,4.3,53,TRUE
KW-0056,2026-06-29,Northgate Emergency Dental,ChIJzzEauml9TasN,6,188,4.7,96,TRUE
KW-0056,2026-06-29,Irving Family Care Dentistry,ChIJh7Tvu9FdhBzz,10,273,3.8,151,TRUE
KW-0056,2026-06-29,Dallas Dental Excellence,ChIJBGTTBQe3AOxu,13,313,4.8,61,TRUE
KW-0056,2026-07-06,Dallas Dental Excellence,ChIJBGTTBQe3AOxu,9,319,4.8,57,TRUE
KW-0056,2026-07-06,Irving Family Care Dentistry,ChIJh7Tvu9FdhBzz,8,269,3.8,149,TRUE
KW-0056,2026-07-06,Irving Dental Clinic,ChIJspT0prf6bTT6,12,195,4.3,56,TRUE
KW-0056,2026-07-13,Northgate Emergency Dental,ChIJzzEauml9TasN,6,196,4.7,94,TRUE
KW-0056,2026-07-13,Irving Dental Clinic,ChIJspT0prf6bTT6,9,191,4.3,53,TRUE
KW-0056,2026-07-13,Dallas Dental Excellence,ChIJBGTTBQe3AOxu,14,315,4.8,61,TRUE
KW-0056,2026-07-20,Irving Family Care Dentistry,ChIJh7Tvu9FdhBzz,4,283,3.8,151,TRUE
KW-0056,2026-07-20,Dallas Dental Excellence,ChIJBGTTBQe3AOxu,11,332,4.8,61,TRUE
KW-0056,2026-07-20,Irving Dental Clinic,ChIJspT0prf6bTT6,15,198,4.3,54,TRUE
KW-0056,2026-07-27,Northgate Emergency Dental,ChIJzzEauml9TasN,11,204,4.7,97,TRUE
KW-0056,2026-07-27,Irving Family Care Dentistry,ChIJh7Tvu9FdhBzz,13,275,3.8,150,TRUE
KW-0056,2026-07-27,Dallas Dental Excellence,ChIJBGTTBQe3AOxu,16,331,4.8,59,TRUE
KW-0056,2026-08-03,Irving Dental Clinic,ChIJspT0prf6bTT6,6,204,4.3,52,TRUE
KW-0056,2026-08-03,Dallas Dental Excellence,ChIJBGTTBQe3AOxu,9,328,4.8,61,TRUE
KW-0056,2026-08-03,Irving Family Care Dentistry,ChIJh7Tvu9FdhBzz,10,291,3.8,153,TRUE
KW-0056,2026-08-10,Irving Dental Clinic,ChIJspT0prf6bTT6,6,223,4.3,53,TRUE
KW-0056,2026-08-10,Northgate Emergency Dental,ChIJzzEauml9TasN,8,204,4.7,97,TRUE
KW-0056,2026-08-10,Irving Family Care Dentistry,ChIJh7Tvu9FdhBzz,14,295,3.8,149,TRUE
KW-0056,2026-08-17,Northgate Emergency Dental,ChIJzzEauml9TasN,7,225,4.7,93,TRUE
KW-0056,2026-08-17,Irving Family Care Dentistry,ChIJh7Tvu9FdhBzz,13,308,3.8,152,TRUE
KW-0056,2026-08-17,Dallas Dental Excellence,ChIJBGTTBQe3AOxu,16,343,4.8,61,TRUE
KW-0056,2026-08-24,Dallas Dental Excellence,ChIJBGTTBQe3AOxu,10,327,4.8,59,TRUE
KW-0056,2026-08-24,Northgate Emergency Dental,ChIJzzEauml9TasN,12,230,4.7,95,TRUE
KW-0056,2026-08-24,Irving Dental Clinic,ChIJspT0prf6bTT6,17,203,4.3,54,TRUE
KW-0056,2026-08-31,Northgate Emergency Dental,ChIJzzEauml9TasN,8,213,4.7,92,TRUE
KW-0056,2026-08-31,Dallas Dental Excellence,ChIJBGTTBQe3AOxu,8,340,4.8,60,TRUE
KW-0056,2026-08-31,Irving Family Care Dentistry,ChIJh7Tvu9FdhBzz,12,296,3.8,149,TRUE
KW-0056,2026-09-07,Northgate Emergency Dental,ChIJzzEauml9TasN,6,240,4.7,93,TRUE
KW-0056,2026-09-07,Irving Dental Clinic,ChIJspT0prf6bTT6,12,231,4.3,56,TRUE
KW-0056,2026-09-07,Dallas Dental Excellence,ChIJBGTTBQe3AOxu,13,355,4.8,58,TRUE
KW-0057,2026-06-15,Northgate Emergency Dental,ChIJzzEauml9TasN,9,180,4.7,96,TRUE
KW-0057,2026-06-15,Irving Dental Clinic,ChIJspT0prf6bTT6,11,183,4.3,55,TRUE
KW-0057,2026-06-15,Dallas Dental Excellence,ChIJBGTTBQe3AOxu,15,307,4.8,57,TRUE
KW-0057,2026-06-22,Irving Family Care Dentistry,ChIJh7Tvu9FdhBzz,8,268,3.8,151,TRUE
KW-0057,2026-06-22,Dallas Dental Excellence,ChIJBGTTBQe3AOxu,9,311,4.8,59,TRUE
KW-0057,2026-06-22,Northgate Emergency Dental,ChIJzzEauml9TasN,15,182,4.7,93,TRUE
KW-0057,2026-06-29,Irving Family Care Dentistry,ChIJh7Tvu9FdhBzz,6,273,3.8,149,TRUE
KW-0057,2026-06-29,Irving Dental Clinic,ChIJspT0prf6bTT6,9,191,4.3,52,TRUE
KW-0057,2026-06-29,Dallas Dental Excellence,ChIJBGTTBQe3AOxu,16,317,4.8,62,TRUE
KW-0057,2026-07-06,Northgate Emergency Dental,ChIJzzEauml9TasN,5,189,4.7,93,TRUE
KW-0057,2026-07-06,Irving Family Care Dentistry,ChIJh7Tvu9FdhBzz,6,272,3.8,151,TRUE
KW-0057,2026-07-06,Dallas Dental Excellence,ChIJBGTTBQe3AOxu,9,316,4.8,58,TRUE
KW-0057,2026-07-13,Irving Dental Clinic,ChIJspT0prf6bTT6,5,203,4.3,53,TRUE
KW-0057,2026-07-13,Northgate Emergency Dental,ChIJzzEauml9TasN,7,196,4.7,97,TRUE
KW-0057,2026-07-13,Dallas Dental Excellence,ChIJBGTTBQe3AOxu,12,319,4.8,58,TRUE
KW-0057,2026-07-20,Irving Family Care Dentistry,ChIJh7Tvu9FdhBzz,9,283,3.8,151,TRUE
KW-0057,2026-07-20,Irving Dental Clinic,ChIJspT0prf6bTT6,14,193,4.3,55,TRUE
KW-0057,2026-07-20,Dallas Dental Excellence,ChIJBGTTBQe3AOxu,17,317,4.8,60,TRUE
KW-0057,2026-07-27,Dallas Dental Excellence,ChIJBGTTBQe3AOxu,2,319,4.8,58,TRUE
KW-0057,2026-07-27,Irving Dental Clinic,ChIJspT0prf6bTT6,7,207,4.3,56,TRUE
KW-0057,2026-07-27,Irving Family Care Dentistry,ChIJh7Tvu9FdhBzz,8,287,3.8,150,TRUE
KW-0057,2026-08-03,Dallas Dental Excellence,ChIJBGTTBQe3AOxu,8,321,4.8,61,TRUE
KW-0057,2026-08-03,Irving Family Care Dentistry,ChIJh7Tvu9FdhBzz,12,277,3.8,150,TRUE
KW-0057,2026-08-03,Irving Dental Clinic,ChIJspT0prf6bTT6,16,197,4.3,55,TRUE
KW-0057,2026-08-10,Northgate Emergency Dental,ChIJzzEauml9TasN,3,204,4.7,92,TRUE
KW-0057,2026-08-10,Irving Family Care Dentistry,ChIJh7Tvu9FdhBzz,7,279,3.8,154,TRUE
KW-0057,2026-08-10,Irving Dental Clinic,ChIJspT0prf6bTT6,13,223,4.3,54,TRUE
KW-0057,2026-08-17,Northgate Emergency Dental,ChIJzzEauml9TasN,7,198,4.7,92,TRUE
KW-0057,2026-08-17,Irving Dental Clinic,ChIJspT0prf6bTT6,14,201,4.3,52,TRUE
KW-0057,2026-08-17,Dallas Dental Excellence,ChIJBGTTBQe3AOxu,13,325,4.8,61,TRUE
KW-0057,2026-08-24,Irving Dental Clinic,ChIJspT0prf6bTT6,9,233,4.3,52,TRUE
KW-0057,2026-08-24,Northgate Emergency Dental,ChIJzzEauml9TasN,12,200,4.7,94,TRUE
KW-0057,2026-08-24,Irving Family Care Dentistry,ChIJh7Tvu9FdhBzz,16,313,3.8,152,TRUE
KW-0057,2026-08-31,Northgate Emergency Dental,ChIJzzEauml9TasN,5,235,4.7,97,TRUE
KW-0057,2026-08-31,Dallas Dental Excellence,ChIJBGTTBQe3AOxu,10,329,4.8,58,TRUE
KW-0057,2026-08-31,Irving Dental Clinic,ChIJspT0prf6bTT6,12,205,4.3,51,TRUE
KW-0057,2026-09-07,Irving Dental Clinic,ChIJspT0prf6bTT6,5,231,4.3,51,TRUE
KW-0057,2026-09-07,Dallas Dental Excellence,ChIJBGTTBQe3AOxu,10,343,4.8,58,TRUE
KW-0057,2026-09-07,Northgate Emergency Dental,ChIJzzEauml9TasN,14,240,4.7,93,TRUE
KW-0058,2026-06-15,Texas Dental Associates,ChIJFCVpyfDg6a0e,9,212,4.2,48,TRUE
KW-0058,2026-06-15,Houston Dental Group,ChIJCrv23zHsDVwY,9,393,4.5,138,TRUE
KW-0058,2026-06-15,Coastal Smile Dentistry,ChIJPtxuJSPfz4eQ,15,157,4.6,35,TRUE
KW-0058,2026-06-22,Houston Emergency Dental,ChIJRyJUjTxs1fvF,14,384,3.8,27,TRUE
KW-0058,2026-06-22,Vista Point Dental,ChIJzlHgDny5e7u2,14,256,4.2,96,TRUE
KW-0058,2026-06-22,Texas Dental Associates,ChIJFCVpyfDg6a0e,19,216,4.2,46,TRUE
KW-0058,2026-06-29,Houston Dental Group,ChIJCrv23zHsDVwY,8,399,4.5,133,TRUE
KW-0058,2026-06-29,Family Care Houston,ChIJy3YVDiuvdicv,14,203,4.4,79,TRUE
KW-0058,2026-06-29,Vista Point Dental,ChIJzlHgDny5e7u2,15,257,4.2,97,TRUE
KW-0058,2026-07-06,Texas Dental Associates,ChIJFCVpyfDg6a0e,9,218,4.2,46,TRUE
KW-0058,2026-07-06,Houston Emergency Dental,ChIJRyJUjTxs1fvF,10,397,3.8,29,TRUE
KW-0058,2026-07-06,Coastal Smile Dentistry,ChIJPtxuJSPfz4eQ,14,172,4.6,31,TRUE
KW-0058,2026-07-13,Houston Dental Group,ChIJCrv23zHsDVwY,9,409,4.5,134,TRUE
KW-0058,2026-07-13,Coastal Smile Dentistry,ChIJPtxuJSPfz4eQ,10,169,4.6,35,TRUE
KW-0058,2026-07-13,Vista Point Dental,ChIJzlHgDny5e7u2,16,259,4.2,95,TRUE
KW-0058,2026-07-20,Vista Point Dental,ChIJzlHgDny5e7u2,9,276,4.2,96,TRUE
KW-0058,2026-07-20,Family Care Houston,ChIJy3YVDiuvdicv,11,209,4.4,78,TRUE
KW-0058,2026-07-20,Coastal Smile Dentistry,ChIJPtxuJSPfz4eQ,14,177,4.6,32,TRUE
KW-0058,2026-07-27,Houston Dental Group,ChIJCrv23zHsDVwY,9,411,4.5,135,TRUE
KW-0058,2026-07-27,Family Care Houston,ChIJy3YVDiuvdicv,15,211,4.4,76,TRUE
KW-0058,2026-07-27,Coastal Smile Dentistry,ChIJPtxuJSPfz4eQ,14,169,4.6,34,TRUE
KW-0058,2026-08-03,Vista Point Dental,ChIJzlHgDny5e7u2,8,272,4.2,94,TRUE
KW-0058,2026-08-03,Houston Dental Group,ChIJCrv23zHsDVwY,12,421,4.5,133,TRUE
KW-0058,2026-08-03,Family Care Houston,ChIJy3YVDiuvdicv,13,234,4.4,80,TRUE
KW-0058,2026-08-10,Texas Dental Associates,ChIJFCVpyfDg6a0e,7,252,4.2,43,TRUE
KW-0058,2026-08-10,Vista Point Dental,ChIJzlHgDny5e7u2,9,267,4.2,96,TRUE
KW-0058,2026-08-10,Family Care Houston,ChIJy3YVDiuvdicv,13,239,4.4,76,TRUE
KW-0058,2026-08-17,Texas Dental Associates,ChIJFCVpyfDg6a0e,7,239,4.2,43,TRUE
KW-0058,2026-08-17,Vista Point Dental,ChIJzlHgDny5e7u2,11,287,4.2,94,TRUE
KW-0058,2026-08-17,Houston Emergency Dental,ChIJRyJUjTxs1fvF,14,418,3.8,30,TRUE
KW-0058,2026-08-24,Houston Emergency Dental,ChIJRyJUjTxs1fvF,9,402,3.8,31,TRUE
KW-0058,2026-08-24,Coastal Smile Dentistry,ChIJPtxuJSPfz4eQ,11,177,4.6,34,TRUE
KW-0058,2026-08-24,Houston Dental Group,ChIJCrv23zHsDVwY,15,433,4.5,137,TRUE
KW-0058,2026-08-31,Family Care Houston,ChIJy3YVDiuvdicv,13,243,4.4,79,TRUE
KW-0058,2026-08-31,Coastal Smile Dentistry,ChIJPtxuJSPfz4eQ,14,179,4.6,34,TRUE
KW-0058,2026-08-31,Houston Emergency Dental,ChIJRyJUjTxs1fvF,17,415,3.8,31,TRUE
KW-0058,2026-09-07,Texas Dental Associates,ChIJFCVpyfDg6a0e,9,272,4.2,46,TRUE
KW-0058,2026-09-07,Houston Emergency Dental,ChIJRyJUjTxs1fvF,11,406,3.8,28,TRUE
KW-0058,2026-09-07,Houston Dental Group,ChIJCrv23zHsDVwY,14,429,4.5,134,TRUE
KW-0059,2026-06-15,Houston Emergency Dental,ChIJRyJUjTxs1fvF,13,382,3.8,29,TRUE
KW-0059,2026-06-15,Vista Point Dental,ChIJzlHgDny5e7u2,13,251,4.2,96,TRUE
KW-0059,2026-06-15,Texas Dental Associates,ChIJFCVpyfDg6a0e,17,212,4.2,43,TRUE
KW-0059,2026-06-22,Houston Emergency Dental,ChIJRyJUjTxs1fvF,7,384,3.8,28,TRUE
KW-0059,2026-06-22,Texas Dental Associates,ChIJFCVpyfDg6a0e,8,216,4.2,47,TRUE
KW-0059,2026-06-22,Family Care Houston,ChIJy3YVDiuvdicv,10,203,4.4,80,TRUE
KW-0059,2026-06-29,Coastal Smile Dentistry,ChIJPtxuJSPfz4eQ,6,161,4.6,32,TRUE
KW-0059,2026-06-29,Houston Dental Group,ChIJCrv23zHsDVwY,8,401,4.5,138,TRUE
KW-0059,2026-06-29,Vista Point Dental,ChIJzlHgDny5e7u2,15,261,4.2,98,TRUE
KW-0059,2026-07-06,Houston Emergency Dental,ChIJRyJUjTxs1fvF,13,397,3.8,31,TRUE
KW-0059,2026-07-06,Houston Dental Group,ChIJCrv23zHsDVwY,15,408,4.5,137,TRUE
KW-0059,2026-07-06,Vista Point Dental,ChIJzlHgDny5e7u2,18,257,4.2,97,TRUE
KW-0059,2026-07-13,Vista Point Dental,ChIJzlHgDny5e7u2,10,259,4.2,97,TRUE
KW-0059,2026-07-13,Houston Dental Group,ChIJCrv23zHsDVwY,13,405,4.5,134,TRUE
KW-0059,2026-07-13,Texas Dental Associates,ChIJFCVpyfDg6a0e,15,232,4.2,44,TRUE
KW-0059,2026-07-20,Family Care Houston,ChIJy3YVDiuvdicv,5,224,4.4,76,TRUE
KW-0059,2026-07-20,Texas Dental Associates,ChIJFCVpyfDg6a0e,11,227,4.2,46,TRUE
KW-0059,2026-07-20,Coastal Smile Dentistry,ChIJPtxuJSPfz4eQ,14,167,4.6,31,TRUE
KW-0059,2026-07-27,Vista Point Dental,ChIJzlHgDny5e7u2,8,263,4.2,94,TRUE
KW-0059,2026-07-27,Texas Dental Associates,ChIJFCVpyfDg6a0e,11,230,4.2,48,TRUE
KW-0059,2026-07-27,Houston Emergency Dental,ChIJRyJUjTxs1fvF,15,406,3.8,26,TRUE
KW-0059,2026-08-03,Vista Point Dental,ChIJzlHgDny5e7u2,11,272,4.2,94,TRUE
KW-0059,2026-08-03,Houston Dental Group,ChIJCrv23zHsDVwY,15,407,4.5,138,TRUE
KW-0059,2026-08-03,Coastal Smile Dentistry,ChIJPtxuJSPfz4eQ,18,171,4.6,30,TRUE
KW-0059,2026-08-10,Houston Emergency Dental,ChIJRyJUjTxs1fvF,9,406,3.8,26,TRUE
KW-0059,2026-08-10,Coastal Smile Dentistry,ChIJPtxuJSPfz4eQ,14,181,4.6,34,TRUE
KW-0059,2026-08-10,Texas Dental Associates,ChIJFCVpyfDg6a0e,17,252,4.2,43,TRUE
KW-0059,2026-08-17,Houston Dental Group,ChIJCrv23zHsDVwY,9,438,4.5,136,TRUE
KW-0059,2026-08-17,Vista Point Dental,ChIJzlHgDny5e7u2,15,269,4.2,95,TRUE
KW-0059,2026-08-17,Texas Dental Associates,ChIJFCVpyfDg6a0e,17,230,4.2,45,TRUE
KW-0059,2026-08-24,Houston Emergency Dental,ChIJRyJUjTxs1fvF,13,422,3.8,27,TRUE
KW-0059,2026-08-24,Vista Point Dental,ChIJzlHgDny5e7u2,15,281,4.2,97,TRUE
KW-0059,2026-08-24,Texas Dental Associates,ChIJFCVpyfDg6a0e,19,262,4.2,48,TRUE
KW-0059,2026-08-31,Vista Point Dental,ChIJzlHgDny5e7u2,11,284,4.2,99,TRUE
KW-0059,2026-08-31,Coastal Smile Dentistry,ChIJPtxuJSPfz4eQ,15,179,4.6,34,TRUE
KW-0059,2026-08-31,Family Care Houston,ChIJy3YVDiuvdicv,16,243,4.4,79,TRUE
KW-0059,2026-09-07,Houston Emergency Dental,ChIJRyJUjTxs1fvF,9,430,3.8,31,TRUE
KW-0059,2026-09-07,Texas Dental Associates,ChIJFCVpyfDg6a0e,9,260,4.2,48,TRUE
KW-0059,2026-09-07,Houston Dental Group,ChIJCrv23zHsDVwY,13,417,4.5,136,TRUE
KW-0060,2026-06-15,Family Care Houston,ChIJy3YVDiuvdicv,8,199,4.4,81,TRUE
KW-0060,2026-06-15,Houston Emergency Dental,ChIJRyJUjTxs1fvF,13,382,3.8,29,TRUE
KW-0060,2026-06-15,Houston Dental Group,ChIJCrv23zHsDVwY,16,393,4.5,137,TRUE
KW-0060,2026-06-22,Vista Point Dental,ChIJzlHgDny5e7u2,8,254,4.2,94,TRUE
KW-0060,2026-06-22,Coastal Smile Dentistry,ChIJPtxuJSPfz4eQ,10,160,4.6,34,TRUE
KW-0060,2026-06-22,Houston Emergency Dental,ChIJRyJUjTxs1fvF,13,387,3.8,27,TRUE
KW-0060,2026-06-29,Coastal Smile Dentistry,ChIJPtxuJSPfz4eQ,7,165,4.6,34,TRUE
KW-0060,2026-06-29,Texas Dental Associates,ChIJFCVpyfDg6a0e,9,216,4.2,47,TRUE
KW-0060,2026-06-29,Houston Dental Group,ChIJCrv23zHsDVwY,13,401,4.5,137,TRUE
KW-0060,2026-07-06,Texas Dental Associates,ChIJFCVpyfDg6a0e,6,227,4.2,44,TRUE
KW-0060,2026-07-06,Family Care Houston,ChIJy3YVDiuvdicv,13,214,4.4,77,TRUE
KW-0060,2026-07-06,Houston Dental Group,ChIJCrv23zHsDVwY,17,399,4.5,136,TRUE
KW-0060,2026-07-13,Texas Dental Associates,ChIJFCVpyfDg6a0e,4,224,4.2,43,TRUE
KW-0060,2026-07-13,Vista Point Dental,ChIJzlHgDny5e7u2,8,267,4.2,99,TRUE
KW-0060,2026-07-13,Family Care Houston,ChIJy3YVDiuvdicv,12,211,4.4,81,TRUE
KW-0060,2026-07-20,Vista Point Dental,ChIJzlHgDny5e7u2,10,261,4.2,96,TRUE
KW-0060,2026-07-20,Houston Dental Group,ChIJCrv23zHsDVwY,11,403,4.5,135,TRUE
KW-0060,2026-07-20,Texas Dental Associates,ChIJFCVpyfDg6a0e,13,237,4.2,45,TRUE
KW-0060,2026-07-27,Vista Point Dental,ChIJzlHgDny5e7u2,11,281,4.2,95,TRUE
KW-0060,2026-07-27,Houston Dental Group,ChIJCrv23zHsDVwY,12,405,4.5,136,TRUE
KW-0060,2026-07-27,Coastal Smile Dentistry,ChIJPtxuJSPfz4eQ,15,175,4.6,35,TRUE
KW-0060,2026-08-03,Coastal Smile Dentistry,ChIJPtxuJSPfz4eQ,6,192,4.6,35,TRUE
KW-0060,2026-08-03,Vista Point Dental,ChIJzlHgDny5e7u2,9,272,4.2,99,TRUE
KW-0060,2026-08-03,Houston Emergency Dental,ChIJRyJUjTxs1fvF,12,396,3.8,29,TRUE
KW-0060,2026-08-10,Texas Dental Associates,ChIJFCVpyfDg6a0e,7,252,4.2,45,TRUE
KW-0060,2026-08-10,Houston Dental Group,ChIJCrv23zHsDVwY,10,417,4.5,135,TRUE
KW-0060,2026-08-10,Vista Point Dental,ChIJzlHgDny5e7u2,15,291,4.2,99,TRUE
KW-0060,2026-08-17,Coastal Smile Dentistry,ChIJPtxuJSPfz4eQ,7,202,4.6,35,TRUE
KW-0060,2026-08-17,Texas Dental Associates,ChIJFCVpyfDg6a0e,13,248,4.2,47,TRUE
KW-0060,2026-08-17,Houston Emergency Dental,ChIJRyJUjTxs1fvF,15,400,3.8,28,TRUE
KW-0060,2026-08-24,Texas Dental Associates,ChIJFCVpyfDg6a0e,5,232,4.2,43,TRUE
KW-0060,2026-08-24,Coastal Smile Dentistry,ChIJPtxuJSPfz4eQ,10,187,4.6,30,TRUE
KW-0060,2026-08-24,Family Care Houston,ChIJy3YVDiuvdicv,16,239,4.4,77,TRUE
KW-0060,2026-08-31,Houston Emergency Dental,ChIJRyJUjTxs1fvF,10,437,3.8,26,TRUE
KW-0060,2026-08-31,Vista Point Dental,ChIJzlHgDny5e7u2,12,284,4.2,98,TRUE
KW-0060,2026-08-31,Coastal Smile Dentistry,ChIJPtxuJSPfz4eQ,19,190,4.6,33,TRUE
KW-0060,2026-09-07,Houston Dental Group,ChIJCrv23zHsDVwY,9,441,4.5,135,TRUE
KW-0060,2026-09-07,Houston Emergency Dental,ChIJRyJUjTxs1fvF,9,442,3.8,29,TRUE
KW-0060,2026-09-07,Family Care Houston,ChIJy3YVDiuvdicv,11,223,4.4,80,TRUE
KW-0061,2026-06-15,Family Care Houston,ChIJy3YVDiuvdicv,15,199,4.4,77,TRUE
KW-0061,2026-06-15,Texas Dental Associates,ChIJFCVpyfDg6a0e,17,212,4.2,46,TRUE
KW-0061,2026-06-15,Coastal Smile Dentistry,ChIJPtxuJSPfz4eQ,21,157,4.6,33,TRUE
KW-0061,2026-06-22,Houston Emergency Dental,ChIJRyJUjTxs1fvF,12,385,3.8,26,TRUE
KW-0061,2026-06-22,Vista Point Dental,ChIJzlHgDny5e7u2,15,256,4.2,96,TRUE
KW-0061,2026-06-22,Coastal Smile Dentistry,ChIJPtxuJSPfz4eQ,19,161,4.6,34,TRUE
KW-0061,2026-06-29,Texas Dental Associates,ChIJFCVpyfDg6a0e,8,218,4.2,47,TRUE
KW-0061,2026-06-29,Houston Emergency Dental,ChIJRyJUjTxs1fvF,10,392,3.8,27,TRUE
KW-0061,2026-06-29,Coastal Smile Dentistry,ChIJPtxuJSPfz4eQ,14,165,4.6,33,TRUE
KW-0061,2026-07-06,Houston Dental Group,ChIJCrv23zHsDVwY,12,399,4.5,133,TRUE
KW-0061,2026-07-06,Family Care Houston,ChIJy3YVDiuvdicv,15,211,4.4,77,TRUE
KW-0061,2026-07-06,Houston Emergency Dental,ChIJRyJUjTxs1fvF,15,397,3.8,27,TRUE
KW-0061,2026-07-13,Vista Point Dental,ChIJzlHgDny5e7u2,9,271,4.2,97,TRUE
KW-0061,2026-07-13,Houston Dental Group,ChIJCrv23zHsDVwY,14,409,4.5,136,TRUE
KW-0061,2026-07-13,Texas Dental Associates,ChIJFCVpyfDg6a0e,15,220,4.2,46,TRUE
KW-0061,2026-07-20,Vista Point Dental,ChIJzlHgDny5e7u2,7,261,4.2,96,TRUE
KW-0061,2026-07-20,Family Care Houston,ChIJy3YVDiuvdicv,12,224,4.4,76,TRUE
KW-0061,2026-07-20,Houston Dental Group,ChIJCrv23zHsDVwY,12,403,4.5,136,TRUE
KW-0061,2026-07-27,Texas Dental Associates,ChIJFCVpyfDg6a0e,13,230,4.2,44,TRUE
KW-0061,2026-07-27,Houston Emergency Dental,ChIJRyJUjTxs1fvF,15,406,3.8,29,TRUE
KW-0061,2026-07-27,Family Care Houston,ChIJy3YVDiuvdicv,18,229,4.4,77,TRUE
KW-0061,2026-08-03,Houston Emergency Dental,ChIJRyJUjTxs1fvF,14,396,3.8,27,TRUE
KW-0061,2026-08-03,Coastal Smile Dentistry,ChIJPtxuJSPfz4eQ,15,178,4.6,30,TRUE
KW-0061,2026-08-03,Houston Dental Group,ChIJCrv23zHsDVwY,19,414,4.5,138,TRUE
KW-0061,2026-08-10,Coastal Smile Dentistry,ChIJPtxuJSPfz4eQ,13,173,4.6,33,TRUE
KW-0061,2026-08-10,Houston Dental Group,ChIJCrv23zHsDVwY,15,417,4.5,135,TRUE
KW-0061,2026-08-10,Houston Emergency Dental,ChIJRyJUjTxs1fvF,17,414,3.8,27,TRUE
KW-0061,2026-08-17,Family Care Houston,ChIJy3YVDiuvdicv,8,235,4.4,78,TRUE
KW-0061,2026-08-17,Texas Dental Associates,ChIJFCVpyfDg6a0e,10,230,4.2,48,TRUE
KW-0061,2026-08-17,Houston Dental Group,ChIJCrv23zHsDVwY,15,429,4.5,138,TRUE
KW-0061,2026-08-24,Coastal Smile Dentistry,ChIJPtxuJSPfz4eQ,9,187,4.6,30,TRUE
KW-0061,2026-08-24,Houston Emergency Dental,ChIJRyJUjTxs1fvF,13,412,3.8,27,TRUE
KW-0061,2026-08-24,Family Care Houston,ChIJy3YVDiuvdicv,19,239,4.4,80,TRUE
KW-0061,2026-08-31,Family Care Houston,ChIJy3YVDiuvdicv,14,254,4.4,77,TRUE
KW-0061,2026-08-31,Houston Emergency Dental,ChIJRyJUjTxs1fvF,16,415,3.8,29,TRUE
KW-0061,2026-08-31,Vista Point Dental,ChIJzlHgDny5e7u2,16,284,4.2,98,TRUE
KW-0061,2026-09-07,Houston Emergency Dental,ChIJRyJUjTxs1fvF,13,406,3.8,31,TRUE
KW-0061,2026-09-07,Houston Dental Group,ChIJCrv23zHsDVwY,14,417,4.5,137,TRUE
KW-0061,2026-09-07,Vista Point Dental,ChIJzlHgDny5e7u2,18,275,4.2,96,TRUE
KW-0062,2026-06-15,Family Care Houston,ChIJy3YVDiuvdicv,9,199,4.4,81,TRUE
KW-0062,2026-06-15,Houston Dental Group,ChIJCrv23zHsDVwY,12,393,4.5,137,TRUE
KW-0062,2026-06-15,Vista Point Dental,ChIJzlHgDny5e7u2,15,251,4.2,96,TRUE
KW-0062,2026-06-22,Vista Point Dental,ChIJzlHgDny5e7u2,8,256,4.2,97,TRUE
KW-0062,2026-06-22,Family Care Houston,ChIJy3YVDiuvdicv,11,201,4.4,79,TRUE
KW-0062,2026-06-22,Texas Dental Associates,ChIJFCVpyfDg6a0e,13,216,4.2,45,TRUE
KW-0062,2026-06-29,Family Care Houston,ChIJy3YVDiuvdicv,11,203,4.4,80,TRUE
KW-0062,2026-06-29,Coastal Smile Dentistry,ChIJPtxuJSPfz4eQ,13,161,4.6,33,TRUE
KW-0062,2026-06-29,Texas Dental Associates,ChIJFCVpyfDg6a0e,16,222,4.2,48,TRUE
KW-0062,2026-07-06,Vista Point Dental,ChIJzlHgDny5e7u2,11,260,4.2,98,TRUE
KW-0062,2026-07-06,Family Care Houston,ChIJy3YVDiuvdicv,15,214,4.4,80,TRUE
KW-0062,2026-07-06,Coastal Smile Dentistry,ChIJPtxuJSPfz4eQ,20,166,4.6,35,TRUE
KW-0062,2026-07-13,Vista Point Dental,ChIJzlHgDny5e7u2,11,271,4.2,94,TRUE
KW-0062,2026-07-13,Coastal Smile Dentistry,ChIJPtxuJSPfz4eQ,16,169,4.6,32,TRUE
KW-0062,2026-07-13,Texas Dental Associates,ChIJFCVpyfDg6a0e,17,220,4.2,43,TRUE
KW-0062,2026-07-20,Texas Dental Associates,ChIJFCVpyfDg6a0e,12,227,4.2,45,TRUE
KW-0062,2026-07-20,Family Care Houston,ChIJy3YVDiuvdicv,15,214,4.4,80,TRUE
KW-0062,2026-07-20,Houston Emergency Dental,ChIJRyJUjTxs1fvF,18,397,3.8,27,TRUE
KW-0062,2026-07-27,Vista Point Dental,ChIJzlHgDny5e7u2,12,263,4.2,97,TRUE
KW-0062,2026-07-27,Houston Dental Group,ChIJCrv23zHsDVwY,14,411,4.5,137,TRUE
KW-0062,2026-07-27,Family Care Houston,ChIJy3YVDiuvdicv,17,217,4.4,77,TRUE
KW-0062,2026-08-03,Vista Point Dental,ChIJzlHgDny5e7u2,9,272,4.2,95,TRUE
KW-0062,2026-08-03,Family Care Houston,ChIJy3YVDiuvdicv,10,213,4.4,81,TRUE
KW-0062,2026-08-03,Texas Dental Associates,ChIJFCVpyfDg6a0e,17,247,4.2,46,TRUE
KW-0062,2026-08-10,Vista Point Dental,ChIJzlHgDny5e7u2,11,291,4.2,94,TRUE
KW-0062,2026-08-10,Family Care Houston,ChIJy3YVDiuvdicv,12,231,4.4,77,TRUE
KW-0062,2026-08-10,Texas Dental Associates,ChIJFCVpyfDg6a0e,18,228,4.2,45,TRUE
KW-0062,2026-08-17,Family Care Houston,ChIJy3YVDiuvdicv,7,217,4.4,80,TRUE
KW-0062,2026-08-17,Houston Dental Group,ChIJCrv23zHsDVwY,9,438,4.5,135,TRUE
KW-0062,2026-08-17,Coastal Smile Dentistry,ChIJPtxuJSPfz4eQ,13,184,4.6,32,TRUE
KW-0062,2026-08-24,Houston Emergency Dental,ChIJRyJUjTxs1fvF,7,402,3.8,26,TRUE
KW-0062,2026-08-24,Texas Dental Associates,ChIJFCVpyfDg6a0e,11,262,4.2,46,TRUE
KW-0062,2026-08-24,Coastal Smile Dentistry,ChIJPtxuJSPfz4eQ,13,197,4.6,32,TRUE
KW-0062,2026-08-31,Family Care Houston,ChIJy3YVDiuvdicv,8,243,4.4,76,TRUE
KW-0062,2026-08-31,Texas Dental Associates,ChIJFCVpyfDg6a0e,11,267,4.2,46,TRUE
KW-0062,2026-08-31,Houston Emergency Dental,ChIJRyJUjTxs1fvF,18,437,3.8,28,TRUE
KW-0062,2026-09-07,Vista Point Dental,ChIJzlHgDny5e7u2,8,275,4.2,99,TRUE
KW-0062,2026-09-07,Family Care Houston,ChIJy3YVDiuvdicv,10,247,4.4,76,TRUE
KW-0062,2026-09-07,Houston Emergency Dental,ChIJRyJUjTxs1fvF,14,406,3.8,29,TRUE
KW-0063,2026-06-15,Texas Dental Associates,ChIJFCVpyfDg6a0e,10,212,4.2,47,TRUE
KW-0063,2026-06-15,Coastal Smile Dentistry,ChIJPtxuJSPfz4eQ,15,157,4.6,34,TRUE
KW-0063,2026-06-15,Houston Emergency Dental,ChIJRyJUjTxs1fvF,16,382,3.8,29,TRUE
KW-0063,2026-06-22,Family Care Houston,ChIJy3YVDiuvdicv,13,204,4.4,76,TRUE
KW-0063,2026-06-22,Texas Dental Associates,ChIJFCVpyfDg6a0e,13,217,4.2,47,TRUE
KW-0063,2026-06-22,Houston Emergency Dental,ChIJRyJUjTxs1fvF,16,387,3.8,30,TRUE
KW-0063,2026-06-29,Family Care Houston,ChIJy3YVDiuvdicv,10,207,4.4,80,TRUE
KW-0063,2026-06-29,Houston Emergency Dental,ChIJRyJUjTxs1fvF,14,390,3.8,29,TRUE
KW-0063,2026-06-29,Vista Point Dental,ChIJzlHgDny5e7u2,18,261,4.2,94,TRUE
KW-0063,2026-07-06,Texas Dental Associates,ChIJFCVpyfDg6a0e,11,221,4.2,46,TRUE
KW-0063,2026-07-06,Houston Dental Group,ChIJCrv23zHsDVwY,15,408,4.5,138,TRUE
KW-0063,2026-07-06,Family Care Houston,ChIJy3YVDiuvdicv,18,214,4.4,76,TRUE
KW-0063,2026-07-13,Vista Point Dental,ChIJzlHgDny5e7u2,8,263,4.2,94,TRUE
KW-0063,2026-07-13,Texas Dental Associates,ChIJFCVpyfDg6a0e,12,228,4.2,47,TRUE
KW-0063,2026-07-13,Family Care Houston,ChIJy3YVDiuvdicv,13,219,4.4,79,TRUE
KW-0063,2026-07-20,Coastal Smile Dentistry,ChIJPtxuJSPfz4eQ,10,182,4.6,34,TRUE
KW-0063,2026-07-20,Vista Point Dental,ChIJzlHgDny5e7u2,11,261,4.2,98,TRUE
KW-0063,2026-07-20,Houston Dental Group,ChIJCrv23zHsDVwY,16,413,4.5,133,TRUE
KW-0063,2026-07-27,Family Care Houston,ChIJy3YVDiuvdicv,13,223,4.4,77,TRUE
KW-0063,2026-07-27,Texas Dental Associates,ChIJFCVpyfDg6a0e,13,242,4.2,45,TRUE
KW-0063,2026-07-27,Houston Emergency Dental,ChIJRyJUjTxs1fvF,16,412,3.8,26,TRUE
KW-0063,2026-08-03,Coastal Smile Dentistry,ChIJPtxuJSPfz4eQ,11,185,4.6,35,TRUE
KW-0063,2026-08-03,Family Care Houston,ChIJy3YVDiuvdicv,15,234,4.4,76,TRUE
KW-0063,2026-08-03,Texas Dental Associates,ChIJFCVpyfDg6a0e,19,233,4.2,43,TRUE
KW-0063,2026-08-10,Houston Dental Group,ChIJCrv23zHsDVwY,9,409,4.5,138,TRUE
KW-0063,2026-08-10,Family Care Houston,ChIJy3YVDiuvdicv,12,239,4.4,77,TRUE
KW-0063,2026-08-10,Coastal Smile Dentistry,ChIJPtxuJSPfz4eQ,18,197,4.6,32,TRUE
KW-0063,2026-08-17,Houston Emergency Dental,ChIJRyJUjTxs1fvF,8,427,3.8,27,TRUE
KW-0063,2026-08-17,Houston Dental Group,ChIJCrv23zHsDVwY,9,429,4.5,138,TRUE
KW-0063,2026-08-17,Texas Dental Associates,ChIJFCVpyfDg6a0e,11,230,4.2,43,TRUE
KW-0063,2026-08-24,Texas Dental Associates,ChIJFCVpyfDg6a0e,11,262,4.2,44,TRUE
KW-0063,2026-08-24,Family Care Houston,ChIJy3YVDiuvdicv,12,249,4.4,76,TRUE
KW-0063,2026-08-24,Houston Dental Group,ChIJCrv23zHsDVwY,16,413,4.5,136,TRUE
KW-0063,2026-08-31,Vista Point Dental,ChIJzlHgDny5e7u2,6,295,4.2,94,TRUE
KW-0063,2026-08-31,Coastal Smile Dentistry,ChIJPtxuJSPfz4eQ,9,212,4.6,30,TRUE
KW-0063,2026-08-31,Family Care Houston,ChIJy3YVDiuvdicv,12,243,4.4,77,TRUE
KW-0063,2026-09-07,Vista Point Dental,ChIJzlHgDny5e7u2,12,275,4.2,98,TRUE
KW-0063,2026-09-07,Family Care Houston,ChIJy3YVDiuvdicv,12,223,4.4,76,TRUE
KW-0063,2026-09-07,Coastal Smile Dentistry,ChIJPtxuJSPfz4eQ,14,217,4.6,34,TRUE
KW-0064,2026-06-15,Family Care Houston,ChIJy3YVDiuvdicv,12,199,4.4,80,TRUE
KW-0064,2026-06-15,Vista Point Dental,ChIJzlHgDny5e7u2,15,251,4.2,99,TRUE
KW-0064,2026-06-15,Texas Dental Associates,ChIJFCVpyfDg6a0e,17,212,4.2,47,TRUE
KW-0064,2026-06-22,Houston Emergency Dental,ChIJRyJUjTxs1fvF,14,385,3.8,30,TRUE
KW-0064,2026-06-22,Family Care Houston,ChIJy3YVDiuvdicv,17,204,4.4,76,TRUE
KW-0064,2026-06-22,Houston Dental Group,ChIJCrv23zHsDVwY,18,396,4.5,136,TRUE
KW-0064,2026-06-29,Coastal Smile Dentistry,ChIJPtxuJSPfz4eQ,10,161,4.6,32,TRUE
KW-0064,2026-06-29,Texas Dental Associates,ChIJFCVpyfDg6a0e,12,218,4.2,45,TRUE
KW-0064,2026-06-29,Vista Point Dental,ChIJzlHgDny5e7u2,19,257,4.2,99,TRUE
KW-0064,2026-07-06,Vista Point Dental,ChIJzlHgDny5e7u2,12,266,4.2,96,TRUE
KW-0064,2026-07-06,Houston Emergency Dental,ChIJRyJUjTxs1fvF,13,394,3.8,27,TRUE
KW-0064,2026-07-06,Coastal Smile Dentistry,ChIJPtxuJSPfz4eQ,15,172,4.6,32,TRUE
KW-0064,2026-07-13,Houston Emergency Dental,ChIJRyJUjTxs1fvF,13,394,3.8,31,TRUE
KW-0064,2026-07-13,Vista Point Dental,ChIJzlHgDny5e7u2,17,263,4.2,98,TRUE
KW-0064,2026-07-13,Family Care Houston,ChIJy3YVDiuvdicv,19,215,4.4,77,TRUE
KW-0064,2026-07-20,Family Care Houston,ChIJy3YVDiuvdicv,12,219,4.4,78,TRUE
KW-0064,2026-07-20,Coastal Smile Dentistry,ChIJPtxuJSPfz4eQ,17,182,4.6,32,TRUE
KW-0064,2026-07-20,Houston Emergency Dental,ChIJRyJUjTxs1fvF,18,407,3.8,28,TRUE
KW-0064,2026-07-27,Texas Dental Associates,ChIJFCVpyfDg6a0e,14,242,4.2,44,TRUE
KW-0064,2026-07-27,Coastal Smile Dentistry,ChIJPtxuJSPfz4eQ,15,169,4.6,34,TRUE
KW-0064,2026-07-27,Family Care Houston,ChIJy3YVDiuvdicv,18,223,4.4,76,TRUE
KW-0064,2026-08-03,Houston Emergency Dental,ChIJRyJUjTxs1fvF,7,403,3.8,26,TRUE
KW-0064,2026-08-03,Coastal Smile Dentistry,ChIJPtxuJSPfz4eQ,11,192,4.6,34,TRUE
KW-0064,2026-08-03,Vista Point Dental,ChIJzlHgDny5e7u2,14,265,4.2,95,TRUE
KW-0064,2026-08-10,Coastal Smile Dentistry,ChIJPtxuJSPfz4eQ,12,181,4.6,35,TRUE
KW-0064,2026-08-10,Houston Emergency Dental,ChIJRyJUjTxs1fvF,16,414,3.8,27,TRUE
KW-0064,2026-08-10,Texas Dental Associates,ChIJFCVpyfDg6a0e,18,228,4.2,48,TRUE
KW-0064,2026-08-17,Vista Point Dental,ChIJzlHgDny5e7u2,13,287,4.2,98,TRUE
KW-0064,2026-08-17,Family Care Houston,ChIJy3YVDiuvdicv,12,217,4.4,77,TRUE
KW-0064,2026-08-17,Houston Dental Group,ChIJCrv23zHsDVwY,15,411,4.5,135,TRUE
KW-0064,2026-08-24,Coastal Smile Dentistry,ChIJPtxuJSPfz4eQ,10,207,4.6,35,TRUE
KW-0064,2026-08-24,Houston Dental Group,ChIJCrv23zHsDVwY,13,413,4.5,136,TRUE
KW-0064,2026-08-24,Texas Dental Associates,ChIJFCVpyfDg6a0e,14,262,4.2,43,TRUE
KW-0064,2026-08-31,Family Care Houston,ChIJy3YVDiuvdicv,11,243,4.4,81,TRUE
KW-0064,2026-08-31,Houston Dental Group,ChIJCrv23zHsDVwY,16,415,4.5,134,TRUE
KW-0064,2026-08-31,Texas Dental Associates,ChIJFCVpyfDg6a0e,18,234,4.2,43,TRUE
KW-0064,2026-09-07,Coastal Smile Dentistry,ChIJPtxuJSPfz4eQ,11,193,4.6,35,TRUE
KW-0064,2026-09-07,Texas Dental Associates,ChIJFCVpyfDg6a0e,14,236,4.2,45,TRUE
KW-0064,2026-09-07,Houston Dental Group,ChIJCrv23zHsDVwY,18,417,4.5,134,TRUE
KW-0065,2026-06-15,Vista Point Dental,ChIJzlHgDny5e7u2,11,251,4.2,99,TRUE
KW-0065,2026-06-15,Texas Dental Associates,ChIJFCVpyfDg6a0e,13,212,4.2,48,TRUE
KW-0065,2026-06-15,Coastal Smile Dentistry,ChIJPtxuJSPfz4eQ,17,157,4.6,32,TRUE
KW-0065,2026-06-22,Coastal Smile Dentistry,ChIJPtxuJSPfz4eQ,9,161,4.6,33,TRUE
KW-0065,2026-06-22,Texas Dental Associates,ChIJFCVpyfDg6a0e,11,214,4.2,46,TRUE
KW-0065,2026-06-22,Family Care Houston,ChIJy3YVDiuvdicv,14,201,4.4,79,TRUE
KW-0065,2026-06-29,Houston Emergency Dental,ChIJRyJUjTxs1fvF,15,392,3.8,29,TRUE
KW-0065,2026-06-29,Texas Dental Associates,ChIJFCVpyfDg6a0e,14,218,4.2,46,TRUE
KW-0065,2026-06-29,Vista Point Dental,ChIJzlHgDny5e7u2,20,257,4.2,99,TRUE
KW-0065,2026-07-06,Family Care Houston,ChIJy3YVDiuvdicv,10,208,4.4,76,TRUE
KW-0065,2026-07-06,Houston Dental Group,ChIJCrv23zHsDVwY,14,408,4.5,136,TRUE
KW-0065,2026-07-06,Coastal Smile Dentistry,ChIJPtxuJSPfz4eQ,15,169,4.6,32,TRUE
KW-0065,2026-07-13,Houston Dental Group,ChIJCrv23zHsDVwY,8,413,4.5,134,TRUE
KW-0065,2026-07-13,Family Care Houston,ChIJy3YVDiuvdicv,12,215,4.4,77,TRUE
KW-0065,2026-07-13,Coastal Smile Dentistry,ChIJPtxuJSPfz4eQ,14,173,4.6,30,TRUE
KW-0065,2026-07-20,Texas Dental Associates,ChIJFCVpyfDg6a0e,9,227,4.2,48,TRUE
KW-0065,2026-07-20,Coastal Smile Dentistry,ChIJPtxuJSPfz4eQ,14,172,4.6,31,TRUE
KW-0065,2026-07-20,Houston Dental Group,ChIJCrv23zHsDVwY,18,403,4.5,133,TRUE
KW-0065,2026-07-27,Family Care Houston,ChIJy3YVDiuvdicv,9,211,4.4,78,TRUE
KW-0065,2026-07-27,Vista Point Dental,ChIJzlHgDny5e7u2,10,281,4.2,98,TRUE
KW-0065,2026-07-27,Texas Dental Associates,ChIJFCVpyfDg6a0e,14,224,4.2,44,TRUE
KW-0065,2026-08-03,Vista Point Dental,ChIJzlHgDny5e7u2,8,272,4.2,98,TRUE
KW-0065,2026-08-03,Houston Emergency Dental,ChIJRyJUjTxs1fvF,12,410,3.8,29,TRUE
KW-0065,2026-08-03,Texas Dental Associates,ChIJFCVpyfDg6a0e,16,240,4.2,47,TRUE
KW-0065,2026-08-10,Vista Point Dental,ChIJzlHgDny5e7u2,9,291,4.2,94,TRUE
KW-0065,2026-08-10,Houston Dental Group,ChIJCrv23zHsDVwY,12,433,4.5,138,TRUE
KW-0065,2026-08-10,Houston Emergency Dental,ChIJRyJUjTxs1fvF,13,406,3.8,29,TRUE
KW-0065,2026-08-17,Coastal Smile Dentistry,ChIJPtxuJSPfz4eQ,12,202,4.6,33,TRUE
KW-0065,2026-08-17,Texas Dental Associates,ChIJFCVpyfDg6a0e,13,230,4.2,46,TRUE
KW-0065,2026-08-17,Houston Dental Group,ChIJCrv23zHsDVwY,14,429,4.5,134,TRUE
KW-0065,2026-08-24,Family Care Houston,ChIJy3YVDiuvdicv,10,249,4.4,81,TRUE
KW-0065,2026-08-24,Texas Dental Associates,ChIJFCVpyfDg6a0e,11,242,4.2,43,TRUE
KW-0065,2026-08-24,Vista Point Dental,ChIJzlHgDny5e7u2,14,301,4.2,99,TRUE
KW-0065,2026-08-31,Family Care Houston,ChIJy3YVDiuvdicv,7,221,4.4,80,TRUE
KW-0065,2026-08-31,Coastal Smile Dentistry,ChIJPtxuJSPfz4eQ,11,201,4.6,32,TRUE
KW-0065,2026-08-31,Vista Point Dental,ChIJzlHgDny5e7u2,14,295,4.2,98,TRUE
KW-0065,2026-09-07,Houston Emergency Dental,ChIJRyJUjTxs1fvF,11,442,3.8,30,TRUE
KW-0065,2026-09-07,Family Care Houston,ChIJy3YVDiuvdicv,15,223,4.4,78,TRUE
KW-0065,2026-09-07,Houston Dental Group,ChIJCrv23zHsDVwY,20,429,4.5,133,TRUE
KW-0066,2026-06-15,Houston Emergency Dental,ChIJRyJUjTxs1fvF,15,382,3.8,30,TRUE
KW-0066,2026-06-15,Texas Dental Associates,ChIJFCVpyfDg6a0e,18,212,4.2,43,TRUE
KW-0066,2026-06-15,Houston Dental Group,ChIJCrv23zHsDVwY,20,393,4.5,134,TRUE
KW-0066,2026-06-22,Houston Emergency Dental,ChIJRyJUjTxs1fvF,16,385,3.8,30,TRUE
KW-0066,2026-06-22,Houston Dental Group,ChIJCrv23zHsDVwY,18,396,4.5,134,TRUE
KW-0066,2026-06-22,Vista Point Dental,ChIJzlHgDny5e7u2,22,253,4.2,96,TRUE
KW-0066,2026-06-29,Coastal Smile Dentistry,ChIJPtxuJSPfz4eQ,10,163,4.6,35,TRUE
KW-0066,2026-06-29,Family Care Houston,ChIJy3YVDiuvdicv,12,203,4.4,79,TRUE
KW-0066,2026-06-29,Houston Emergency Dental,ChIJRyJUjTxs1fvF,16,386,3.8,31,TRUE
KW-0066,2026-07-06,Family Care Houston,ChIJy3YVDiuvdicv,12,205,4.4,78,TRUE
KW-0066,2026-07-06,Vista Point Dental,ChIJzlHgDny5e7u2,14,260,4.2,95,TRUE
KW-0066,2026-07-06,Houston Dental Group,ChIJCrv23zHsDVwY,18,408,4.5,135,TRUE
KW-0066,2026-07-13,Family Care Houston,ChIJy3YVDiuvdicv,11,207,4.4,77,TRUE
KW-0066,2026-07-13,Vista Point Dental,ChIJzlHgDny5e7u2,13,271,4.2,96,TRUE
KW-0066,2026-07-13,Houston Dental Group,ChIJCrv23zHsDVwY,18,409,4.5,136,TRUE
KW-0066,2026-07-20,Vista Point Dental,ChIJzlHgDny5e7u2,10,276,4.2,97,TRUE
KW-0066,2026-07-20,Family Care Houston,ChIJy3YVDiuvdicv,15,224,4.4,80,TRUE
KW-0066,2026-07-20,Coastal Smile Dentistry,ChIJPtxuJSPfz4eQ,16,172,4.6,30,TRUE
KW-0066,2026-07-27,Vista Point Dental,ChIJzlHgDny5e7u2,14,281,4.2,96,TRUE
KW-0066,2026-07-27,Houston Dental Group,ChIJCrv23zHsDVwY,17,411,4.5,137,TRUE
KW-0066,2026-07-27,Family Care Houston,ChIJy3YVDiuvdicv,22,211,4.4,76,TRUE
KW-0066,2026-08-03,Houston Dental Group,ChIJCrv23zHsDVwY,15,428,4.5,134,TRUE
KW-0066,2026-08-03,Texas Dental Associates,ChIJFCVpyfDg6a0e,14,233,4.2,43,TRUE
KW-0066,2026-08-03,Coastal Smile Dentistry,ChIJPtxuJSPfz4eQ,20,171,4.6,34,TRUE
KW-0066,2026-08-10,Coastal Smile Dentistry,ChIJPtxuJSPfz4eQ,12,197,4.6,30,TRUE
KW-0066,2026-08-10,Houston Emergency Dental,ChIJRyJUjTxs1fvF,13,422,3.8,27,TRUE
KW-0066,2026-08-10,Family Care Houston,ChIJy3YVDiuvdicv,17,231,4.4,78,TRUE
KW-0066,2026-08-17,Coastal Smile Dentistry,ChIJPtxuJSPfz4eQ,11,175,4.6,33,TRUE
KW-0066,2026-08-17,Texas Dental Associates,ChIJFCVpyfDg6a0e,15,239,4.2,48,TRUE
KW-0066,2026-08-17,Family Care Houston,ChIJy3YVDiuvdicv,16,226,4.4,80,TRUE
KW-0066,2026-08-24,Coastal Smile Dentistry,ChIJPtxuJSPfz4eQ,14,187,4.6,33,TRUE
KW-0066,2026-08-24,Vista Point Dental,ChIJzlHgDny5e7u2,16,281,4.2,97,TRUE
KW-0066,2026-08-24,Family Care Houston,ChIJy3YVDiuvdicv,20,219,4.4,76,TRUE
KW-0066,2026-08-31,Houston Dental Group,ChIJCrv23zHsDVwY,12,437,4.5,138,TRUE
KW-0066,2026-08-31,Coastal Smile Dentistry,ChIJPtxuJSPfz4eQ,16,201,4.6,35,TRUE
KW-0066,2026-08-31,Family Care Houston,ChIJy3YVDiuvdicv,16,221,4.4,80,TRUE
KW-0066,2026-09-07,Houston Emergency Dental,ChIJRyJUjTxs1fvF,16,418,3.8,31,TRUE
KW-0066,2026-09-07,Texas Dental Associates,ChIJFCVpyfDg6a0e,19,236,4.2,48,TRUE
KW-0066,2026-09-07,Vista Point Dental,ChIJzlHgDny5e7u2,24,299,4.2,95,TRUE
KW-0067,2026-06-15,Katy Smile Studio,ChIJklq7QJV8AzS1,8,301,3.9,102,TRUE
KW-0067,2026-06-15,Memorial Dental Care,ChIJ8JJntPX6O94X,8,328,4.5,46,TRUE
KW-0067,2026-06-15,Katy Dental Center,ChIJOq4pYuXLrOFF,11,242,3.9,43,TRUE
KW-0067,2026-06-22,Katy Dental Center,ChIJOq4pYuXLrOFF,8,247,3.9,44,TRUE
KW-0067,2026-06-22,Katy Smile Studio,ChIJklq7QJV8AzS1,10,305,3.9,103,TRUE
KW-0067,2026-06-22,Memorial Dental Care,ChIJ8JJntPX6O94X,14,332,4.5,45,TRUE
KW-0067,2026-06-29,Memorial Dental Care,ChIJ8JJntPX6O94X,7,334,4.5,44,TRUE
KW-0067,2026-06-29,Katy Smile Studio,ChIJklq7QJV8AzS1,12,309,3.9,105,TRUE
KW-0067,2026-06-29,Katy Dental Center,ChIJOq4pYuXLrOFF,14,252,3.9,44,TRUE
KW-0067,2026-07-06,Katy Smile Studio,ChIJklq7QJV8AzS1,10,313,3.9,102,TRUE
KW-0067,2026-07-06,Memorial Dental Care,ChIJ8JJntPX6O94X,13,340,4.5,44,TRUE
KW-0067,2026-07-06,Katy Dental Center,ChIJOq4pYuXLrOFF,15,248,3.9,45,TRUE
KW-0067,2026-07-13,Katy Smile Studio,ChIJklq7QJV8AzS1,7,321,3.9,105,TRUE
KW-0067,2026-07-13,Memorial Dental Care,ChIJ8JJntPX6O94X,11,344,4.5,46,TRUE
KW-0067,2026-07-13,Katy Dental Center,ChIJOq4pYuXLrOFF,15,258,3.9,44,TRUE
KW-0067,2026-07-20,Katy Dental Center,ChIJOq4pYuXLrOFF,7,257,3.9,42,TRUE
KW-0067,2026-07-20,Katy Smile Studio,ChIJklq7QJV8AzS1,8,321,3.9,102,TRUE
KW-0067,2026-07-20,Memorial Dental Care,ChIJ8JJntPX6O94X,11,348,4.5,42,TRUE
KW-0067,2026-07-27,Memorial Dental Care,ChIJ8JJntPX6O94X,13,340,4.5,44,TRUE
KW-0067,2026-07-27,Katy Dental Center,ChIJOq4pYuXLrOFF,14,260,3.9,46,TRUE
KW-0067,2026-07-27,Katy Smile Studio,ChIJklq7QJV8AzS1,17,331,3.9,102,TRUE
KW-0067,2026-08-03,Memorial Dental Care,ChIJ8JJntPX6O94X,8,342,4.5,46,TRUE
KW-0067,2026-08-03,Katy Dental Center,ChIJOq4pYuXLrOFF,12,277,3.9,45,TRUE
KW-0067,2026-08-03,Katy Smile Studio,ChIJklq7QJV8AzS1,16,322,3.9,101,TRUE
KW-0067,2026-08-10,Memorial Dental Care,ChIJ8JJntPX6O94X,5,360,4.5,43,TRUE
KW-0067,2026-08-10,Katy Smile Studio,ChIJklq7QJV8AzS1,9,333,3.9,106,TRUE
KW-0067,2026-08-10,Katy Dental Center,ChIJOq4pYuXLrOFF,12,282,3.9,43,TRUE
KW-0067,2026-08-17,Katy Smile Studio,ChIJklq7QJV8AzS1,10,328,3.9,106,TRUE
KW-0067,2026-08-17,Memorial Dental Care,ChIJ8JJntPX6O94X,9,373,4.5,44,TRUE
KW-0067,2026-08-17,Katy Dental Center,ChIJOq4pYuXLrOFF,14,269,3.9,44,TRUE
KW-0067,2026-08-24,Memorial Dental Care,ChIJ8JJntPX6O94X,9,378,4.5,43,TRUE
KW-0067,2026-08-24,Katy Dental Center,ChIJOq4pYuXLrOFF,13,262,3.9,41,TRUE
KW-0067,2026-08-24,Katy Smile Studio,ChIJklq7QJV8AzS1,13,321,3.9,106,TRUE
KW-0067,2026-08-31,Memorial Dental Care,ChIJ8JJntPX6O94X,8,350,4.5,44,TRUE
KW-0067,2026-08-31,Katy Dental Center,ChIJOq4pYuXLrOFF,12,264,3.9,41,TRUE
KW-0067,2026-08-31,Katy Smile Studio,ChIJklq7QJV8AzS1,17,334,3.9,106,TRUE
KW-0067,2026-09-07,Katy Dental Center,ChIJOq4pYuXLrOFF,8,278,3.9,41,TRUE
KW-0067,2026-09-07,Memorial Dental Care,ChIJ8JJntPX6O94X,8,376,4.5,43,TRUE
KW-0067,2026-09-07,Katy Smile Studio,ChIJklq7QJV8AzS1,12,337,3.9,104,TRUE
KW-0068,2026-06-15,Katy Smile Studio,ChIJklq7QJV8AzS1,10,301,3.9,101,TRUE
KW-0068,2026-06-15,Katy Dental Center,ChIJOq4pYuXLrOFF,15,242,3.9,43,TRUE
KW-0068,2026-06-15,Memorial Dental Care,ChIJ8JJntPX6O94X,17,328,4.5,43,TRUE
KW-0068,2026-06-22,Katy Dental Center,ChIJOq4pYuXLrOFF,13,245,3.9,46,TRUE
KW-0068,2026-06-22,Katy Smile Studio,ChIJklq7QJV8AzS1,15,304,3.9,102,TRUE
KW-0068,2026-06-22,Memorial Dental Care,ChIJ8JJntPX6O94X,16,331,4.5,47,TRUE
KW-0068,2026-06-29,Memorial Dental Care,ChIJ8JJntPX6O94X,10,332,4.5,44,TRUE
KW-0068,2026-06-29,Katy Dental Center,ChIJOq4pYuXLrOFF,16,248,3.9,43,TRUE
KW-0068,2026-06-29,Katy Smile Studio,ChIJklq7QJV8AzS1,16,307,3.9,104,TRUE
KW-0068,2026-07-06,Katy Dental Center,ChIJOq4pYuXLrOFF,11,248,3.9,41,TRUE
KW-0068,2026-07-06,Memorial Dental Care,ChIJ8JJntPX6O94X,14,334,4.5,46,TRUE
KW-0068,2026-07-06,Katy Smile Studio,ChIJklq7QJV8AzS1,16,316,3.9,101,TRUE
KW-0068,2026-07-13,Katy Dental Center,ChIJOq4pYuXLrOFF,10,250,3.9,44,TRUE
KW-0068,2026-07-13,Katy Smile Studio,ChIJklq7QJV8AzS1,13,321,3.9,101,TRUE
KW-0068,2026-07-13,Memorial Dental Care,ChIJ8JJntPX6O94X,16,340,4.5,47,TRUE
KW-0068,2026-07-20,Memorial Dental Care,ChIJ8JJntPX6O94X,6,353,4.5,45,TRUE
KW-0068,2026-07-20,Katy Smile Studio,ChIJklq7QJV8AzS1,10,326,3.9,103,TRUE
KW-0068,2026-07-20,Katy Dental Center,ChIJOq4pYuXLrOFF,11,257,3.9,42,TRUE
KW-0068,2026-07-27,Katy Dental Center,ChIJOq4pYuXLrOFF,9,254,3.9,45,TRUE
KW-0068,2026-07-27,Katy Smile Studio,ChIJklq7QJV8AzS1,15,319,3.9,103,TRUE
KW-0068,2026-07-27,Memorial Dental Care,ChIJ8JJntPX6O94X,18,346,4.5,43,TRUE
KW-0068,2026-08-03,Memorial Dental Care,ChIJ8JJntPX6O94X,11,356,4.5,43,TRUE
KW-0068,2026-08-03,Katy Smile Studio,ChIJklq7QJV8AzS1,13,336,3.9,102,TRUE
KW-0068,2026-08-03,Katy Dental Center,ChIJOq4pYuXLrOFF,20,263,3.9,41,TRUE
KW-0068,2026-08-10,Katy Dental Center,ChIJOq4pYuXLrOFF,13,274,3.9,41,TRUE
KW-0068,2026-08-10,Katy Smile Studio,ChIJklq7QJV8AzS1,13,341,3.9,106,TRUE
KW-0068,2026-08-10,Memorial Dental Care,ChIJ8JJntPX6O94X,17,360,4.5,42,TRUE
KW-0068,2026-08-17,Katy Smile Studio,ChIJklq7QJV8AzS1,11,328,3.9,104,TRUE
KW-0068,2026-08-17,Memorial Dental Care,ChIJ8JJntPX6O94X,16,346,4.5,46,TRUE
KW-0068,2026-08-17,Katy Dental Center,ChIJOq4pYuXLrOFF,19,269,3.9,45,TRUE
KW-0068,2026-08-24,Memorial Dental Care,ChIJ8JJntPX6O94X,13,368,4.5,45,TRUE
KW-0068,2026-08-24,Katy Smile Studio,ChIJklq7QJV8AzS1,15,341,3.9,103,TRUE
KW-0068,2026-08-24,Katy Dental Center,ChIJOq4pYuXLrOFF,17,272,3.9,46,TRUE
KW-0068,2026-08-31,Katy Dental Center,ChIJOq4pYuXLrOFF,12,264,3.9,41,TRUE
KW-0068,2026-08-31,Memorial Dental Care,ChIJ8JJntPX6O94X,15,372,4.5,45,TRUE
KW-0068,2026-08-31,Katy Smile Studio,ChIJklq7QJV8AzS1,16,323,3.9,105,TRUE
KW-0068,2026-09-07,Memorial Dental Care,ChIJ8JJntPX6O94X,13,376,4.5,43,TRUE
KW-0068,2026-09-07,Katy Dental Center,ChIJOq4pYuXLrOFF,16,266,3.9,42,TRUE
KW-0068,2026-09-07,Katy Smile Studio,ChIJklq7QJV8AzS1,17,337,3.9,104,TRUE
KW-0069,2026-06-15,Katy Smile Studio,ChIJklq7QJV8AzS1,9,301,3.9,102,TRUE
KW-0069,2026-06-15,Katy Dental Center,ChIJOq4pYuXLrOFF,10,242,3.9,43,TRUE
KW-0069,2026-06-15,Memorial Dental Care,ChIJ8JJntPX6O94X,13,328,4.5,47,TRUE
KW-0069,2026-06-22,Katy Smile Studio,ChIJklq7QJV8AzS1,11,306,3.9,101,TRUE
KW-0069,2026-06-22,Memorial Dental Care,ChIJ8JJntPX6O94X,15,331,4.5,42,TRUE
KW-0069,2026-06-22,Katy Dental Center,ChIJOq4pYuXLrOFF,17,247,3.9,44,TRUE
KW-0069,2026-06-29,Katy Dental Center,ChIJOq4pYuXLrOFF,10,246,3.9,44,TRUE
KW-0069,2026-06-29,Katy Smile Studio,ChIJklq7QJV8AzS1,13,311,3.9,103,TRUE
KW-0069,2026-06-29,Memorial Dental Care,ChIJ8JJntPX6O94X,13,336,4.5,43,TRUE
KW-0069,2026-07-06,Katy Smile Studio,ChIJklq7QJV8AzS1,8,310,3.9,101,TRUE
KW-0069,2026-07-06,Katy Dental Center,ChIJOq4pYuXLrOFF,11,251,3.9,42,TRUE
KW-0069,2026-07-06,Memorial Dental Care,ChIJ8JJntPX6O94X,12,334,4.5,43,TRUE
KW-0069,2026-07-13,Katy Smile Studio,ChIJklq7QJV8AzS1,9,321,3.9,104,TRUE
KW-0069,2026-07-13,Katy Dental Center,ChIJOq4pYuXLrOFF,11,262,3.9,43,TRUE
KW-0069,2026-07-13,Memorial Dental Care,ChIJ8JJntPX6O94X,12,336,4.5,42,TRUE
KW-0069,2026-07-20,Memorial Dental Care,ChIJ8JJntPX6O94X,9,353,4.5,45,TRUE
KW-0069,2026-07-20,Katy Smile Studio,ChIJklq7QJV8AzS1,12,326,3.9,105,TRUE
KW-0069,2026-07-20,Katy Dental Center,ChIJOq4pYuXLrOFF,15,252,3.9,44,TRUE
KW-0069,2026-07-27,Memorial Dental Care,ChIJ8JJntPX6O94X,6,352,4.5,44,TRUE
KW-0069,2026-07-27,Katy Smile Studio,ChIJklq7QJV8AzS1,10,331,3.9,102,TRUE
KW-0069,2026-07-27,Katy Dental Center,ChIJOq4pYuXLrOFF,15,260,3.9,44,TRUE
KW-0069,2026-08-03,Katy Dental Center,ChIJOq4pYuXLrOFF,9,263,3.9,44,TRUE
KW-0069,2026-08-03,Memorial Dental Care,ChIJ8JJntPX6O94X,10,342,4.5,47,TRUE
KW-0069,2026-08-03,Katy Smile Studio,ChIJklq7QJV8AzS1,16,322,3.9,105,TRUE
KW-0069,2026-08-10,Memorial Dental Care,ChIJ8JJntPX6O94X,12,360,4.5,46,TRUE
KW-0069,2026-08-10,Katy Dental Center,ChIJOq4pYuXLrOFF,14,266,3.9,43,TRUE
KW-0069,2026-08-10,Katy Smile Studio,ChIJklq7QJV8AzS1,17,325,3.9,105,TRUE
KW-0069,2026-08-17,Memorial Dental Care,ChIJ8JJntPX6O94X,9,355,4.5,42,TRUE
KW-0069,2026-08-17,Katy Smile Studio,ChIJklq7QJV8AzS1,12,337,3.9,105,TRUE
KW-0069,2026-08-17,Katy Dental Center,ChIJOq4pYuXLrOFF,15,278,3.9,44,TRUE
KW-0069,2026-08-24,Memorial Dental Care,ChIJ8JJntPX6O94X,13,368,4.5,47,TRUE
KW-0069,2026-08-24,Katy Dental Center,ChIJOq4pYuXLrOFF,16,282,3.9,41,TRUE
KW-0069,2026-08-24,Katy Smile Studio,ChIJklq7QJV8AzS1,17,351,3.9,105,TRUE
KW-0069,2026-08-31,Katy Smile Studio,ChIJklq7QJV8AzS1,11,345,3.9,105,TRUE
KW-0069,2026-08-31,Katy Dental Center,ChIJOq4pYuXLrOFF,15,275,3.9,45,TRUE
KW-0069,2026-08-31,Memorial Dental Care,ChIJ8JJntPX6O94X,19,372,4.5,42,TRUE
KW-0069,2026-09-07,Katy Smile Studio,ChIJklq7QJV8AzS1,11,349,3.9,105,TRUE
KW-0069,2026-09-07,Katy Dental Center,ChIJOq4pYuXLrOFF,14,302,3.9,46,TRUE
KW-0069,2026-09-07,Memorial Dental Care,ChIJ8JJntPX6O94X,17,352,4.5,43,TRUE
KW-0070,2026-06-15,Katy Dental Center,ChIJOq4pYuXLrOFF,7,242,3.9,41,TRUE
KW-0070,2026-06-15,Katy Smile Studio,ChIJklq7QJV8AzS1,9,301,3.9,103,TRUE
KW-0070,2026-06-15,Memorial Dental Care,ChIJ8JJntPX6O94X,14,328,4.5,44,TRUE
KW-0070,2026-06-22,Katy Smile Studio,ChIJklq7QJV8AzS1,13,304,3.9,102,TRUE
KW-0070,2026-06-22,Memorial Dental Care,ChIJ8JJntPX6O94X,14,330,4.5,42,TRUE
KW-0070,2026-06-22,Katy Dental Center,ChIJOq4pYuXLrOFF,18,247,3.9,43,TRUE
KW-0070,2026-06-29,Katy Dental Center,ChIJOq4pYuXLrOFF,7,246,3.9,42,TRUE
KW-0070,2026-06-29,Katy Smile Studio,ChIJklq7QJV8AzS1,13,305,3.9,102,TRUE
KW-0070,2026-06-29,Memorial Dental Care,ChIJ8JJntPX6O94X,14,338,4.5,44,TRUE
KW-0070,2026-07-06,Memorial Dental Care,ChIJ8JJntPX6O94X,10,343,4.5,42,TRUE
KW-0070,2026-07-06,Katy Smile Studio,ChIJklq7QJV8AzS1,14,307,3.9,105,TRUE
KW-0070,2026-07-06,Katy Dental Center,ChIJOq4pYuXLrOFF,16,248,3.9,43,TRUE
KW-0070,2026-07-13,Memorial Dental Care,ChIJ8JJntPX6O94X,12,348,4.5,45,TRUE
KW-0070,2026-07-13,Katy Smile Studio,ChIJklq7QJV8AzS1,13,309,3.9,102,TRUE
KW-0070,2026-07-13,Katy Dental Center,ChIJOq4pYuXLrOFF,19,250,3.9,42,TRUE
KW-0070,2026-07-20,Katy Dental Center,ChIJOq4pYuXLrOFF,9,252,3.9,42,TRUE
KW-0070,2026-07-20,Katy Smile Studio,ChIJklq7QJV8AzS1,12,326,3.9,103,TRUE
KW-0070,2026-07-20,Memorial Dental Care,ChIJ8JJntPX6O94X,14,353,4.5,43,TRUE
KW-0070,2026-07-27,Katy Dental Center,ChIJOq4pYuXLrOFF,14,272,3.9,45,TRUE
KW-0070,2026-07-27,Katy Smile Studio,ChIJklq7QJV8AzS1,16,313,3.9,101,TRUE
KW-0070,2026-07-27,Memorial Dental Care,ChIJ8JJntPX6O94X,19,346,4.5,46,TRUE
KW-0070,2026-08-03,Memorial Dental Care,ChIJ8JJntPX6O94X,6,363,4.5,45,TRUE
KW-0070,2026-08-03,Katy Dental Center,ChIJOq4pYuXLrOFF,10,277,3.9,43,TRUE
KW-0070,2026-08-03,Katy Smile Studio,ChIJklq7QJV8AzS1,12,329,3.9,102,TRUE
KW-0070,2026-08-10,Katy Dental Center,ChIJOq4pYuXLrOFF,8,258,3.9,42,TRUE
KW-0070,2026-08-10,Katy Smile Studio,ChIJklq7QJV8AzS1,12,341,3.9,104,TRUE
KW-0070,2026-08-10,Memorial Dental Care,ChIJ8JJntPX6O94X,14,368,4.5,44,TRUE
KW-0070,2026-08-17,Katy Dental Center,ChIJOq4pYuXLrOFF,12,269,3.9,41,TRUE
KW-0070,2026-08-17,Katy Smile Studio,ChIJklq7QJV8AzS1,13,328,3.9,103,TRUE
KW-0070,2026-08-17,Memorial Dental Care,ChIJ8JJntPX6O94X,16,355,4.5,43,TRUE
KW-0070,2026-08-24,Katy Dental Center,ChIJOq4pYuXLrOFF,8,292,3.9,44,TRUE
KW-0070,2026-08-24,Katy Smile Studio,ChIJklq7QJV8AzS1,8,321,3.9,106,TRUE
KW-0070,2026-08-24,Memorial Dental Care,ChIJ8JJntPX6O94X,14,368,4.5,42,TRUE
KW-0070,2026-08-31,Memorial Dental Care,ChIJ8JJntPX6O94X,9,372,4.5,43,TRUE
KW-0070,2026-08-31,Katy Dental Center,ChIJOq4pYuXLrOFF,11,275,3.9,43,TRUE
KW-0070,2026-08-31,Katy Smile Studio,ChIJklq7QJV8AzS1,17,334,3.9,101,TRUE
KW-0070,2026-09-07,Katy Dental Center,ChIJOq4pYuXLrOFF,6,278,3.9,41,TRUE
KW-0070,2026-09-07,Katy Smile Studio,ChIJklq7QJV8AzS1,10,337,3.9,101,TRUE
KW-0070,2026-09-07,Memorial Dental Care,ChIJ8JJntPX6O94X,12,388,4.5,42,TRUE
KW-0071,2026-06-15,Katy Smile Studio,ChIJklq7QJV8AzS1,11,301,3.9,106,TRUE
KW-0071,2026-06-15,Katy Dental Center,ChIJOq4pYuXLrOFF,15,242,3.9,43,TRUE
KW-0071,2026-06-15,Memorial Dental Care,ChIJ8JJntPX6O94X,18,328,4.5,44,TRUE
KW-0071,2026-06-22,Katy Smile Studio,ChIJklq7QJV8AzS1,14,305,3.9,103,TRUE
KW-0071,2026-06-22,Memorial Dental Care,ChIJ8JJntPX6O94X,14,331,4.5,44,TRUE
KW-0071,2026-06-22,Katy Dental Center,ChIJOq4pYuXLrOFF,19,246,3.9,46,TRUE
KW-0071,2026-06-29,Katy Dental Center,ChIJOq4pYuXLrOFF,12,248,3.9,43,TRUE
KW-0071,2026-06-29,Memorial Dental Care,ChIJ8JJntPX6O94X,13,334,4.5,43,TRUE
KW-0071,2026-06-29,Katy Smile Studio,ChIJklq7QJV8AzS1,16,309,3.9,104,TRUE
KW-0071,2026-07-06,Katy Smile Studio,ChIJklq7QJV8AzS1,9,310,3.9,104,TRUE
KW-0071,2026-07-06,Memorial Dental Care,ChIJ8JJntPX6O94X,13,343,4.5,46,TRUE
KW-0071,2026-07-06,Katy Dental Center,ChIJOq4pYuXLrOFF,15,248,3.9,42,TRUE
KW-0071,2026-07-13,Katy Dental Center,ChIJOq4pYuXLrOFF,8,250,3.9,42,TRUE
KW-0071,2026-07-13,Katy Smile Studio,ChIJklq7QJV8AzS1,11,321,3.9,106,TRUE
KW-0071,2026-07-13,Memorial Dental Care,ChIJ8JJntPX6O94X,13,336,4.5,45,TRUE
KW-0071,2026-07-20,Memorial Dental Care,ChIJ8JJntPX6O94X,6,343,4.5,44,TRUE
KW-0071,2026-07-20,Katy Smile Studio,ChIJklq7QJV8AzS1,11,321,3.9,102,TRUE
KW-0071,2026-07-20,Katy Dental Center,ChIJOq4pYuXLrOFF,15,252,3.9,44,TRUE
KW-0071,2026-07-27,Katy Dental Center,ChIJOq4pYuXLrOFF,9,266,3.9,42,TRUE
KW-0071,2026-07-27,Katy Smile Studio,ChIJklq7QJV8AzS1,12,319,3.9,102,TRUE
KW-0071,2026-07-27,Memorial Dental Care,ChIJ8JJntPX6O94X,13,352,4.5,43,TRUE
KW-0071,2026-08-03,Katy Dental Center,ChIJOq4pYuXLrOFF,9,270,3.9,45,TRUE
KW-0071,2026-08-03,Memorial Dental Care,ChIJ8JJntPX6O94X,13,349,4.5,43,TRUE
KW-0071,2026-08-03,Katy Smile Studio,ChIJklq7QJV8AzS1,14,322,3.9,102,TRUE
KW-0071,2026-08-10,Memorial Dental Care,ChIJ8JJntPX6O94X,11,368,4.5,46,TRUE
KW-0071,2026-08-10,Katy Smile Studio,ChIJklq7QJV8AzS1,13,317,3.9,103,TRUE
KW-0071,2026-08-10,Katy Dental Center,ChIJOq4pYuXLrOFF,14,266,3.9,41,TRUE
KW-0071,2026-08-17,Katy Smile Studio,ChIJklq7QJV8AzS1,11,328,3.9,106,TRUE
KW-0071,2026-08-17,Memorial Dental Care,ChIJ8JJntPX6O94X,14,364,4.5,46,TRUE
KW-0071,2026-08-17,Katy Dental Center,ChIJOq4pYuXLrOFF,16,287,3.9,44,TRUE
KW-0071,2026-08-24,Katy Smile Studio,ChIJklq7QJV8AzS1,12,351,3.9,102,TRUE
KW-0071,2026-08-24,Katy Dental Center,ChIJOq4pYuXLrOFF,15,292,3.9,44,TRUE
KW-0071,2026-08-24,Memorial Dental Care,ChIJ8JJntPX6O94X,19,358,4.5,43,TRUE
KW-0071,2026-08-31,Katy Smile Studio,ChIJklq7QJV8AzS1,8,356,3.9,103,TRUE
KW-0071,2026-08-31,Katy Dental Center,ChIJOq4pYuXLrOFF,11,275,3.9,45,TRUE
KW-0071,2026-08-31,Memorial Dental Care,ChIJ8JJntPX6O94X,13,372,4.5,46,TRUE
KW-0071,2026-09-07,Katy Dental Center,ChIJOq4pYuXLrOFF,12,290,3.9,44,TRUE
KW-0071,2026-09-07,Katy Smile Studio,ChIJklq7QJV8AzS1,14,337,3.9,105,TRUE
KW-0071,2026-09-07,Memorial Dental Care,ChIJ8JJntPX6O94X,19,388,4.5,43,TRUE
KW-0072,2026-06-15,Katy Dental Center,ChIJOq4pYuXLrOFF,12,242,3.9,45,TRUE
KW-0072,2026-06-15,Memorial Dental Care,ChIJ8JJntPX6O94X,15,328,4.5,42,TRUE
KW-0072,2026-06-15,Katy Smile Studio,ChIJklq7QJV8AzS1,19,301,3.9,103,TRUE
KW-0072,2026-06-22,Memorial Dental Care,ChIJ8JJntPX6O94X,14,331,4.5,47,TRUE
KW-0072,2026-06-22,Katy Dental Center,ChIJOq4pYuXLrOFF,16,244,3.9,41,TRUE
KW-0072,2026-06-22,Katy Smile Studio,ChIJklq7QJV8AzS1,19,304,3.9,101,TRUE
KW-0072,2026-06-29,Katy Dental Center,ChIJOq4pYuXLrOFF,14,246,3.9,43,TRUE
KW-0072,2026-06-29,Katy Smile Studio,ChIJklq7QJV8AzS1,17,305,3.9,106,TRUE
KW-0072,2026-06-29,Memorial Dental Care,ChIJ8JJntPX6O94X,19,338,4.5,46,TRUE
KW-0072,2026-07-06,Katy Smile Studio,ChIJklq7QJV8AzS1,10,307,3.9,105,TRUE
KW-0072,2026-07-06,Memorial Dental Care,ChIJ8JJntPX6O94X,15,340,4.5,46,TRUE
KW-0072,2026-07-06,Katy Dental Center,ChIJOq4pYuXLrOFF,17,257,3.9,43,TRUE
KW-0072,2026-07-13,Katy Dental Center,ChIJOq4pYuXLrOFF,10,262,3.9,44,TRUE
KW-0072,2026-07-13,Katy Smile Studio,ChIJklq7QJV8AzS1,15,313,3.9,103,TRUE
KW-0072,2026-07-13,Memorial Dental Care,ChIJ8JJntPX6O94X,18,348,4.5,47,TRUE
KW-0072,2026-07-20,Memorial Dental Care,ChIJ8JJntPX6O94X,9,353,4.5,47,TRUE
KW-0072,2026-07-20,Katy Smile Studio,ChIJklq7QJV8AzS1,14,321,3.9,106,TRUE
KW-0072,2026-07-20,Katy Dental Center,ChIJOq4pYuXLrOFF,15,257,3.9,46,TRUE
KW-0072,2026-07-27,Katy Dental Center,ChIJOq4pYuXLrOFF,12,254,3.9,43,TRUE
KW-0072,2026-07-27,Katy Smile Studio,ChIJklq7QJV8AzS1,13,313,3.9,103,TRUE
KW-0072,2026-07-27,Memorial Dental Care,ChIJ8JJntPX6O94X,17,346,4.5,42,TRUE
KW-0072,2026-08-03,Katy Smile Studio,ChIJklq7QJV8AzS1,13,336,3.9,102,TRUE
KW-0072,2026-08-03,Memorial Dental Care,ChIJ8JJntPX6O94X,14,342,4.5,47,TRUE
KW-0072,2026-08-03,Katy Dental Center,ChIJOq4pYuXLrOFF,15,256,3.9,46,TRUE
KW-0072,2026-08-10,Katy Dental Center,ChIJOq4pYuXLrOFF,14,282,3.9,41,TRUE
KW-0072,2026-08-10,Katy Smile Studio,ChIJklq7QJV8AzS1,15,317,3.9,101,TRUE
KW-0072,2026-08-10,Memorial Dental Care,ChIJ8JJntPX6O94X,18,352,4.5,47,TRUE
KW-0072,2026-08-17,Katy Smile Studio,ChIJklq7QJV8AzS1,10,328,3.9,101,TRUE
KW-0072,2026-08-17,Memorial Dental Care,ChIJ8JJntPX6O94X,13,346,4.5,44,TRUE
KW-0072,2026-08-17,Katy Dental Center,ChIJOq4pYuXLrOFF,15,269,3.9,45,TRUE
KW-0072,2026-08-24,Katy Smile Studio,ChIJklq7QJV8AzS1,8,351,3.9,105,TRUE
KW-0072,2026-08-24,Katy Dental Center,ChIJOq4pYuXLrOFF,11,262,3.9,44,TRUE
KW-0072,2026-08-24,Memorial Dental Care,ChIJ8JJntPX6O94X,17,358,4.5,45,TRUE
KW-0072,2026-08-31,Katy Dental Center,ChIJOq4pYuXLrOFF,10,297,3.9,46,TRUE
KW-0072,2026-08-31,Katy Smile Studio,ChIJklq7QJV8AzS1,14,356,3.9,104,TRUE
KW-0072,2026-08-31,Memorial Dental Care,ChIJ8JJntPX6O94X,17,372,4.5,47,TRUE
KW-0072,2026-09-07,Katy Smile Studio,ChIJklq7QJV8AzS1,10,325,3.9,102,TRUE
KW-0072,2026-09-07,Memorial Dental Care,ChIJ8JJntPX6O94X,12,352,4.5,42,TRUE
KW-0072,2026-09-07,Katy Dental Center,ChIJOq4pYuXLrOFF,13,278,3.9,46,TRUE
KW-0073,2026-06-15,Katy Dental Center,ChIJOq4pYuXLrOFF,12,242,3.9,46,TRUE
KW-0073,2026-06-15,Katy Smile Studio,ChIJklq7QJV8AzS1,16,301,3.9,102,TRUE
KW-0073,2026-06-15,Memorial Dental Care,ChIJ8JJntPX6O94X,18,328,4.5,44,TRUE
KW-0073,2026-06-22,Katy Smile Studio,ChIJklq7QJV8AzS1,16,306,3.9,101,TRUE
KW-0073,2026-06-22,Katy Dental Center,ChIJOq4pYuXLrOFF,16,247,3.9,46,TRUE
KW-0073,2026-06-22,Memorial Dental Care,ChIJ8JJntPX6O94X,22,331,4.5,42,TRUE
KW-0073,2026-06-29,Katy Smile Studio,ChIJklq7QJV8AzS1,14,307,3.9,104,TRUE
KW-0073,2026-06-29,Katy Dental Center,ChIJOq4pYuXLrOFF,19,252,3.9,41,TRUE
KW-0073,2026-06-29,Memorial Dental Care,ChIJ8JJntPX6O94X,19,336,4.5,46,TRUE
KW-0073,2026-07-06,Katy Smile Studio,ChIJklq7QJV8AzS1,14,310,3.9,106,TRUE
KW-0073,2026-07-06,Katy Dental Center,ChIJOq4pYuXLrOFF,14,251,3.9,46,TRUE
KW-0073,2026-07-06,Memorial Dental Care,ChIJ8JJntPX6O94X,20,340,4.5,47,TRUE
KW-0073,2026-07-13,Katy Smile Studio,ChIJklq7QJV8AzS1,12,309,3.9,102,TRUE
KW-0073,2026-07-13,Memorial Dental Care,ChIJ8JJntPX6O94X,17,340,4.5,44,TRUE
KW-0073,2026-07-13,Katy Dental Center,ChIJOq4pYuXLrOFF,19,258,3.9,43,TRUE
KW-0073,2026-07-20,Katy Smile Studio,ChIJklq7QJV8AzS1,8,326,3.9,106,TRUE
KW-0073,2026-07-20,Memorial Dental Care,ChIJ8JJntPX6O94X,13,338,4.5,45,TRUE
KW-0073,2026-07-20,Katy Dental Center,ChIJOq4pYuXLrOFF,18,257,3.9,45,TRUE
KW-0073,2026-07-27,Memorial Dental Care,ChIJ8JJntPX6O94X,14,358,4.5,42,TRUE
KW-0073,2026-07-27,Katy Smile Studio,ChIJklq7QJV8AzS1,14,331,3.9,103,TRUE
KW-0073,2026-07-27,Katy Dental Center,ChIJOq4pYuXLrOFF,21,266,3.9,45,TRUE
KW-0073,2026-08-03,Katy Smile Studio,ChIJklq7QJV8AzS1,10,322,3.9,105,TRUE
KW-0073,2026-08-03,Memorial Dental Care,ChIJ8JJntPX6O94X,15,342,4.5,45,TRUE
KW-0073,2026-08-03,Katy Dental Center,ChIJOq4pYuXLrOFF,17,270,3.9,44,TRUE
KW-0073,2026-08-10,Katy Smile Studio,ChIJklq7QJV8AzS1,12,341,3.9,103,TRUE
KW-0073,2026-08-10,Memorial Dental Care,ChIJ8JJntPX6O94X,15,360,4.5,44,TRUE
KW-0073,2026-08-10,Katy Dental Center,ChIJOq4pYuXLrOFF,18,266,3.9,46,TRUE
KW-0073,2026-08-17,Katy Smile Studio,ChIJklq7QJV8AzS1,14,319,3.9,101,TRUE
KW-0073,2026-08-17,Memorial Dental Care,ChIJ8JJntPX6O94X,19,355,4.5,45,TRUE
KW-0073,2026-08-17,Katy Dental Center,ChIJOq4pYuXLrOFF,21,287,3.9,43,TRUE
KW-0073,2026-08-24,Katy Smile Studio,ChIJklq7QJV8AzS1,12,341,3.9,105,TRUE
KW-0073,2026-08-24,Katy Dental Center,ChIJOq4pYuXLrOFF,17,262,3.9,42,TRUE
KW-0073,2026-08-24,Memorial Dental Care,ChIJ8JJntPX6O94X,18,348,4.5,44,TRUE
KW-0073,2026-08-31,Memorial Dental Care,ChIJ8JJntPX6O94X,11,372,4.5,45,TRUE
KW-0073,2026-08-31,Katy Dental Center,ChIJOq4pYuXLrOFF,14,275,3.9,44,TRUE
KW-0073,2026-08-31,Katy Smile Studio,ChIJklq7QJV8AzS1,17,323,3.9,101,TRUE
KW-0073,2026-09-07,Katy Dental Center,ChIJOq4pYuXLrOFF,11,266,3.9,45,TRUE
KW-0073,2026-09-07,Memorial Dental Care,ChIJ8JJntPX6O94X,14,364,4.5,42,TRUE
KW-0073,2026-09-07,Katy Smile Studio,ChIJklq7QJV8AzS1,18,349,3.9,101,TRUE
KW-0074,2026-06-15,Memorial Dental Care,ChIJ8JJntPX6O94X,12,328,4.5,45,TRUE
KW-0074,2026-06-15,Katy Dental Center,ChIJOq4pYuXLrOFF,14,242,3.9,46,TRUE
KW-0074,2026-06-15,Katy Smile Studio,ChIJklq7QJV8AzS1,16,301,3.9,102,TRUE
KW-0074,2026-06-22,Katy Smile Studio,ChIJklq7QJV8AzS1,12,306,3.9,103,TRUE
KW-0074,2026-06-22,Katy Dental Center,ChIJOq4pYuXLrOFF,13,244,3.9,42,TRUE
KW-0074,2026-06-22,Memorial Dental Care,ChIJ8JJntPX6O94X,18,332,4.5,44,TRUE
KW-0074,2026-06-29,Katy Smile Studio,ChIJklq7QJV8AzS1,10,309,3.9,104,TRUE
KW-0074,2026-06-29,Katy Dental Center,ChIJOq4pYuXLrOFF,14,250,3.9,42,TRUE
KW-0074,2026-06-29,Memorial Dental Care,ChIJ8JJntPX6O94X,14,338,4.5,43,TRUE
KW-0074,2026-07-06,Katy Dental Center,ChIJOq4pYuXLrOFF,10,257,3.9,42,TRUE
KW-0074,2026-07-06,Memorial Dental Care,ChIJ8JJntPX6O94X,14,337,4.5,43,TRUE
KW-0074,2026-07-06,Katy Smile Studio,ChIJklq7QJV8AzS1,13,307,3.9,103,TRUE
KW-0074,2026-07-13,Katy Dental Center,ChIJOq4pYuXLrOFF,11,262,3.9,43,TRUE
KW-0074,2026-07-13,Memorial Dental Care,ChIJ8JJntPX6O94X,14,344,4.5,46,TRUE
KW-0074,2026-07-13,Katy Smile Studio,ChIJklq7QJV8AzS1,16,317,3.9,105,TRUE
KW-0074,2026-07-20,Katy Smile Studio,ChIJklq7QJV8AzS1,9,316,3.9,105,TRUE
KW-0074,2026-07-20,Memorial Dental Care,ChIJ8JJntPX6O94X,13,338,4.5,45,TRUE
KW-0074,2026-07-20,Katy Dental Center,ChIJOq4pYuXLrOFF,14,262,3.9,43,TRUE
KW-0074,2026-07-27,Memorial Dental Care,ChIJ8JJntPX6O94X,13,340,4.5,47,TRUE
KW-0074,2026-07-27,Katy Dental Center,ChIJOq4pYuXLrOFF,18,260,3.9,46,TRUE
KW-0074,2026-07-27,Katy Smile Studio,ChIJklq7QJV8AzS1,17,313,3.9,106,TRUE
KW-0074,2026-08-03,Katy Dental Center,ChIJOq4pYuXLrOFF,11,277,3.9,43,TRUE
KW-0074,2026-08-03,Katy Smile Studio,ChIJklq7QJV8AzS1,14,329,3.9,105,TRUE
KW-0074,2026-08-03,Memorial Dental Care,ChIJ8JJntPX6O94X,18,356,4.5,43,TRUE
KW-0074,2026-08-10,Katy Smile Studio,ChIJklq7QJV8AzS1,9,325,3.9,106,TRUE
KW-0074,2026-08-10,Memorial Dental Care,ChIJ8JJntPX6O94X,11,368,4.5,42,TRUE
KW-0074,2026-08-10,Katy Dental Center,ChIJOq4pYuXLrOFF,17,282,3.9,43,TRUE
KW-0074,2026-08-17,Katy Dental Center,ChIJOq4pYuXLrOFF,14,260,3.9,45,TRUE
KW-0074,2026-08-17,Memorial Dental Care,ChIJ8JJntPX6O94X,14,364,4.5,44,TRUE
KW-0074,2026-08-17,Katy Smile Studio,ChIJklq7QJV8AzS1,18,337,3.9,104,TRUE
KW-0074,2026-08-24,Memorial Dental Care,ChIJ8JJntPX6O94X,13,358,4.5,44,TRUE
KW-0074,2026-08-24,Katy Smile Studio,ChIJklq7QJV8AzS1,15,351,3.9,105,TRUE
KW-0074,2026-08-24,Katy Dental Center,ChIJOq4pYuXLrOFF,19,262,3.9,44,TRUE
KW-0074,2026-08-31,Memorial Dental Care,ChIJ8JJntPX6O94X,10,372,4.5,46,TRUE
KW-0074,2026-08-31,Katy Smile Studio,ChIJklq7QJV8AzS1,10,345,3.9,102,TRUE
KW-0074,2026-08-31,Katy Dental Center,ChIJOq4pYuXLrOFF,13,275,3.9,42,TRUE
KW-0074,2026-09-07,Katy Smile Studio,ChIJklq7QJV8AzS1,8,337,3.9,102,TRUE
KW-0074,2026-09-07,Katy Dental Center,ChIJOq4pYuXLrOFF,11,302,3.9,41,TRUE
KW-0074,2026-09-07,Memorial Dental Care,ChIJ8JJntPX6O94X,17,364,4.5,46,TRUE
KW-0075,2026-06-15,Memorial Dental Care,ChIJ8JJntPX6O94X,10,328,4.5,42,TRUE
KW-0075,2026-06-15,Katy Dental Center,ChIJOq4pYuXLrOFF,14,242,3.9,43,TRUE
KW-0075,2026-06-15,Katy Smile Studio,ChIJklq7QJV8AzS1,15,301,3.9,102,TRUE
KW-0075,2026-06-22,Memorial Dental Care,ChIJ8JJntPX6O94X,9,332,4.5,47,TRUE
KW-0075,2026-06-22,Katy Smile Studio,ChIJklq7QJV8AzS1,14,303,3.9,101,TRUE
KW-0075,2026-06-22,Katy Dental Center,ChIJOq4pYuXLrOFF,15,246,3.9,44,TRUE
KW-0075,2026-06-29,Memorial Dental Care,ChIJ8JJntPX6O94X,16,338,4.5,42,TRUE
KW-0075,2026-06-29,Katy Dental Center,ChIJOq4pYuXLrOFF,19,252,3.9,46,TRUE
KW-0075,2026-06-29,Katy Smile Studio,ChIJklq7QJV8AzS1,20,311,3.9,105,TRUE
KW-0075,2026-07-06,Memorial Dental Care,ChIJ8JJntPX6O94X,9,340,4.5,45,TRUE
KW-0075,2026-07-06,Katy Dental Center,ChIJOq4pYuXLrOFF,14,254,3.9,43,TRUE
KW-0075,2026-07-06,Katy Smile Studio,ChIJklq7QJV8AzS1,13,307,3.9,101,TRUE
KW-0075,2026-07-13,Katy Smile Studio,ChIJklq7QJV8AzS1,9,313,3.9,106,TRUE
KW-0075,2026-07-13,Memorial Dental Care,ChIJ8JJntPX6O94X,13,340,4.5,42,TRUE
KW-0075,2026-07-13,Katy Dental Center,ChIJOq4pYuXLrOFF,15,262,3.9,46,TRUE
KW-0075,2026-07-20,Memorial Dental Care,ChIJ8JJntPX6O94X,13,353,4.5,44,TRUE
KW-0075,2026-07-20,Katy Smile Studio,ChIJklq7QJV8AzS1,17,326,3.9,105,TRUE
KW-0075,2026-07-20,Katy Dental Center,ChIJOq4pYuXLrOFF,21,257,3.9,45,TRUE
KW-0075,2026-07-27,Memorial Dental Care,ChIJ8JJntPX6O94X,10,340,4.5,46,TRUE
KW-0075,2026-07-27,Katy Smile Studio,ChIJklq7QJV8AzS1,14,319,3.9,101,TRUE
KW-0075,2026-07-27,Katy Dental Center,ChIJOq4pYuXLrOFF,19,254,3.9,42,TRUE
KW-0075,2026-08-03,Katy Smile Studio,ChIJklq7QJV8AzS1,14,315,3.9,103,TRUE
KW-0075,2026-08-03,Katy Dental Center,ChIJOq4pYuXLrOFF,15,270,3.9,43,TRUE
KW-0075,2026-08-03,Memorial Dental Care,ChIJ8JJntPX6O94X,17,349,4.5,45,TRUE
KW-0075,2026-08-10,Katy Dental Center,ChIJOq4pYuXLrOFF,13,266,3.9,46,TRUE
KW-0075,2026-08-10,Memorial Dental Care,ChIJ8JJntPX6O94X,15,360,4.5,45,TRUE
KW-0075,2026-08-10,Katy Smile Studio,ChIJklq7QJV8AzS1,18,317,3.9,105,TRUE
KW-0075,2026-08-17,Katy Smile Studio,ChIJklq7QJV8AzS1,11,319,3.9,101,TRUE
KW-0075,2026-08-17,Memorial Dental Care,ChIJ8JJntPX6O94X,13,346,4.5,45,TRUE
KW-0075,2026-08-17,Katy Dental Center,ChIJOq4pYuXLrOFF,15,278,3.9,43,TRUE
KW-0075,2026-08-24,Katy Smile Studio,ChIJklq7QJV8AzS1,9,331,3.9,103,TRUE
KW-0075,2026-08-24,Memorial Dental Care,ChIJ8JJntPX6O94X,14,348,4.5,47,TRUE
KW-0075,2026-08-24,Katy Dental Center,ChIJOq4pYuXLrOFF,15,282,3.9,42,TRUE
KW-0075,2026-08-31,Katy Smile Studio,ChIJklq7QJV8AzS1,8,323,3.9,105,TRUE
KW-0075,2026-08-31,Memorial Dental Care,ChIJ8JJntPX6O94X,12,350,4.5,43,TRUE
KW-0075,2026-08-31,Katy Dental Center,ChIJOq4pYuXLrOFF,17,297,3.9,43,TRUE
KW-0075,2026-09-07,Katy Smile Studio,ChIJklq7QJV8AzS1,11,361,3.9,101,TRUE
KW-0075,2026-09-07,Memorial Dental Care,ChIJ8JJntPX6O94X,12,376,4.5,46,TRUE
KW-0075,2026-09-07,Katy Dental Center,ChIJOq4pYuXLrOFF,14,266,3.9,43,TRUE
KW-0076,2026-06-15,Sugar Land Dental,ChIJoHn799CUQpEF,35,361,4.8,115,TRUE
KW-0076,2026-06-15,Fort Bend Dentistry,ChIJzQDQwFibxp3K,36,276,4.1,135,TRUE
KW-0076,2026-06-15,Imperial Dental Care,ChIJ81jILzeQLTiq,40,318,4.1,118,FALSE
KW-0076,2026-06-22,Sugar Land Dental,ChIJoHn799CUQpEF,29,364,4.8,114,TRUE
KW-0076,2026-06-22,Imperial Dental Care,ChIJ81jILzeQLTiq,32,320,4.1,120,FALSE
KW-0076,2026-06-22,Fort Bend Dentistry,ChIJzQDQwFibxp3K,37,281,4.1,134,TRUE
KW-0076,2026-06-29,Fort Bend Dentistry,ChIJzQDQwFibxp3K,31,280,4.1,139,TRUE
KW-0076,2026-06-29,Imperial Dental Care,ChIJ81jILzeQLTiq,37,328,4.1,116,FALSE
KW-0076,2026-06-29,Sugar Land Dental,ChIJoHn799CUQpEF,41,367,4.8,114,TRUE
KW-0076,2026-07-06,Sugar Land Dental,ChIJoHn799CUQpEF,32,376,4.8,117,TRUE
KW-0076,2026-07-06,Fort Bend Dentistry,ChIJzQDQwFibxp3K,34,285,4.1,138,TRUE
KW-0076,2026-07-06,Imperial Dental Care,ChIJ81jILzeQLTiq,39,333,4.1,116,FALSE
KW-0076,2026-07-13,Sugar Land Dental,ChIJoHn799CUQpEF,34,381,4.8,112,TRUE
KW-0076,2026-07-13,Fort Bend Dentistry,ChIJzQDQwFibxp3K,36,292,4.1,135,TRUE
KW-0076,2026-07-13,Imperial Dental Care,ChIJ81jILzeQLTiq,39,338,4.1,117,FALSE
KW-0076,2026-07-20,Sugar Land Dental,ChIJoHn799CUQpEF,32,386,4.8,114,TRUE
KW-0076,2026-07-20,Imperial Dental Care,ChIJ81jILzeQLTiq,35,338,4.1,119,FALSE
KW-0076,2026-07-20,Fort Bend Dentistry,ChIJzQDQwFibxp3K,40,301,4.1,136,TRUE
KW-0076,2026-07-27,Imperial Dental Care,ChIJ81jILzeQLTiq,30,336,4.1,118,FALSE
KW-0076,2026-07-27,Sugar Land Dental,ChIJoHn799CUQpEF,32,385,4.8,113,TRUE
KW-0076,2026-07-27,Fort Bend Dentistry,ChIJzQDQwFibxp3K,38,294,4.1,137,TRUE
KW-0076,2026-08-03,Fort Bend Dentistry,ChIJzQDQwFibxp3K,31,304,4.1,137,TRUE
KW-0076,2026-08-03,Sugar Land Dental,ChIJoHn799CUQpEF,34,389,4.8,113,TRUE
KW-0076,2026-08-03,Imperial Dental Care,ChIJ81jILzeQLTiq,38,332,4.1,118,FALSE
KW-0076,2026-08-10,Imperial Dental Care,ChIJ81jILzeQLTiq,32,342,4.1,119,FALSE
KW-0076,2026-08-10,Fort Bend Dentistry,ChIJzQDQwFibxp3K,37,316,4.1,136,TRUE
KW-0076,2026-08-10,Sugar Land Dental,ChIJoHn799CUQpEF,40,377,4.8,117,TRUE
KW-0076,2026-08-17,Imperial Dental Care,ChIJ81jILzeQLTiq,30,363,4.1,117,FALSE
KW-0076,2026-08-17,Fort Bend Dentistry,ChIJzQDQwFibxp3K,33,321,4.1,138,TRUE
KW-0076,2026-08-17,Sugar Land Dental,ChIJoHn799CUQpEF,37,379,4.8,115,TRUE
KW-0076,2026-08-24,Fort Bend Dentistry,ChIJzQDQwFibxp3K,32,296,4.1,138,TRUE
KW-0076,2026-08-24,Sugar Land Dental,ChIJoHn799CUQpEF,35,411,4.8,115,TRUE
KW-0076,2026-08-24,Imperial Dental Care,ChIJ81jILzeQLTiq,40,348,4.1,120,FALSE
KW-0076,2026-08-31,Sugar Land Dental,ChIJoHn799CUQpEF,33,383,4.8,114,TRUE
KW-0076,2026-08-31,Imperial Dental Care,ChIJ81jILzeQLTiq,34,340,4.1,119,FALSE
KW-0076,2026-08-31,Fort Bend Dentistry,ChIJzQDQwFibxp3K,35,320,4.1,135,TRUE
KW-0076,2026-09-07,Fort Bend Dentistry,ChIJzQDQwFibxp3K,35,336,4.1,135,TRUE
KW-0076,2026-09-07,Imperial Dental Care,ChIJ81jILzeQLTiq,38,354,4.1,115,FALSE
KW-0076,2026-09-07,Sugar Land Dental,ChIJoHn799CUQpEF,39,397,4.8,113,TRUE
KW-0077,2026-06-15,Fort Bend Dentistry,ChIJzQDQwFibxp3K,37,276,4.1,134,TRUE
KW-0077,2026-06-15,Sugar Land Dental,ChIJoHn799CUQpEF,39,361,4.8,112,TRUE
KW-0077,2026-06-15,Imperial Dental Care,ChIJ81jILzeQLTiq,42,318,4.1,115,FALSE
KW-0077,2026-06-22,Sugar Land Dental,ChIJoHn799CUQpEF,39,363,4.8,112,TRUE
KW-0077,2026-06-22,Fort Bend Dentistry,ChIJzQDQwFibxp3K,44,280,4.1,134,TRUE
KW-0077,2026-06-22,Imperial Dental Care,ChIJ81jILzeQLTiq,46,321,4.1,117,FALSE
KW-0077,2026-06-29,Imperial Dental Care,ChIJ81jILzeQLTiq,42,326,4.1,119,FALSE
KW-0077,2026-06-29,Sugar Land Dental,ChIJoHn799CUQpEF,42,367,4.8,113,TRUE
KW-0077,2026-06-29,Fort Bend Dentistry,ChIJzQDQwFibxp3K,44,286,4.1,136,TRUE
KW-0077,2026-07-06,Sugar Land Dental,ChIJoHn799CUQpEF,36,370,4.8,115,TRUE
KW-0077,2026-07-06,Imperial Dental Care,ChIJ81jILzeQLTiq,38,324,4.1,115,FALSE
KW-0077,2026-07-06,Fort Bend Dentistry,ChIJzQDQwFibxp3K,42,291,4.1,138,TRUE
KW-0077,2026-07-13,Sugar Land Dental,ChIJoHn799CUQpEF,41,369,4.8,113,TRUE
KW-0077,2026-07-13,Imperial Dental Care,ChIJ81jILzeQLTiq,43,338,4.1,120,FALSE
KW-0077,2026-07-13,Fort Bend Dentistry,ChIJzQDQwFibxp3K,45,284,4.1,135,TRUE
KW-0077,2026-07-20,Sugar Land Dental,ChIJoHn799CUQpEF,37,376,4.8,112,TRUE
KW-0077,2026-07-20,Imperial Dental Care,ChIJ81jILzeQLTiq,39,333,4.1,118,FALSE
KW-0077,2026-07-20,Fort Bend Dentistry,ChIJzQDQwFibxp3K,41,286,4.1,136,TRUE
KW-0077,2026-07-27,Imperial Dental Care,ChIJ81jILzeQLTiq,38,348,4.1,116,FALSE
KW-0077,2026-07-27,Fort Bend Dentistry,ChIJzQDQwFibxp3K,42,288,4.1,134,TRUE
KW-0077,2026-07-27,Sugar Land Dental,ChIJoHn799CUQpEF,44,391,4.8,112,TRUE
KW-0077,2026-08-03,Sugar Land Dental,ChIJoHn799CUQpEF,36,375,4.8,113,TRUE
KW-0077,2026-08-03,Imperial Dental Care,ChIJ81jILzeQLTiq,41,332,4.1,120,FALSE
KW-0077,2026-08-03,Fort Bend Dentistry,ChIJzQDQwFibxp3K,45,290,4.1,139,TRUE
KW-0077,2026-08-10,Imperial Dental Care,ChIJ81jILzeQLTiq,38,350,4.1,117,FALSE
KW-0077,2026-08-10,Sugar Land Dental,ChIJoHn799CUQpEF,42,401,4.8,112,TRUE
KW-0077,2026-08-10,Fort Bend Dentistry,ChIJzQDQwFibxp3K,43,300,4.1,138,TRUE
KW-0077,2026-08-17,Imperial Dental Care,ChIJ81jILzeQLTiq,36,345,4.1,118,FALSE
KW-0077,2026-08-17,Sugar Land Dental,ChIJoHn799CUQpEF,38,388,4.8,114,TRUE
KW-0077,2026-08-17,Fort Bend Dentistry,ChIJzQDQwFibxp3K,41,303,4.1,136,TRUE
KW-0077,2026-08-24,Sugar Land Dental,ChIJoHn799CUQpEF,38,391,4.8,113,TRUE
KW-0077,2026-08-24,Imperial Dental Care,ChIJ81jILzeQLTiq,40,338,4.1,116,FALSE
KW-0077,2026-08-24,Fort Bend Dentistry,ChIJzQDQwFibxp3K,42,316,4.1,136,TRUE
KW-0077,2026-08-31,Imperial Dental Care,ChIJ81jILzeQLTiq,39,351,4.1,120,FALSE
KW-0077,2026-08-31,Fort Bend Dentistry,ChIJzQDQwFibxp3K,45,320,4.1,136,TRUE
KW-0077,2026-08-31,Sugar Land Dental,ChIJoHn799CUQpEF,45,394,4.8,115,TRUE
KW-0077,2026-09-07,Sugar Land Dental,ChIJoHn799CUQpEF,36,397,4.8,114,TRUE
KW-0077,2026-09-07,Imperial Dental Care,ChIJ81jILzeQLTiq,42,366,4.1,115,FALSE
KW-0077,2026-09-07,Fort Bend Dentistry,ChIJzQDQwFibxp3K,43,312,4.1,134,TRUE
KW-0078,2026-06-15,Fort Bend Dentistry,ChIJzQDQwFibxp3K,31,276,4.1,137,TRUE
KW-0078,2026-06-15,Sugar Land Dental,ChIJoHn799CUQpEF,38,361,4.8,117,TRUE
KW-0078,2026-06-15,Imperial Dental Care,ChIJ81jILzeQLTiq,42,318,4.1,118,FALSE
KW-0078,2026-06-22,Imperial Dental Care,ChIJ81jILzeQLTiq,40,323,4.1,115,FALSE
KW-0078,2026-06-22,Fort Bend Dentistry,ChIJzQDQwFibxp3K,41,280,4.1,137,TRUE
KW-0078,2026-06-22,Sugar Land Dental,ChIJoHn799CUQpEF,42,364,4.8,115,TRUE
KW-0078,2026-06-29,Fort Bend Dentistry,ChIJzQDQwFibxp3K,36,286,4.1,136,TRUE
KW-0078,2026-06-29,Sugar Land Dental,ChIJoHn799CUQpEF,41,365,4.8,115,TRUE
KW-0078,2026-06-29,Imperial Dental Care,ChIJ81jILzeQLTiq,43,322,4.1,118,FALSE
KW-0078,2026-07-06,Fort Bend Dentistry,ChIJzQDQwFibxp3K,36,285,4.1,136,TRUE
KW-0078,2026-07-06,Sugar Land Dental,ChIJoHn799CUQpEF,41,373,4.8,116,TRUE
KW-0078,2026-07-06,Imperial Dental Care,ChIJ81jILzeQLTiq,44,333,4.1,115,FALSE
KW-0078,2026-07-13,Sugar Land Dental,ChIJoHn799CUQpEF,38,377,4.8,114,TRUE
KW-0078,2026-07-13,Fort Bend Dentistry,ChIJzQDQwFibxp3K,40,288,4.1,139,TRUE
KW-0078,2026-07-13,Imperial Dental Care,ChIJ81jILzeQLTiq,42,326,4.1,116,FALSE
KW-0078,2026-07-20,Fort Bend Dentistry,ChIJzQDQwFibxp3K,36,296,4.1,134,TRUE
KW-0078,2026-07-20,Imperial Dental Care,ChIJ81jILzeQLTiq,37,328,4.1,115,FALSE
KW-0078,2026-07-20,Sugar Land Dental,ChIJoHn799CUQpEF,38,386,4.8,113,TRUE
KW-0078,2026-07-27,Fort Bend Dentistry,ChIJzQDQwFibxp3K,35,288,4.1,134,TRUE
KW-0078,2026-07-27,Imperial Dental Care,ChIJ81jILzeQLTiq,37,330,4.1,117,FALSE
KW-0078,2026-07-27,Sugar Land Dental,ChIJoHn799CUQpEF,42,373,4.8,112,TRUE
KW-0078,2026-08-03,Sugar Land Dental,ChIJoHn799CUQpEF,38,396,4.8,113,TRUE
KW-0078,2026-08-03,Imperial Dental Care,ChIJ81jILzeQLTiq,42,332,4.1,118,FALSE
KW-0078,2026-08-03,Fort Bend Dentistry,ChIJzQDQwFibxp3K,43,304,4.1,138,TRUE
KW-0078,2026-08-10,Fort Bend Dentistry,ChIJzQDQwFibxp3K,35,300,4.1,134,TRUE
KW-0078,2026-08-10,Imperial Dental Care,ChIJ81jILzeQLTiq,35,350,4.1,120,FALSE
KW-0078,2026-08-10,Sugar Land Dental,ChIJoHn799CUQpEF,38,401,4.8,112,TRUE
KW-0078,2026-08-17,Fort Bend Dentistry,ChIJzQDQwFibxp3K,33,294,4.1,136,TRUE
KW-0078,2026-08-17,Sugar Land Dental,ChIJoHn799CUQpEF,37,397,4.8,114,TRUE
KW-0078,2026-08-17,Imperial Dental Care,ChIJ81jILzeQLTiq,40,354,4.1,116,FALSE
KW-0078,2026-08-24,Sugar Land Dental,ChIJoHn799CUQpEF,35,391,4.8,114,TRUE
KW-0078,2026-08-24,Imperial Dental Care,ChIJ81jILzeQLTiq,37,368,4.1,118,FALSE
KW-0078,2026-08-24,Fort Bend Dentistry,ChIJzQDQwFibxp3K,40,316,4.1,137,TRUE
KW-0078,2026-08-31,Fort Bend Dentistry,ChIJzQDQwFibxp3K,37,331,4.1,137,TRUE
KW-0078,2026-08-31,Imperial Dental Care,ChIJ81jILzeQLTiq,40,340,4.1,115,FALSE
KW-0078,2026-08-31,Sugar Land Dental,ChIJoHn799CUQpEF,42,405,4.8,117,TRUE
KW-0078,2026-09-07,Sugar Land Dental,ChIJoHn799CUQpEF,37,397,4.8,117,TRUE
KW-0078,2026-09-07,Fort Bend Dentistry,ChIJzQDQwFibxp3K,43,324,4.1,134,TRUE
KW-0078,2026-09-07,Imperial Dental Care,ChIJ81jILzeQLTiq,45,354,4.1,115,FALSE
KW-0079,2026-06-15,Imperial Dental Care,ChIJ81jILzeQLTiq,42,318,4.1,118,FALSE
KW-0079,2026-06-15,Sugar Land Dental,ChIJoHn799CUQpEF,45,361,4.8,115,TRUE
KW-0079,2026-06-15,Fort Bend Dentistry,ChIJzQDQwFibxp3K,47,276,4.1,136,TRUE
KW-0079,2026-06-22,Sugar Land Dental,ChIJoHn799CUQpEF,41,363,4.8,116,TRUE
KW-0079,2026-06-22,Fort Bend Dentistry,ChIJzQDQwFibxp3K,44,278,4.1,138,TRUE
KW-0079,2026-06-22,Imperial Dental Care,ChIJ81jILzeQLTiq,47,320,4.1,120,FALSE
KW-0079,2026-06-29,Fort Bend Dentistry,ChIJzQDQwFibxp3K,36,284,4.1,139,TRUE
KW-0079,2026-06-29,Imperial Dental Care,ChIJ81jILzeQLTiq,40,322,4.1,115,FALSE
KW-0079,2026-06-29,Sugar Land Dental,ChIJoHn799CUQpEF,44,367,4.8,112,TRUE
KW-0079,2026-07-06,Imperial Dental Care,ChIJ81jILzeQLTiq,39,327,4.1,119,FALSE
KW-0079,2026-07-06,Fort Bend Dentistry,ChIJzQDQwFibxp3K,42,291,4.1,134,TRUE
KW-0079,2026-07-06,Sugar Land Dental,ChIJoHn799CUQpEF,43,370,4.8,113,TRUE
KW-0079,2026-07-13,Fort Bend Dentistry,ChIJzQDQwFibxp3K,37,288,4.1,134,TRUE
KW-0079,2026-07-13,Imperial Dental Care,ChIJ81jILzeQLTiq,42,334,4.1,115,FALSE
KW-0079,2026-07-13,Sugar Land Dental,ChIJoHn799CUQpEF,46,381,4.8,114,TRUE
KW-0079,2026-07-20,Fort Bend Dentistry,ChIJzQDQwFibxp3K,37,296,4.1,139,TRUE
KW-0079,2026-07-20,Imperial Dental Care,ChIJ81jILzeQLTiq,41,343,4.1,118,FALSE
KW-0079,2026-07-20,Sugar Land Dental,ChIJoHn799CUQpEF,44,386,4.8,112,TRUE
KW-0079,2026-07-27,Fort Bend Dentistry,ChIJzQDQwFibxp3K,37,300,4.1,137,TRUE
KW-0079,2026-07-27,Sugar Land Dental,ChIJoHn799CUQpEF,40,385,4.8,115,TRUE
KW-0079,2026-07-27,Imperial Dental Care,ChIJ81jILzeQLTiq,43,336,4.1,117,FALSE
KW-0079,2026-08-03,Imperial Dental Care,ChIJ81jILzeQLTiq,41,339,4.1,117,FALSE
KW-0079,2026-08-03,Sugar Land Dental,ChIJoHn799CUQpEF,44,396,4.8,117,TRUE
KW-0079,2026-08-03,Fort Bend Dentistry,ChIJzQDQwFibxp3K,48,311,4.1,134,TRUE
KW-0079,2026-08-10,Imperial Dental Care,ChIJ81jILzeQLTiq,43,342,4.1,116,FALSE
KW-0079,2026-08-10,Fort Bend Dentistry,ChIJzQDQwFibxp3K,43,316,4.1,137,TRUE
KW-0079,2026-08-10,Sugar Land Dental,ChIJoHn799CUQpEF,50,393,4.8,116,TRUE
KW-0079,2026-08-17,Imperial Dental Care,ChIJ81jILzeQLTiq,38,336,4.1,120,FALSE
KW-0079,2026-08-17,Fort Bend Dentistry,ChIJzQDQwFibxp3K,43,294,4.1,134,TRUE
KW-0079,2026-08-17,Sugar Land Dental,ChIJoHn799CUQpEF,44,397,4.8,116,TRUE
KW-0079,2026-08-24,Imperial Dental Care,ChIJ81jILzeQLTiq,42,358,4.1,117,FALSE
KW-0079,2026-08-24,Fort Bend Dentistry,ChIJzQDQwFibxp3K,45,296,4.1,136,TRUE
KW-0079,2026-08-24,Sugar Land Dental,ChIJoHn799CUQpEF,50,411,4.8,116,TRUE
KW-0079,2026-08-31,Sugar Land Dental,ChIJoHn799CUQpEF,40,405,4.8,116,TRUE
KW-0079,2026-08-31,Fort Bend Dentistry,ChIJzQDQwFibxp3K,42,309,4.1,136,TRUE
KW-0079,2026-08-31,Imperial Dental Care,ChIJ81jILzeQLTiq,44,340,4.1,118,FALSE
KW-0079,2026-09-07,Fort Bend Dentistry,ChIJzQDQwFibxp3K,40,300,4.1,134,TRUE
KW-0079,2026-09-07,Imperial Dental Care,ChIJ81jILzeQLTiq,47,354,4.1,119,FALSE
KW-0079,2026-09-07,Sugar Land Dental,ChIJoHn799CUQpEF,48,397,4.8,115,TRUE
KW-0080,2026-06-15,Sugar Land Dental,ChIJoHn799CUQpEF,37,361,4.8,117,TRUE
KW-0080,2026-06-15,Imperial Dental Care,ChIJ81jILzeQLTiq,41,318,4.1,120,FALSE
KW-0080,2026-06-15,Fort Bend Dentistry,ChIJzQDQwFibxp3K,43,276,4.1,138,TRUE
KW-0080,2026-06-22,Imperial Dental Care,ChIJ81jILzeQLTiq,38,320,4.1,115,FALSE
KW-0080,2026-06-22,Fort Bend Dentistry,ChIJzQDQwFibxp3K,39,278,4.1,135,TRUE
KW-0080,2026-06-22,Sugar Land Dental,ChIJoHn799CUQpEF,43,364,4.8,117,TRUE
KW-0080,2026-06-29,Imperial Dental Care,ChIJ81jILzeQLTiq,41,322,4.1,120,FALSE
KW-0080,2026-06-29,Sugar Land Dental,ChIJoHn799CUQpEF,43,369,4.8,116,TRUE
KW-0080,2026-06-29,Fort Bend Dentistry,ChIJzQDQwFibxp3K,50,280,4.1,135,TRUE
KW-0080,2026-07-06,Sugar Land Dental,ChIJoHn799CUQpEF,39,370,4.8,113,TRUE
KW-0080,2026-07-06,Fort Bend Dentistry,ChIJzQDQwFibxp3K,42,282,4.1,138,TRUE
KW-0080,2026-07-06,Imperial Dental Care,ChIJ81jILzeQLTiq,44,324,4.1,115,FALSE
KW-0080,2026-07-13,Sugar Land Dental,ChIJoHn799CUQpEF,40,369,4.8,113,TRUE
KW-0080,2026-07-13,Fort Bend Dentistry,ChIJzQDQwFibxp3K,43,284,4.1,138,TRUE
KW-0080,2026-07-13,Imperial Dental Care,ChIJ81jILzeQLTiq,46,326,4.1,120,FALSE
KW-0080,2026-07-20,Fort Bend Dentistry,ChIJzQDQwFibxp3K,35,296,4.1,134,TRUE
KW-0080,2026-07-20,Imperial Dental Care,ChIJ81jILzeQLTiq,40,343,4.1,119,FALSE
KW-0080,2026-07-20,Sugar Land Dental,ChIJoHn799CUQpEF,43,371,4.8,117,TRUE
KW-0080,2026-07-27,Sugar Land Dental,ChIJoHn799CUQpEF,36,385,4.8,116,TRUE
KW-0080,2026-07-27,Fort Bend Dentistry,ChIJzQDQwFibxp3K,38,288,4.1,137,TRUE
KW-0080,2026-07-27,Imperial Dental Care,ChIJ81jILzeQLTiq,43,330,4.1,118,FALSE
KW-0080,2026-08-03,Imperial Dental Care,ChIJ81jILzeQLTiq,36,353,4.1,115,FALSE
KW-0080,2026-08-03,Sugar Land Dental,ChIJoHn799CUQpEF,39,375,4.8,116,TRUE
KW-0080,2026-08-03,Fort Bend Dentistry,ChIJzQDQwFibxp3K,43,297,4.1,135,TRUE
KW-0080,2026-08-10,Fort Bend Dentistry,ChIJzQDQwFibxp3K,43,292,4.1,138,TRUE
KW-0080,2026-08-10,Imperial Dental Care,ChIJ81jILzeQLTiq,46,350,4.1,116,FALSE
KW-0080,2026-08-10,Sugar Land Dental,ChIJoHn799CUQpEF,48,401,4.8,116,TRUE
KW-0080,2026-08-17,Sugar Land Dental,ChIJoHn799CUQpEF,34,397,4.8,114,TRUE
KW-0080,2026-08-17,Fort Bend Dentistry,ChIJzQDQwFibxp3K,38,294,4.1,135,TRUE
KW-0080,2026-08-17,Imperial Dental Care,ChIJ81jILzeQLTiq,44,354,4.1,116,FALSE
KW-0080,2026-08-24,Sugar Land Dental,ChIJoHn799CUQpEF,37,411,4.8,116,TRUE
KW-0080,2026-08-24,Imperial Dental Care,ChIJ81jILzeQLTiq,42,368,4.1,119,FALSE
KW-0080,2026-08-24,Fort Bend Dentistry,ChIJzQDQwFibxp3K,45,316,4.1,137,TRUE
KW-0080,2026-08-31,Imperial Dental Care,ChIJ81jILzeQLTiq,42,340,4.1,118,FALSE
KW-0080,2026-08-31,Sugar Land Dental,ChIJoHn799CUQpEF,43,394,4.8,116,TRUE
KW-0080,2026-08-31,Fort Bend Dentistry,ChIJzQDQwFibxp3K,47,298,4.1,136,TRUE
KW-0080,2026-09-07,Fort Bend Dentistry,ChIJzQDQwFibxp3K,36,336,4.1,134,TRUE
KW-0080,2026-09-07,Sugar Land Dental,ChIJoHn799CUQpEF,41,385,4.8,113,TRUE
KW-0080,2026-09-07,Imperial Dental Care,ChIJ81jILzeQLTiq,42,342,4.1,120,FALSE
KW-0081,2026-06-15,Imperial Dental Care,ChIJ81jILzeQLTiq,42,318,4.1,119,FALSE
KW-0081,2026-06-15,Sugar Land Dental,ChIJoHn799CUQpEF,46,361,4.8,116,TRUE
KW-0081,2026-06-15,Fort Bend Dentistry,ChIJzQDQwFibxp3K,47,276,4.1,134,TRUE
KW-0081,2026-06-22,Sugar Land Dental,ChIJoHn799CUQpEF,42,364,4.8,112,TRUE
KW-0081,2026-06-22,Imperial Dental Care,ChIJ81jILzeQLTiq,42,322,4.1,115,FALSE
KW-0081,2026-06-22,Fort Bend Dentistry,ChIJzQDQwFibxp3K,48,280,4.1,139,TRUE
KW-0081,2026-06-29,Imperial Dental Care,ChIJ81jILzeQLTiq,41,324,4.1,120,FALSE
KW-0081,2026-06-29,Fort Bend Dentistry,ChIJzQDQwFibxp3K,46,282,4.1,136,TRUE
KW-0081,2026-06-29,Sugar Land Dental,ChIJoHn799CUQpEF,48,365,4.8,112,TRUE
KW-0081,2026-07-06,Sugar Land Dental,ChIJoHn799CUQpEF,42,373,4.8,113,TRUE
KW-0081,2026-07-06,Fort Bend Dentistry,ChIJzQDQwFibxp3K,45,282,4.1,136,TRUE
KW-0081,2026-07-06,Imperial Dental Care,ChIJ81jILzeQLTiq,46,330,4.1,117,FALSE
KW-0081,2026-07-13,Sugar Land Dental,ChIJoHn799CUQpEF,45,377,4.8,112,TRUE
KW-0081,2026-07-13,Fort Bend Dentistry,ChIJzQDQwFibxp3K,46,292,4.1,138,TRUE
KW-0081,2026-07-13,Imperial Dental Care,ChIJ81jILzeQLTiq,48,334,4.1,117,FALSE
KW-0081,2026-07-20,Sugar Land Dental,ChIJoHn799CUQpEF,41,376,4.8,113,TRUE
KW-0081,2026-07-20,Imperial Dental Care,ChIJ81jILzeQLTiq,45,328,4.1,116,FALSE
KW-0081,2026-07-20,Fort Bend Dentistry,ChIJzQDQwFibxp3K,47,301,4.1,139,TRUE
KW-0081,2026-07-27,Imperial Dental Care,ChIJ81jILzeQLTiq,40,330,4.1,117,FALSE
KW-0081,2026-07-27,Fort Bend Dentistry,ChIJzQDQwFibxp3K,45,288,4.1,134,TRUE
KW-0081,2026-07-27,Sugar Land Dental,ChIJoHn799CUQpEF,46,373,4.8,116,TRUE
KW-0081,2026-08-03,Sugar Land Dental,ChIJoHn799CUQpEF,43,382,4.8,115,TRUE
KW-0081,2026-08-03,Imperial Dental Care,ChIJ81jILzeQLTiq,43,339,4.1,115,FALSE
KW-0081,2026-08-03,Fort Bend Dentistry,ChIJzQDQwFibxp3K,48,304,4.1,135,TRUE
KW-0081,2026-08-10,Sugar Land Dental,ChIJoHn799CUQpEF,41,393,4.8,116,TRUE
KW-0081,2026-08-10,Fort Bend Dentistry,ChIJzQDQwFibxp3K,47,300,4.1,137,TRUE
KW-0081,2026-08-10,Imperial Dental Care,ChIJ81jILzeQLTiq,47,342,4.1,117,FALSE
KW-0081,2026-08-17,Imperial Dental Care,ChIJ81jILzeQLTiq,40,354,4.1,115,FALSE
KW-0081,2026-08-17,Fort Bend Dentistry,ChIJzQDQwFibxp3K,45,321,4.1,136,TRUE
KW-0081,2026-08-17,Sugar Land Dental,ChIJoHn799CUQpEF,44,406,4.8,117,TRUE
KW-0081,2026-08-24,Fort Bend Dentistry,ChIJzQDQwFibxp3K,40,306,4.1,136,TRUE
KW-0081,2026-08-24,Sugar Land Dental,ChIJoHn799CUQpEF,46,411,4.8,115,TRUE
KW-0081,2026-08-24,Imperial Dental Care,ChIJ81jILzeQLTiq,48,358,4.1,119,FALSE
KW-0081,2026-08-31,Sugar Land Dental,ChIJoHn799CUQpEF,37,416,4.8,117,TRUE
KW-0081,2026-08-31,Imperial Dental Care,ChIJ81jILzeQLTiq,41,362,4.1,119,FALSE
KW-0081,2026-08-31,Fort Bend Dentistry,ChIJzQDQwFibxp3K,48,309,4.1,135,TRUE
KW-0081,2026-09-07,Fort Bend Dentistry,ChIJzQDQwFibxp3K,40,300,4.1,136,TRUE
KW-0081,2026-09-07,Imperial Dental Care,ChIJ81jILzeQLTiq,41,378,4.1,116,FALSE
KW-0081,2026-09-07,Sugar Land Dental,ChIJoHn799CUQpEF,47,385,4.8,114,TRUE
KW-0082,2026-06-15,Imperial Dental Care,ChIJ81jILzeQLTiq,40,318,4.1,120,FALSE
KW-0082,2026-06-15,Fort Bend Dentistry,ChIJzQDQwFibxp3K,42,276,4.1,137,TRUE
KW-0082,2026-06-15,Sugar Land Dental,ChIJoHn799CUQpEF,45,361,4.8,115,TRUE
KW-0082,2026-06-22,Imperial Dental Care,ChIJ81jILzeQLTiq,42,320,4.1,119,FALSE
KW-0082,2026-06-22,Fort Bend Dentistry,ChIJzQDQwFibxp3K,41,279,4.1,138,TRUE
KW-0082,2026-06-22,Sugar Land Dental,ChIJoHn799CUQpEF,45,364,4.8,115,TRUE
KW-0082,2026-06-29,Imperial Dental Care,ChIJ81jILzeQLTiq,34,324,4.1,115,FALSE
KW-0082,2026-06-29,Sugar Land Dental,ChIJoHn799CUQpEF,38,367,4.8,117,TRUE
KW-0082,2026-06-29,Fort Bend Dentistry,ChIJzQDQwFibxp3K,42,280,4.1,134,TRUE
KW-0082,2026-07-06,Imperial Dental Care,ChIJ81jILzeQLTiq,33,333,4.1,115,FALSE
KW-0082,2026-07-06,Fort Bend Dentistry,ChIJzQDQwFibxp3K,37,282,4.1,136,TRUE
KW-0082,2026-07-06,Sugar Land Dental,ChIJoHn799CUQpEF,40,367,4.8,114,TRUE
KW-0082,2026-07-13,Fort Bend Dentistry,ChIJzQDQwFibxp3K,38,288,4.1,134,TRUE
KW-0082,2026-07-13,Imperial Dental Care,ChIJ81jILzeQLTiq,38,330,4.1,119,FALSE
KW-0082,2026-07-13,Sugar Land Dental,ChIJoHn799CUQpEF,41,369,4.8,113,TRUE
KW-0082,2026-07-20,Imperial Dental Care,ChIJ81jILzeQLTiq,39,343,4.1,117,FALSE
KW-0082,2026-07-20,Sugar Land Dental,ChIJoHn799CUQpEF,41,371,4.8,115,TRUE
KW-0082,2026-07-20,Fort Bend Dentistry,ChIJzQDQwFibxp3K,45,286,4.1,137,TRUE
KW-0082,2026-07-27,Sugar Land Dental,ChIJoHn799CUQpEF,37,391,4.8,112,TRUE
KW-0082,2026-07-27,Fort Bend Dentistry,ChIJzQDQwFibxp3K,39,288,4.1,136,TRUE
KW-0082,2026-07-27,Imperial Dental Care,ChIJ81jILzeQLTiq,44,336,4.1,116,FALSE
KW-0082,2026-08-03,Imperial Dental Care,ChIJ81jILzeQLTiq,39,339,4.1,115,FALSE
KW-0082,2026-08-03,Sugar Land Dental,ChIJoHn799CUQpEF,40,389,4.8,115,TRUE
KW-0082,2026-08-03,Fort Bend Dentistry,ChIJzQDQwFibxp3K,43,290,4.1,138,TRUE
KW-0082,2026-08-10,Fort Bend Dentistry,ChIJzQDQwFibxp3K,36,292,4.1,135,TRUE
KW-0082,2026-08-10,Sugar Land Dental,ChIJoHn799CUQpEF,39,377,4.8,117,TRUE
KW-0082,2026-08-10,Imperial Dental Care,ChIJ81jILzeQLTiq,42,342,4.1,116,FALSE
KW-0082,2026-08-17,Fort Bend Dentistry,ChIJzQDQwFibxp3K,37,303,4.1,138,TRUE
KW-0082,2026-08-17,Sugar Land Dental,ChIJoHn799CUQpEF,42,388,4.8,114,TRUE
KW-0082,2026-08-17,Imperial Dental Care,ChIJ81jILzeQLTiq,43,354,4.1,119,FALSE
KW-0082,2026-08-24,Sugar Land Dental,ChIJoHn799CUQpEF,38,411,4.8,115,TRUE
KW-0082,2026-08-24,Fort Bend Dentistry,ChIJzQDQwFibxp3K,41,306,4.1,137,TRUE
KW-0082,2026-08-24,Imperial Dental Care,ChIJ81jILzeQLTiq,43,358,4.1,116,FALSE
KW-0082,2026-08-31,Imperial Dental Care,ChIJ81jILzeQLTiq,41,340,4.1,119,FALSE
KW-0082,2026-08-31,Fort Bend Dentistry,ChIJzQDQwFibxp3K,43,320,4.1,134,TRUE
KW-0082,2026-08-31,Sugar Land Dental,ChIJoHn799CUQpEF,46,405,4.8,115,TRUE
KW-0082,2026-09-07,Sugar Land Dental,ChIJoHn799CUQpEF,32,397,4.8,116,TRUE
KW-0082,2026-09-07,Fort Bend Dentistry,ChIJzQDQwFibxp3K,37,312,4.1,134,TRUE
KW-0082,2026-09-07,Imperial Dental Care,ChIJ81jILzeQLTiq,41,354,4.1,119,FALSE
KW-0083,2026-06-15,Imperial Dental Care,ChIJ81jILzeQLTiq,38,318,4.1,116,FALSE
KW-0083,2026-06-15,Fort Bend Dentistry,ChIJzQDQwFibxp3K,42,276,4.1,135,TRUE
KW-0083,2026-06-15,Sugar Land Dental,ChIJoHn799CUQpEF,43,361,4.8,113,TRUE
KW-0083,2026-06-22,Sugar Land Dental,ChIJoHn799CUQpEF,42,365,4.8,112,TRUE
KW-0083,2026-06-22,Fort Bend Dentistry,ChIJzQDQwFibxp3K,44,280,4.1,136,TRUE
KW-0083,2026-06-22,Imperial Dental Care,ChIJ81jILzeQLTiq,46,321,4.1,118,FALSE
KW-0083,2026-06-29,Fort Bend Dentistry,ChIJzQDQwFibxp3K,42,282,4.1,135,TRUE
KW-0083,2026-06-29,Imperial Dental Care,ChIJ81jILzeQLTiq,47,324,4.1,118,FALSE
KW-0083,2026-06-29,Sugar Land Dental,ChIJoHn799CUQpEF,50,367,4.8,112,TRUE
KW-0083,2026-07-06,Sugar Land Dental,ChIJoHn799CUQpEF,44,373,4.8,114,TRUE
KW-0083,2026-07-06,Imperial Dental Care,ChIJ81jILzeQLTiq,46,324,4.1,118,FALSE
KW-0083,2026-07-06,Fort Bend Dentistry,ChIJzQDQwFibxp3K,51,288,4.1,138,TRUE
KW-0083,2026-07-13,Fort Bend Dentistry,ChIJzQDQwFibxp3K,44,288,4.1,137,TRUE
KW-0083,2026-07-13,Sugar Land Dental,ChIJoHn799CUQpEF,46,369,4.8,115,TRUE
KW-0083,2026-07-13,Imperial Dental Care,ChIJ81jILzeQLTiq,50,334,4.1,117,FALSE
KW-0083,2026-07-20,Sugar Land Dental,ChIJoHn799CUQpEF,42,371,4.8,116,TRUE
KW-0083,2026-07-20,Fort Bend Dentistry,ChIJzQDQwFibxp3K,45,296,4.1,138,TRUE
KW-0083,2026-07-20,Imperial Dental Care,ChIJ81jILzeQLTiq,45,333,4.1,118,FALSE
KW-0083,2026-07-27,Sugar Land Dental,ChIJoHn799CUQpEF,43,379,4.8,117,TRUE
KW-0083,2026-07-27,Fort Bend Dentistry,ChIJzQDQwFibxp3K,45,306,4.1,136,TRUE
KW-0083,2026-07-27,Imperial Dental Care,ChIJ81jILzeQLTiq,49,336,4.1,120,FALSE
KW-0083,2026-08-03,Fort Bend Dentistry,ChIJzQDQwFibxp3K,42,297,4.1,139,TRUE
KW-0083,2026-08-03,Imperial Dental Care,ChIJ81jILzeQLTiq,48,332,4.1,118,FALSE
KW-0083,2026-08-03,Sugar Land Dental,ChIJoHn799CUQpEF,47,375,4.8,116,TRUE
KW-0083,2026-08-10,Sugar Land Dental,ChIJoHn799CUQpEF,45,377,4.8,113,TRUE
KW-0083,2026-08-10,Imperial Dental Care,ChIJ81jILzeQLTiq,45,334,4.1,117,FALSE
KW-0083,2026-08-10,Fort Bend Dentistry,ChIJzQDQwFibxp3K,50,308,4.1,136,TRUE
KW-0083,2026-08-17,Imperial Dental Care,ChIJ81jILzeQLTiq,40,336,4.1,119,FALSE
KW-0083,2026-08-17,Sugar Land Dental,ChIJoHn799CUQpEF,41,397,4.8,113,TRUE
KW-0083,2026-08-17,Fort Bend Dentistry,ChIJzQDQwFibxp3K,45,321,4.1,137,TRUE
KW-0083,2026-08-24,Imperial Dental Care,ChIJ81jILzeQLTiq,43,358,4.1,120,FALSE
KW-0083,2026-08-24,Sugar Land Dental,ChIJoHn799CUQpEF,47,391,4.8,113,TRUE
KW-0083,2026-08-24,Fort Bend Dentistry,ChIJzQDQwFibxp3K,48,316,4.1,139,TRUE
KW-0083,2026-08-31,Imperial Dental Care,ChIJ81jILzeQLTiq,42,362,4.1,119,FALSE
KW-0083,2026-08-31,Sugar Land Dental,ChIJoHn799CUQpEF,49,383,4.8,115,TRUE
KW-0083,2026-08-31,Fort Bend Dentistry,ChIJzQDQwFibxp3K,52,309,4.1,135,TRUE
KW-0083,2026-09-07,Sugar Land Dental,ChIJoHn799CUQpEF,42,385,4.8,113,TRUE
KW-0083,2026-09-07,Imperial Dental Care,ChIJ81jILzeQLTiq,45,366,4.1,118,FALSE
KW-0083,2026-09-07,Fort Bend Dentistry,ChIJzQDQwFibxp3K,45,324,4.1,139,TRUE
KW-0084,2026-06-15,Imperial Dental Care,ChIJ81jILzeQLTiq,46,318,4.1,116,FALSE
KW-0084,2026-06-15,Sugar Land Dental,ChIJoHn799CUQpEF,47,361,4.8,117,TRUE
KW-0084,2026-06-15,Fort Bend Dentistry,ChIJzQDQwFibxp3K,52,276,4.1,137,TRUE
KW-0084,2026-06-22,Fort Bend Dentistry,ChIJzQDQwFibxp3K,41,280,4.1,139,TRUE
KW-0084,2026-06-22,Sugar Land Dental,ChIJoHn799CUQpEF,43,366,4.8,113,TRUE
KW-0084,2026-06-22,Imperial Dental Care,ChIJ81jILzeQLTiq,48,321,4.1,116,FALSE
KW-0084,2026-06-29,Sugar Land Dental,ChIJoHn799CUQpEF,44,367,4.8,114,TRUE
KW-0084,2026-06-29,Fort Bend Dentistry,ChIJzQDQwFibxp3K,45,286,4.1,135,TRUE
KW-0084,2026-06-29,Imperial Dental Care,ChIJ81jILzeQLTiq,50,324,4.1,120,FALSE
KW-0084,2026-07-06,Sugar Land Dental,ChIJoHn799CUQpEF,42,367,4.8,114,TRUE
KW-0084,2026-07-06,Fort Bend Dentistry,ChIJzQDQwFibxp3K,43,282,4.1,134,TRUE
KW-0084,2026-07-06,Imperial Dental Care,ChIJ81jILzeQLTiq,49,333,4.1,116,FALSE
KW-0084,2026-07-13,Imperial Dental Care,ChIJ81jILzeQLTiq,47,326,4.1,117,FALSE
KW-0084,2026-07-13,Sugar Land Dental,ChIJoHn799CUQpEF,47,377,4.8,115,TRUE
KW-0084,2026-07-13,Fort Bend Dentistry,ChIJzQDQwFibxp3K,50,284,4.1,137,TRUE
KW-0084,2026-07-20,Fort Bend Dentistry,ChIJzQDQwFibxp3K,41,286,4.1,134,TRUE
KW-0084,2026-07-20,Sugar Land Dental,ChIJoHn799CUQpEF,44,376,4.8,113,TRUE
KW-0084,2026-07-20,Imperial Dental Care,ChIJ81jILzeQLTiq,48,333,4.1,116,FALSE
KW-0084,2026-07-27,Imperial Dental Care,ChIJ81jILzeQLTiq,42,348,4.1,115,FALSE
KW-0084,2026-07-27,Fort Bend Dentistry,ChIJzQDQwFibxp3K,43,306,4.1,134,TRUE
KW-0084,2026-07-27,Sugar Land Dental,ChIJoHn799CUQpEF,48,391,4.8,115,TRUE
KW-0084,2026-08-03,Sugar Land Dental,ChIJoHn799CUQpEF,47,375,4.8,117,TRUE
KW-0084,2026-08-03,Imperial Dental Care,ChIJ81jILzeQLTiq,50,332,4.1,118,FALSE
KW-0084,2026-08-03,Fort Bend Dentistry,ChIJzQDQwFibxp3K,51,311,4.1,136,TRUE
KW-0084,2026-08-10,Fort Bend Dentistry,ChIJzQDQwFibxp3K,43,300,4.1,137,TRUE
KW-0084,2026-08-10,Imperial Dental Care,ChIJ81jILzeQLTiq,44,350,4.1,118,FALSE
KW-0084,2026-08-10,Sugar Land Dental,ChIJoHn799CUQpEF,48,401,4.8,117,TRUE
KW-0084,2026-08-17,Sugar Land Dental,ChIJoHn799CUQpEF,44,379,4.8,112,TRUE
KW-0084,2026-08-17,Fort Bend Dentistry,ChIJzQDQwFibxp3K,45,312,4.1,139,TRUE
KW-0084,2026-08-17,Imperial Dental Care,ChIJ81jILzeQLTiq,48,354,4.1,116,FALSE
KW-0084,2026-08-24,Fort Bend Dentistry,ChIJzQDQwFibxp3K,42,316,4.1,134,TRUE
KW-0084,2026-08-24,Sugar Land Dental,ChIJoHn799CUQpEF,44,411,4.8,113,TRUE
KW-0084,2026-08-24,Imperial Dental Care,ChIJ81jILzeQLTiq,49,368,4.1,119,FALSE
KW-0084,2026-08-31,Imperial Dental Care,ChIJ81jILzeQLTiq,42,362,4.1,119,FALSE
KW-0084,2026-08-31,Fort Bend Dentistry,ChIJzQDQwFibxp3K,45,298,4.1,136,TRUE
KW-0084,2026-08-31,Sugar Land Dental,ChIJoHn799CUQpEF,47,416,4.8,114,TRUE
KW-0084,2026-09-07,Sugar Land Dental,ChIJoHn799CUQpEF,45,397,4.8,113,TRUE
KW-0084,2026-09-07,Imperial Dental Care,ChIJ81jILzeQLTiq,45,342,4.1,116,FALSE
KW-0084,2026-09-07,Fort Bend Dentistry,ChIJzQDQwFibxp3K,48,336,4.1,136,TRUE
KW-0085,2026-06-15,Desert Dental Care,ChIJ4TFkyYdZ8eEP,7,317,4.5,128,TRUE
KW-0085,2026-06-15,Phoenix Dental Studio,ChIJEYUYYoxDkwtb,10,144,3.9,137,TRUE
KW-0085,2026-06-15,Arizona Cosmetic Dentistry,ChIJ2KRHOxquM9ek,13,400,4.4,60,TRUE
KW-0085,2026-06-22,Smile Arizona,ChIJsUy5TQmI6cla,4,315,4.6,96,TRUE
KW-0085,2026-06-22,Desert Dental Care,ChIJ4TFkyYdZ8eEP,9,319,4.5,128,TRUE
KW-0085,2026-06-22,Phoenix Family Dentists,ChIJFE4ib1Zsbr76,13,346,4.9,106,FALSE
KW-0085,2026-06-29,Arizona Cosmetic Dentistry,ChIJ2KRHOxquM9ek,6,404,4.4,60,TRUE
KW-0085,2026-06-29,Desert Dental Care,ChIJ4TFkyYdZ8eEP,11,325,4.5,131,TRUE
KW-0085,2026-06-29,Phoenix Dental Studio,ChIJEYUYYoxDkwtb,16,152,3.9,134,TRUE
KW-0085,2026-07-06,Arizona Cosmetic Dentistry,ChIJ2KRHOxquM9ek,3,406,4.4,60,TRUE
KW-0085,2026-07-06,Desert Dental Care,ChIJ4TFkyYdZ8eEP,9,323,4.5,128,TRUE
KW-0085,2026-07-06,Smile Arizona,ChIJsUy5TQmI6cla,13,318,4.6,95,TRUE
KW-0085,2026-07-13,Modern Dental Phoenix,ChIJGow7nN6L7Lnd,7,312,3.7,128,TRUE
KW-0085,2026-07-13,Arizona Cosmetic Dentistry,ChIJ2KRHOxquM9ek,11,416,4.4,57,TRUE
KW-0085,2026-07-13,Phoenix Dental Studio,ChIJEYUYYoxDkwtb,12,164,3.9,138,TRUE
KW-0085,2026-07-20,Phoenix Dental Studio,ChIJEYUYYoxDkwtb,7,169,3.9,135,TRUE
KW-0085,2026-07-20,Phoenix Family Dentists,ChIJFE4ib1Zsbr76,12,358,4.9,110,FALSE
KW-0085,2026-07-20,Arizona Cosmetic Dentistry,ChIJ2KRHOxquM9ek,13,425,4.4,60,TRUE
KW-0085,2026-07-27,Desert Dental Care,ChIJ4TFkyYdZ8eEP,4,329,4.5,126,TRUE
KW-0085,2026-07-27,Modern Dental Phoenix,ChIJGow7nN6L7Lnd,9,322,3.7,129,TRUE
KW-0085,2026-07-27,Phoenix Dental Studio,ChIJEYUYYoxDkwtb,8,156,3.9,137,TRUE
KW-0085,2026-08-03,Desert Dental Care,ChIJ4TFkyYdZ8eEP,7,331,4.5,128,TRUE
KW-0085,2026-08-03,Phoenix Dental Studio,ChIJEYUYYoxDkwtb,10,179,3.9,136,TRUE
KW-0085,2026-08-03,Arizona Cosmetic Dentistry,ChIJ2KRHOxquM9ek,12,414,4.4,57,TRUE
KW-0085,2026-08-10,Smile Arizona,ChIJsUy5TQmI6cla,9,336,4.6,93,TRUE
KW-0085,2026-08-10,Arizona Cosmetic Dentistry,ChIJ2KRHOxquM9ek,14,440,4.4,61,TRUE
KW-0085,2026-08-10,Desert Dental Care,ChIJ4TFkyYdZ8eEP,13,357,4.5,129,TRUE
KW-0085,2026-08-17,Phoenix Dental Studio,ChIJEYUYYoxDkwtb,10,189,3.9,136,TRUE
KW-0085,2026-08-17,Phoenix Family Dentists,ChIJFE4ib1Zsbr76,13,361,4.9,109,FALSE
KW-0085,2026-08-17,Smile Arizona,ChIJsUy5TQmI6cla,16,357,4.6,95,TRUE
KW-0085,2026-08-24,Phoenix Family Dentists,ChIJFE4ib1Zsbr76,7,373,4.9,109,FALSE
KW-0085,2026-08-24,Desert Dental Care,ChIJ4TFkyYdZ8eEP,8,357,4.5,131,TRUE
KW-0085,2026-08-24,Phoenix Dental Studio,ChIJEYUYYoxDkwtb,12,194,3.9,133,TRUE
KW-0085,2026-08-31,Desert Dental Care,ChIJ4TFkyYdZ8eEP,9,350,4.5,127,TRUE
KW-0085,2026-08-31,Modern Dental Phoenix,ChIJGow7nN6L7Lnd,14,314,3.7,126,TRUE
KW-0085,2026-08-31,Phoenix Dental Studio,ChIJEYUYYoxDkwtb,18,166,3.9,137,TRUE
KW-0085,2026-09-07,Modern Dental Phoenix,ChIJGow7nN6L7Lnd,9,328,3.7,125,TRUE
KW-0085,2026-09-07,Arizona Cosmetic Dentistry,ChIJ2KRHOxquM9ek,9,460,4.4,57,TRUE
KW-0085,2026-09-07,Phoenix Dental Studio,ChIJEYUYYoxDkwtb,13,204,3.9,134,TRUE
KW-0086,2026-06-15,Phoenix Family Dentists,ChIJFE4ib1Zsbr76,6,343,4.9,105,FALSE
KW-0086,2026-06-15,Smile Arizona,ChIJsUy5TQmI6cla,10,312,4.6,98,TRUE
KW-0086,2026-06-15,Phoenix Dental Studio,ChIJEYUYYoxDkwtb,13,144,3.9,136,TRUE
KW-0086,2026-06-22,Arizona Cosmetic Dentistry,ChIJ2KRHOxquM9ek,4,403,4.4,59,TRUE
KW-0086,2026-06-22,Phoenix Dental Studio,ChIJEYUYYoxDkwtb,7,147,3.9,133,TRUE
KW-0086,2026-06-22,Modern Dental Phoenix,ChIJGow7nN6L7Lnd,8,294,3.7,129,TRUE
KW-0086,2026-06-29,Desert Dental Care,ChIJ4TFkyYdZ8eEP,6,325,4.5,130,TRUE
KW-0086,2026-06-29,Modern Dental Phoenix,ChIJGow7nN6L7Lnd,9,302,3.7,124,TRUE
KW-0086,2026-06-29,Phoenix Dental Studio,ChIJEYUYYoxDkwtb,10,148,3.9,137,TRUE
KW-0086,2026-07-06,Phoenix Family Dentists,ChIJFE4ib1Zsbr76,7,355,4.9,109,FALSE
KW-0086,2026-07-06,Arizona Cosmetic Dentistry,ChIJ2KRHOxquM9ek,8,412,4.4,57,TRUE
KW-0086,2026-07-06,Smile Arizona,ChIJsUy5TQmI6cla,13,321,4.6,93,TRUE
KW-0086,2026-07-13,Smile Arizona,ChIJsUy5TQmI6cla,6,332,4.6,96,TRUE
KW-0086,2026-07-13,Phoenix Dental Studio,ChIJEYUYYoxDkwtb,10,164,3.9,138,TRUE
KW-0086,2026-07-13,Arizona Cosmetic Dentistry,ChIJ2KRHOxquM9ek,15,412,4.4,61,TRUE
KW-0086,2026-07-20,Desert Dental Care,ChIJ4TFkyYdZ8eEP,6,337,4.5,130,TRUE
KW-0086,2026-07-20,Phoenix Family Dentists,ChIJFE4ib1Zsbr76,6,353,4.9,107,FALSE
KW-0086,2026-07-20,Phoenix Dental Studio,ChIJEYUYYoxDkwtb,8,169,3.9,133,TRUE
KW-0086,2026-07-27,Arizona Cosmetic Dentistry,ChIJ2KRHOxquM9ek,4,412,4.4,59,TRUE
KW-0086,2026-07-27,Phoenix Dental Studio,ChIJEYUYYoxDkwtb,6,156,3.9,137,TRUE
KW-0086,2026-07-27,Smile Arizona,ChIJsUy5TQmI6cla,9,324,4.6,96,TRUE
KW-0086,2026-08-03,Arizona Cosmetic Dentistry,ChIJ2KRHOxquM9ek,5,421,4.4,61,TRUE
KW-0086,2026-08-03,Smile Arizona,ChIJsUy5TQmI6cla,8,340,4.6,93,TRUE
KW-0086,2026-08-03,Phoenix Family Dentists,ChIJFE4ib1Zsbr76,10,378,4.9,106,FALSE
KW-0086,2026-08-10,Phoenix Family Dentists,ChIJFE4ib1Zsbr76,6,383,4.9,110,FALSE
KW-0086,2026-08-10,Modern Dental Phoenix,ChIJGow7nN6L7Lnd,9,308,3.7,127,TRUE
KW-0086,2026-08-10,Desert Dental Care,ChIJ4TFkyYdZ8eEP,13,357,4.5,130,TRUE
KW-0086,2026-08-17,Phoenix Dental Studio,ChIJEYUYYoxDkwtb,9,189,3.9,136,TRUE
KW-0086,2026-08-17,Phoenix Family Dentists,ChIJFE4ib1Zsbr76,11,361,4.9,109,FALSE
KW-0086,2026-08-17,Arizona Cosmetic Dentistry,ChIJ2KRHOxquM9ek,13,418,4.4,57,TRUE
KW-0086,2026-08-24,Phoenix Dental Studio,ChIJEYUYYoxDkwtb,6,194,3.9,134,TRUE
KW-0086,2026-08-24,Arizona Cosmetic Dentistry,ChIJ2KRHOxquM9ek,11,440,4.4,58,TRUE
KW-0086,2026-08-24,Modern Dental Phoenix,ChIJGow7nN6L7Lnd,13,342,3.7,129,TRUE
KW-0086,2026-08-31,Smile Arizona,ChIJsUy5TQmI6cla,9,334,4.6,93,TRUE
KW-0086,2026-08-31,Desert Dental Care,ChIJ4TFkyYdZ8eEP,10,361,4.5,131,TRUE
KW-0086,2026-08-31,Phoenix Family Dentists,ChIJFE4ib1Zsbr76,15,387,4.9,106,FALSE
KW-0086,2026-09-07,Desert Dental Care,ChIJ4TFkyYdZ8eEP,6,341,4.5,127,TRUE
KW-0086,2026-09-07,Smile Arizona,ChIJsUy5TQmI6cla,13,360,4.6,94,TRUE
KW-0086,2026-09-07,Arizona Cosmetic Dentistry,ChIJ2KRHOxquM9ek,13,448,4.4,60,TRUE
KW-0087,2026-06-15,Arizona Cosmetic Dentistry,ChIJ2KRHOxquM9ek,9,400,4.4,56,TRUE
KW-0087,2026-06-15,Phoenix Dental Studio,ChIJEYUYYoxDkwtb,12,144,3.9,136,TRUE
KW-0087,2026-06-15,Smile Arizona,ChIJsUy5TQmI6cla,14,312,4.6,93,TRUE
KW-0087,2026-06-22,Desert Dental Care,ChIJ4TFkyYdZ8eEP,6,322,4.5,128,TRUE
KW-0087,2026-06-22,Smile Arizona,ChIJsUy5TQmI6cla,9,315,4.6,96,TRUE
KW-0087,2026-06-22,Arizona Cosmetic Dentistry,ChIJ2KRHOxquM9ek,15,403,4.4,56,TRUE
KW-0087,2026-06-29,Modern Dental Phoenix,ChIJGow7nN6L7Lnd,7,300,3.7,126,TRUE
KW-0087,2026-06-29,Phoenix Family Dentists,ChIJFE4ib1Zsbr76,12,353,4.9,106,FALSE
KW-0087,2026-06-29,Arizona Cosmetic Dentistry,ChIJ2KRHOxquM9ek,12,406,4.4,59,TRUE
KW-0087,2026-07-06,Arizona Cosmetic Dentistry,ChIJ2KRHOxquM9ek,6,412,4.4,60,TRUE
KW-0087,2026-07-06,Modern Dental Phoenix,ChIJGow7nN6L7Lnd,8,304,3.7,128,TRUE
KW-0087,2026-07-06,Phoenix Family Dentists,ChIJFE4ib1Zsbr76,13,352,4.9,106,FALSE
KW-0087,2026-07-13,Phoenix Dental Studio,ChIJEYUYYoxDkwtb,11,156,3.9,134,TRUE
KW-0087,2026-07-13,Desert Dental Care,ChIJ4TFkyYdZ8eEP,13,325,4.5,129,TRUE
KW-0087,2026-07-13,Smile Arizona,ChIJsUy5TQmI6cla,18,320,4.6,96,TRUE
KW-0087,2026-07-20,Phoenix Family Dentists,ChIJFE4ib1Zsbr76,11,368,4.9,109,FALSE
KW-0087,2026-07-20,Arizona Cosmetic Dentistry,ChIJ2KRHOxquM9ek,12,415,4.4,57,TRUE
KW-0087,2026-07-20,Smile Arizona,ChIJsUy5TQmI6cla,17,337,4.6,97,TRUE
KW-0087,2026-07-27,Arizona Cosmetic Dentistry,ChIJ2KRHOxquM9ek,8,424,4.4,59,TRUE
KW-0087,2026-07-27,Modern Dental Phoenix,ChIJGow7nN6L7Lnd,13,304,3.7,125,TRUE
KW-0087,2026-07-27,Phoenix Family Dentists,ChIJFE4ib1Zsbr76,15,355,4.9,109,FALSE
KW-0087,2026-08-03,Phoenix Family Dentists,ChIJFE4ib1Zsbr76,7,364,4.9,109,FALSE
KW-0087,2026-08-03,Smile Arizona,ChIJsUy5TQmI6cla,10,333,4.6,96,TRUE
KW-0087,2026-08-03,Phoenix Dental Studio,ChIJEYUYYoxDkwtb,11,158,3.9,133,TRUE
KW-0087,2026-08-10,Desert Dental Care,ChIJ4TFkyYdZ8eEP,7,333,4.5,128,TRUE
KW-0087,2026-08-10,Phoenix Dental Studio,ChIJEYUYYoxDkwtb,10,160,3.9,135,TRUE
KW-0087,2026-08-10,Arizona Cosmetic Dentistry,ChIJ2KRHOxquM9ek,13,424,4.4,58,TRUE
KW-0087,2026-08-17,Phoenix Dental Studio,ChIJEYUYYoxDkwtb,5,189,3.9,134,TRUE
KW-0087,2026-08-17,Smile Arizona,ChIJsUy5TQmI6cla,10,348,4.6,98,TRUE
KW-0087,2026-08-17,Arizona Cosmetic Dentistry,ChIJ2KRHOxquM9ek,12,427,4.4,61,TRUE
KW-0087,2026-08-24,Modern Dental Phoenix,ChIJGow7nN6L7Lnd,12,322,3.7,124,TRUE
KW-0087,2026-08-24,Smile Arizona,ChIJsUy5TQmI6cla,13,342,4.6,95,TRUE
KW-0087,2026-08-24,Desert Dental Care,ChIJ4TFkyYdZ8eEP,14,367,4.5,129,TRUE
KW-0087,2026-08-31,Phoenix Family Dentists,ChIJFE4ib1Zsbr76,9,376,4.9,109,FALSE
KW-0087,2026-08-31,Phoenix Dental Studio,ChIJEYUYYoxDkwtb,10,188,3.9,136,TRUE
KW-0087,2026-08-31,Desert Dental Care,ChIJ4TFkyYdZ8eEP,15,339,4.5,126,TRUE
KW-0087,2026-09-07,Modern Dental Phoenix,ChIJGow7nN6L7Lnd,6,352,3.7,128,TRUE
KW-0087,2026-09-07,Desert Dental Care,ChIJ4TFkyYdZ8eEP,13,341,4.5,130,TRUE
KW-0087,2026-09-07,Smile Arizona,ChIJsUy5TQmI6cla,15,372,4.6,94,TRUE
KW-0088,2026-06-15,Modern Dental Phoenix,ChIJGow7nN6L7Lnd,9,292,3.7,127,TRUE
KW-0088,2026-06-15,Desert Dental Care,ChIJ4TFkyYdZ8eEP,11,317,4.5,128,TRUE
KW-0088,2026-06-15,Phoenix Dental Studio,ChIJEYUYYoxDkwtb,13,144,3.9,136,TRUE
KW-0088,2026-06-22,Phoenix Family Dentists,ChIJFE4ib1Zsbr76,9,345,4.9,108,FALSE
KW-0088,2026-06-22,Desert Dental Care,ChIJ4TFkyYdZ8eEP,14,320,4.5,131,TRUE
KW-0088,2026-06-22,Arizona Cosmetic Dentistry,ChIJ2KRHOxquM9ek,13,405,4.4,58,TRUE
KW-0088,2026-06-29,Smile Arizona,ChIJsUy5TQmI6cla,3,316,4.6,94,TRUE
KW-0088,2026-06-29,Arizona Cosmetic Dentistry,ChIJ2KRHOxquM9ek,8,404,4.4,60,TRUE
KW-0088,2026-06-29,Phoenix Dental Studio,ChIJEYUYYoxDkwtb,11,150,3.9,134,TRUE
KW-0088,2026-07-06,Phoenix Dental Studio,ChIJEYUYYoxDkwtb,6,156,3.9,135,TRUE
KW-0088,2026-07-06,Smile Arizona,ChIJsUy5TQmI6cla,12,324,4.6,97,TRUE
KW-0088,2026-07-06,Desert Dental Care,ChIJ4TFkyYdZ8eEP,13,329,4.5,129,TRUE
KW-0088,2026-07-13,Phoenix Dental Studio,ChIJEYUYYoxDkwtb,8,160,3.9,133,TRUE
KW-0088,2026-07-13,Arizona Cosmetic Dentistry,ChIJ2KRHOxquM9ek,12,420,4.4,58,TRUE
KW-0088,2026-07-13,Phoenix Family Dentists,ChIJFE4ib1Zsbr76,11,363,4.9,110,FALSE
KW-0088,2026-07-20,Modern Dental Phoenix,ChIJGow7nN6L7Lnd,7,307,3.7,129,TRUE
KW-0088,2026-07-20,Phoenix Family Dentists,ChIJFE4ib1Zsbr76,8,353,4.9,107,FALSE
KW-0088,2026-07-20,Desert Dental Care,ChIJ4TFkyYdZ8eEP,12,332,4.5,128,TRUE
KW-0088,2026-07-27,Phoenix Family Dentists,ChIJFE4ib1Zsbr76,2,367,4.9,107,FALSE
KW-0088,2026-07-27,Phoenix Dental Studio,ChIJEYUYYoxDkwtb,6,156,3.9,135,TRUE
KW-0088,2026-07-27,Desert Dental Care,ChIJ4TFkyYdZ8eEP,11,341,4.5,131,TRUE
KW-0088,2026-08-03,Arizona Cosmetic Dentistry,ChIJ2KRHOxquM9ek,6,435,4.4,56,TRUE
KW-0088,2026-08-03,Desert Dental Care,ChIJ4TFkyYdZ8eEP,13,352,4.5,126,TRUE
KW-0088,2026-08-03,Smile Arizona,ChIJsUy5TQmI6cla,14,326,4.6,97,TRUE
KW-0088,2026-08-10,Phoenix Dental Studio,ChIJEYUYYoxDkwtb,4,176,3.9,133,TRUE
KW-0088,2026-08-10,Desert Dental Care,ChIJ4TFkyYdZ8eEP,8,341,4.5,126,TRUE
KW-0088,2026-08-10,Phoenix Family Dentists,ChIJFE4ib1Zsbr76,11,367,4.9,109,FALSE
KW-0088,2026-08-17,Arizona Cosmetic Dentistry,ChIJ2KRHOxquM9ek,9,445,4.4,61,TRUE
KW-0088,2026-08-17,Smile Arizona,ChIJsUy5TQmI6cla,9,357,4.6,97,TRUE
KW-0088,2026-08-17,Phoenix Dental Studio,ChIJEYUYYoxDkwtb,13,171,3.9,136,TRUE
KW-0088,2026-08-24,Smile Arizona,ChIJsUy5TQmI6cla,9,352,4.6,98,TRUE
KW-0088,2026-08-24,Phoenix Family Dentists,ChIJFE4ib1Zsbr76,9,373,4.9,110,FALSE
KW-0088,2026-08-24,Desert Dental Care,ChIJ4TFkyYdZ8eEP,12,367,4.5,127,TRUE
KW-0088,2026-08-31,Phoenix Dental Studio,ChIJEYUYYoxDkwtb,6,166,3.9,137,TRUE
KW-0088,2026-08-31,Smile Arizona,ChIJsUy5TQmI6cla,7,367,4.6,96,TRUE
KW-0088,2026-08-31,Arizona Cosmetic Dentistry,ChIJ2KRHOxquM9ek,12,422,4.4,60,TRUE
KW-0088,2026-09-07,Phoenix Dental Studio,ChIJEYUYYoxDkwtb,5,180,3.9,133,TRUE
KW-0088,2026-09-07,Modern Dental Phoenix,ChIJGow7nN6L7Lnd,8,328,3.7,127,TRUE
KW-0088,2026-09-07,Phoenix Family Dentists,ChIJFE4ib1Zsbr76,10,367,4.9,107,FALSE
KW-0089,2026-06-15,Desert Dental Care,ChIJ4TFkyYdZ8eEP,8,317,4.5,127,TRUE
KW-0089,2026-06-15,Phoenix Family Dentists,ChIJFE4ib1Zsbr76,13,343,4.9,110,FALSE
KW-0089,2026-06-15,Modern Dental Phoenix,ChIJGow7nN6L7Lnd,14,292,3.7,124,TRUE
KW-0089,2026-06-22,Arizona Cosmetic Dentistry,ChIJ2KRHOxquM9ek,10,403,4.4,60,TRUE
KW-0089,2026-06-22,Smile Arizona,ChIJsUy5TQmI6cla,10,317,4.6,96,TRUE
KW-0089,2026-06-22,Phoenix Family Dentists,ChIJFE4ib1Zsbr76,15,347,4.9,107,FALSE
KW-0089,2026-06-29,Modern Dental Phoenix,ChIJGow7nN6L7Lnd,8,296,3.7,127,TRUE
KW-0089,2026-06-29,Phoenix Dental Studio,ChIJEYUYYoxDkwtb,13,154,3.9,138,TRUE
KW-0089,2026-06-29,Smile Arizona,ChIJsUy5TQmI6cla,15,318,4.6,97,TRUE
KW-0089,2026-07-06,Arizona Cosmetic Dentistry,ChIJ2KRHOxquM9ek,8,415,4.4,57,TRUE
KW-0089,2026-07-06,Modern Dental Phoenix,ChIJGow7nN6L7Lnd,12,307,3.7,124,TRUE
KW-0089,2026-07-06,Phoenix Family Dentists,ChIJFE4ib1Zsbr76,14,349,4.9,106,FALSE
KW-0089,2026-07-13,Arizona Cosmetic Dentistry,ChIJ2KRHOxquM9ek,12,416,4.4,59,TRUE
KW-0089,2026-07-13,Phoenix Dental Studio,ChIJEYUYYoxDkwtb,16,152,3.9,134,TRUE
KW-0089,2026-07-13,Desert Dental Care,ChIJ4TFkyYdZ8eEP,19,325,4.5,128,TRUE
KW-0089,2026-07-20,Arizona Cosmetic Dentistry,ChIJ2KRHOxquM9ek,8,415,4.4,59,TRUE
KW-0089,2026-07-20,Smile Arizona,ChIJsUy5TQmI6cla,10,322,4.6,94,TRUE
KW-0089,2026-07-20,Phoenix Dental Studio,ChIJEYUYYoxDkwtb,12,169,3.9,135,TRUE
KW-0089,2026-07-27,Phoenix Family Dentists,ChIJFE4ib1Zsbr76,7,355,4.9,109,FALSE
KW-0089,2026-07-27,Modern Dental Phoenix,ChIJGow7nN6L7Lnd,9,304,3.7,129,TRUE
KW-0089,2026-07-27,Phoenix Dental Studio,ChIJEYUYYoxDkwtb,10,162,3.9,135,TRUE
KW-0089,2026-08-03,Phoenix Dental Studio,ChIJEYUYYoxDkwtb,7,165,3.9,136,TRUE
KW-0089,2026-08-03,Phoenix Family Dentists,ChIJFE4ib1Zsbr76,12,371,4.9,106,FALSE
KW-0089,2026-08-03,Desert Dental Care,ChIJ4TFkyYdZ8eEP,12,352,4.5,126,TRUE
KW-0089,2026-08-10,Phoenix Family Dentists,ChIJFE4ib1Zsbr76,7,383,4.9,107,FALSE
KW-0089,2026-08-10,Modern Dental Phoenix,ChIJGow7nN6L7Lnd,10,324,3.7,126,TRUE
KW-0089,2026-08-10,Arizona Cosmetic Dentistry,ChIJ2KRHOxquM9ek,12,416,4.4,58,TRUE
KW-0089,2026-08-17,Modern Dental Phoenix,ChIJGow7nN6L7Lnd,8,328,3.7,125,TRUE
KW-0089,2026-08-17,Phoenix Family Dentists,ChIJFE4ib1Zsbr76,10,361,4.9,109,FALSE
KW-0089,2026-08-17,Desert Dental Care,ChIJ4TFkyYdZ8eEP,12,362,4.5,128,TRUE
KW-0089,2026-08-24,Desert Dental Care,ChIJ4TFkyYdZ8eEP,12,357,4.5,129,TRUE
KW-0089,2026-08-24,Phoenix Family Dentists,ChIJFE4ib1Zsbr76,14,373,4.9,109,FALSE
KW-0089,2026-08-24,Smile Arizona,ChIJsUy5TQmI6cla,19,342,4.6,93,TRUE
KW-0089,2026-08-31,Phoenix Family Dentists,ChIJFE4ib1Zsbr76,11,398,4.9,105,FALSE
KW-0089,2026-08-31,Arizona Cosmetic Dentistry,ChIJ2KRHOxquM9ek,14,422,4.4,59,TRUE
KW-0089,2026-08-31,Phoenix Dental Studio,ChIJEYUYYoxDkwtb,15,199,3.9,133,TRUE
KW-0089,2026-09-07,Phoenix Dental Studio,ChIJEYUYYoxDkwtb,8,204,3.9,136,TRUE
KW-0089,2026-09-07,Desert Dental Care,ChIJ4TFkyYdZ8eEP,12,353,4.5,128,TRUE
KW-0089,2026-09-07,Arizona Cosmetic Dentistry,ChIJ2KRHOxquM9ek,15,448,4.4,56,TRUE
KW-0090,2026-06-15,Desert Dental Care,ChIJ4TFkyYdZ8eEP,10,317,4.5,131,TRUE
KW-0090,2026-06-15,Smile Arizona,ChIJsUy5TQmI6cla,9,312,4.6,96,TRUE
KW-0090,2026-06-15,Phoenix Dental Studio,ChIJEYUYYoxDkwtb,13,144,3.9,133,TRUE
KW-0090,2026-06-22,Phoenix Family Dentists,ChIJFE4ib1Zsbr76,9,346,4.9,107,FALSE
KW-0090,2026-06-22,Arizona Cosmetic Dentistry,ChIJ2KRHOxquM9ek,11,403,4.4,57,TRUE
KW-0090,2026-06-22,Phoenix Dental Studio,ChIJEYUYYoxDkwtb,17,148,3.9,136,TRUE
KW-0090,2026-06-29,Desert Dental Care,ChIJ4TFkyYdZ8eEP,12,323,4.5,126,TRUE
KW-0090,2026-06-29,Phoenix Dental Studio,ChIJEYUYYoxDkwtb,15,154,3.9,137,TRUE
KW-0090,2026-06-29,Arizona Cosmetic Dentistry,ChIJ2KRHOxquM9ek,17,410,4.4,56,TRUE
KW-0090,2026-07-06,Modern Dental Phoenix,ChIJGow7nN6L7Lnd,12,307,3.7,128,TRUE
KW-0090,2026-07-06,Phoenix Dental Studio,ChIJEYUYYoxDkwtb,16,156,3.9,136,TRUE
KW-0090,2026-07-06,Arizona Cosmetic Dentistry,ChIJ2KRHOxquM9ek,16,409,4.4,58,TRUE
KW-0090,2026-07-13,Phoenix Family Dentists,ChIJFE4ib1Zsbr76,13,363,4.9,109,FALSE
KW-0090,2026-07-13,Arizona Cosmetic Dentistry,ChIJ2KRHOxquM9ek,16,420,4.4,56,TRUE
KW-0090,2026-07-13,Desert Dental Care,ChIJ4TFkyYdZ8eEP,17,337,4.5,129,TRUE
KW-0090,2026-07-20,Phoenix Dental Studio,ChIJEYUYYoxDkwtb,12,154,3.9,137,TRUE
KW-0090,2026-07-20,Phoenix Family Dentists,ChIJFE4ib1Zsbr76,15,353,4.9,109,FALSE
KW-0090,2026-07-20,Desert Dental Care,ChIJ4TFkyYdZ8eEP,20,342,4.5,127,TRUE
KW-0090,2026-07-27,Smile Arizona,ChIJsUy5TQmI6cla,9,330,4.6,97,TRUE
KW-0090,2026-07-27,Modern Dental Phoenix,ChIJGow7nN6L7Lnd,12,316,3.7,124,TRUE
KW-0090,2026-07-27,Arizona Cosmetic Dentistry,ChIJ2KRHOxquM9ek,13,424,4.4,57,TRUE
KW-0090,2026-08-03,Arizona Cosmetic Dentistry,ChIJ2KRHOxquM9ek,7,428,4.4,57,TRUE
KW-0090,2026-08-03,Modern Dental Phoenix,ChIJGow7nN6L7Lnd,13,313,3.7,128,TRUE
KW-0090,2026-08-03,Phoenix Family Dentists,ChIJFE4ib1Zsbr76,15,364,4.9,110,FALSE
KW-0090,2026-08-10,Desert Dental Care,ChIJ4TFkyYdZ8eEP,12,341,4.5,126,TRUE
KW-0090,2026-08-10,Smile Arizona,ChIJsUy5TQmI6cla,13,344,4.6,98,TRUE
KW-0090,2026-08-10,Phoenix Dental Studio,ChIJEYUYYoxDkwtb,15,184,3.9,137,TRUE
KW-0090,2026-08-17,Smile Arizona,ChIJsUy5TQmI6cla,8,339,4.6,95,TRUE
KW-0090,2026-08-17,Modern Dental Phoenix,ChIJGow7nN6L7Lnd,10,319,3.7,128,TRUE
KW-0090,2026-08-17,Desert Dental Care,ChIJ4TFkyYdZ8eEP,15,353,4.5,128,TRUE
KW-0090,2026-08-24,Desert Dental Care,ChIJ4TFkyYdZ8eEP,10,337,4.5,129,TRUE
KW-0090,2026-08-24,Modern Dental Phoenix,ChIJGow7nN6L7Lnd,12,312,3.7,125,TRUE
KW-0090,2026-08-24,Phoenix Family Dentists,ChIJFE4ib1Zsbr76,14,363,4.9,105,FALSE
KW-0090,2026-08-31,Modern Dental Phoenix,ChIJGow7nN6L7Lnd,8,325,3.7,125,TRUE
KW-0090,2026-08-31,Arizona Cosmetic Dentistry,ChIJ2KRHOxquM9ek,10,433,4.4,59,TRUE
KW-0090,2026-08-31,Desert Dental Care,ChIJ4TFkyYdZ8eEP,15,372,4.5,127,TRUE
KW-0090,2026-09-07,Phoenix Dental Studio,ChIJEYUYYoxDkwtb,10,192,3.9,138,TRUE
KW-0090,2026-09-07,Arizona Cosmetic Dentistry,ChIJ2KRHOxquM9ek,10,460,4.4,56,TRUE
KW-0090,2026-09-07,Modern Dental Phoenix,ChIJGow7nN6L7Lnd,14,316,3.7,125,TRUE
KW-0091,2026-06-15,Phoenix Dental Studio,ChIJEYUYYoxDkwtb,10,144,3.9,138,TRUE
KW-0091,2026-06-15,Desert Dental Care,ChIJ4TFkyYdZ8eEP,10,317,4.5,131,TRUE
KW-0091,2026-06-15,Phoenix Family Dentists,ChIJFE4ib1Zsbr76,15,343,4.9,106,FALSE
KW-0091,2026-06-22,Desert Dental Care,ChIJ4TFkyYdZ8eEP,9,320,4.5,129,TRUE
KW-0091,2026-06-22,Phoenix Dental Studio,ChIJEYUYYoxDkwtb,13,147,3.9,135,TRUE
KW-0091,2026-06-22,Arizona Cosmetic Dentistry,ChIJ2KRHOxquM9ek,14,405,4.4,57,TRUE
KW-0091,2026-06-29,Phoenix Dental Studio,ChIJEYUYYoxDkwtb,7,154,3.9,135,TRUE
KW-0091,2026-06-29,Smile Arizona,ChIJsUy5TQmI6cla,7,320,4.6,97,TRUE
KW-0091,2026-06-29,Arizona Cosmetic Dentistry,ChIJ2KRHOxquM9ek,12,408,4.4,60,TRUE
KW-0091,2026-07-06,Modern Dental Phoenix,ChIJGow7nN6L7Lnd,9,307,3.7,129,TRUE
KW-0091,2026-07-06,Phoenix Family Dentists,ChIJFE4ib1Zsbr76,12,349,4.9,107,FALSE
KW-0091,2026-07-06,Smile Arizona,ChIJsUy5TQmI6cla,17,318,4.6,97,TRUE
KW-0091,2026-07-13,Phoenix Family Dentists,ChIJFE4ib1Zsbr76,12,355,4.9,106,FALSE
KW-0091,2026-07-13,Desert Dental Care,ChIJ4TFkyYdZ8eEP,15,333,4.5,127,TRUE
KW-0091,2026-07-13,Modern Dental Phoenix,ChIJGow7nN6L7Lnd,15,304,3.7,128,TRUE
KW-0091,2026-07-20,Arizona Cosmetic Dentistry,ChIJ2KRHOxquM9ek,8,410,4.4,61,TRUE
KW-0091,2026-07-20,Phoenix Dental Studio,ChIJEYUYYoxDkwtb,11,164,3.9,137,TRUE
KW-0091,2026-07-20,Smile Arizona,ChIJsUy5TQmI6cla,13,332,4.6,93,TRUE
KW-0091,2026-07-27,Modern Dental Phoenix,ChIJGow7nN6L7Lnd,6,322,3.7,129,TRUE
KW-0091,2026-07-27,Phoenix Dental Studio,ChIJEYUYYoxDkwtb,8,162,3.9,134,TRUE
KW-0091,2026-07-27,Smile Arizona,ChIJsUy5TQmI6cla,13,342,4.6,95,TRUE
KW-0091,2026-08-03,Modern Dental Phoenix,ChIJGow7nN6L7Lnd,8,327,3.7,124,TRUE
KW-0091,2026-08-03,Smile Arizona,ChIJsUy5TQmI6cla,9,333,4.6,94,TRUE
KW-0091,2026-08-03,Desert Dental Care,ChIJ4TFkyYdZ8eEP,14,331,4.5,128,TRUE
KW-0091,2026-08-10,Phoenix Family Dentists,ChIJFE4ib1Zsbr76,9,383,4.9,110,FALSE
KW-0091,2026-08-10,Desert Dental Care,ChIJ4TFkyYdZ8eEP,13,349,4.5,130,TRUE
KW-0091,2026-08-10,Phoenix Dental Studio,ChIJEYUYYoxDkwtb,18,184,3.9,135,TRUE
KW-0091,2026-08-17,Modern Dental Phoenix,ChIJGow7nN6L7Lnd,7,328,3.7,128,TRUE
KW-0091,2026-08-17,Phoenix Family Dentists,ChIJFE4ib1Zsbr76,13,379,4.9,109,FALSE
KW-0091,2026-08-17,Desert Dental Care,ChIJ4TFkyYdZ8eEP,14,344,4.5,126,TRUE
KW-0091,2026-08-24,Arizona Cosmetic Dentistry,ChIJ2KRHOxquM9ek,8,420,4.4,60,TRUE
KW-0091,2026-08-24,Smile Arizona,ChIJsUy5TQmI6cla,12,362,4.6,93,TRUE
KW-0091,2026-08-24,Phoenix Family Dentists,ChIJFE4ib1Zsbr76,17,373,4.9,105,FALSE
KW-0091,2026-08-31,Arizona Cosmetic Dentistry,ChIJ2KRHOxquM9ek,7,455,4.4,58,TRUE
KW-0091,2026-08-31,Desert Dental Care,ChIJ4TFkyYdZ8eEP,10,372,4.5,128,TRUE
KW-0091,2026-08-31,Phoenix Family Dentists,ChIJFE4ib1Zsbr76,12,398,4.9,107,FALSE
KW-0091,2026-09-07,Smile Arizona,ChIJsUy5TQmI6cla,6,336,4.6,93,TRUE
KW-0091,2026-09-07,Desert Dental Care,ChIJ4TFkyYdZ8eEP,10,377,4.5,128,TRUE
KW-0091,2026-09-07,Arizona Cosmetic Dentistry,ChIJ2KRHOxquM9ek,14,436,4.4,58,TRUE
KW-0092,2026-06-15,Phoenix Dental Studio,ChIJEYUYYoxDkwtb,14,144,3.9,135,TRUE
KW-0092,2026-06-15,Desert Dental Care,ChIJ4TFkyYdZ8eEP,14,317,4.5,127,TRUE
KW-0092,2026-06-15,Modern Dental Phoenix,ChIJGow7nN6L7Lnd,19,292,3.7,124,TRUE
KW-0092,2026-06-22,Phoenix Family Dentists,ChIJFE4ib1Zsbr76,10,346,4.9,106,FALSE
KW-0092,2026-06-22,Modern Dental Phoenix,ChIJGow7nN6L7Lnd,16,297,3.7,124,TRUE
KW-0092,2026-06-22,Arizona Cosmetic Dentistry,ChIJ2KRHOxquM9ek,18,404,4.4,59,TRUE
KW-0092,2026-06-29,Modern Dental Phoenix,ChIJGow7nN6L7Lnd,8,302,3.7,125,TRUE
KW-0092,2026-06-29,Phoenix Dental Studio,ChIJEYUYYoxDkwtb,11,152,3.9,134,TRUE
KW-0092,2026-06-29,Arizona Cosmetic Dentistry,ChIJ2KRHOxquM9ek,14,404,4.4,57,TRUE
KW-0092,2026-07-06,Modern Dental Phoenix,ChIJGow7nN6L7Lnd,6,298,3.7,128,TRUE
KW-0092,2026-07-06,Desert Dental Care,ChIJ4TFkyYdZ8eEP,9,326,4.5,128,TRUE
KW-0092,2026-07-06,Phoenix Dental Studio,ChIJEYUYYoxDkwtb,13,159,3.9,138,TRUE
KW-0092,2026-07-13,Phoenix Family Dentists,ChIJFE4ib1Zsbr76,8,355,4.9,107,FALSE
KW-0092,2026-07-13,Arizona Cosmetic Dentistry,ChIJ2KRHOxquM9ek,10,416,4.4,56,TRUE
KW-0092,2026-07-13,Modern Dental Phoenix,ChIJGow7nN6L7Lnd,13,312,3.7,128,TRUE
KW-0092,2026-07-20,Phoenix Family Dentists,ChIJFE4ib1Zsbr76,8,368,4.9,106,FALSE
KW-0092,2026-07-20,Phoenix Dental Studio,ChIJEYUYYoxDkwtb,14,169,3.9,135,TRUE
KW-0092,2026-07-20,Desert Dental Care,ChIJ4TFkyYdZ8eEP,15,337,4.5,129,TRUE
KW-0092,2026-07-27,Modern Dental Phoenix,ChIJGow7nN6L7Lnd,10,316,3.7,128,TRUE
KW-0092,2026-07-27,Smile Arizona,ChIJsUy5TQmI6cla,14,330,4.6,98,TRUE
KW-0092,2026-07-27,Desert Dental Care,ChIJ4TFkyYdZ8eEP,17,335,4.5,131,TRUE
KW-0092,2026-08-03,Desert Dental Care,ChIJ4TFkyYdZ8eEP,9,338,4.5,126,TRUE
KW-0092,2026-08-03,Modern Dental Phoenix,ChIJGow7nN6L7Lnd,14,320,3.7,128,TRUE
KW-0092,2026-08-03,Smile Arizona,ChIJsUy5TQmI6cla,16,347,4.6,94,TRUE
KW-0092,2026-08-10,Smile Arizona,ChIJsUy5TQmI6cla,12,352,4.6,96,TRUE
KW-0092,2026-08-10,Phoenix Dental Studio,ChIJEYUYYoxDkwtb,14,184,3.9,135,TRUE
KW-0092,2026-08-10,Modern Dental Phoenix,ChIJGow7nN6L7Lnd,17,308,3.7,129,TRUE
KW-0092,2026-08-17,Phoenix Dental Studio,ChIJEYUYYoxDkwtb,9,171,3.9,134,TRUE
KW-0092,2026-08-17,Phoenix Family Dentists,ChIJFE4ib1Zsbr76,12,379,4.9,110,FALSE
KW-0092,2026-08-17,Arizona Cosmetic Dentistry,ChIJ2KRHOxquM9ek,18,436,4.4,56,TRUE
KW-0092,2026-08-24,Arizona Cosmetic Dentistry,ChIJ2KRHOxquM9ek,10,430,4.4,59,TRUE
KW-0092,2026-08-24,Smile Arizona,ChIJsUy5TQmI6cla,15,362,4.6,98,TRUE
KW-0092,2026-08-24,Phoenix Family Dentists,ChIJFE4ib1Zsbr76,19,373,4.9,108,FALSE
KW-0092,2026-08-31,Arizona Cosmetic Dentistry,ChIJ2KRHOxquM9ek,13,433,4.4,61,TRUE
KW-0092,2026-08-31,Desert Dental Care,ChIJ4TFkyYdZ8eEP,15,372,4.5,127,TRUE
KW-0092,2026-08-31,Smile Arizona,ChIJsUy5TQmI6cla,17,334,4.6,95,TRUE
KW-0092,2026-09-07,Phoenix Family Dentists,ChIJFE4ib1Zsbr76,6,391,4.9,106,FALSE
KW-0092,2026-09-07,Phoenix Dental Studio,ChIJEYUYYoxDkwtb,11,192,3.9,137,TRUE
KW-0092,2026-09-07,Arizona Cosmetic Dentistry,ChIJ2KRHOxquM9ek,15,424,4.4,59,TRUE
KW-0093,2026-06-15,Tempe Dental Associates,ChIJAOySFfjlvoEO,2,239,4.1,143,TRUE
KW-0093,2026-06-15,ASU Dental Partners,ChIJSJQKhUObDktM,5,351,3.7,101,TRUE
KW-0093,2026-06-15,Arizona Smile Dental,ChIJ98Lm6EUGIAUm,9,170,3.9,118,TRUE
KW-0093,2026-06-22,Arizona Smile Dental,ChIJ98Lm6EUGIAUm,4,174,3.9,119,TRUE
KW-0093,2026-06-22,Tempe Dental Associates,ChIJAOySFfjlvoEO,8,241,4.1,143,TRUE
KW-0093,2026-06-22,ASU Dental Partners,ChIJSJQKhUObDktM,11,356,3.7,100,TRUE
KW-0093,2026-06-29,Arizona Smile Dental,ChIJ98Lm6EUGIAUm,7,180,3.9,120,TRUE
KW-0093,2026-06-29,ASU Dental Partners,ChIJSJQKhUObDktM,10,357,3.7,101,TRUE
KW-0093,2026-06-29,Tempe Dental Associates,ChIJAOySFfjlvoEO,12,243,4.1,141,TRUE
KW-0093,2026-07-06,Tempe Dental Associates,ChIJAOySFfjlvoEO,6,251,4.1,141,TRUE
KW-0093,2026-07-06,Arizona Smile Dental,ChIJ98Lm6EUGIAUm,9,182,3.9,119,TRUE
KW-0093,2026-07-06,ASU Dental Partners,ChIJSJQKhUObDktM,16,360,3.7,100,TRUE
KW-0093,2026-07-13,Tempe Dental Associates,ChIJAOySFfjlvoEO,6,247,4.1,139,TRUE
KW-0093,2026-07-13,Arizona Smile Dental,ChIJ98Lm6EUGIAUm,11,190,3.9,117,TRUE
KW-0093,2026-07-13,ASU Dental Partners,ChIJSJQKhUObDktM,11,371,3.7,102,TRUE
KW-0093,2026-07-20,Tempe Dental Associates,ChIJAOySFfjlvoEO,2,249,4.1,142,TRUE
KW-0093,2026-07-20,ASU Dental Partners,ChIJSJQKhUObDktM,4,366,3.7,101,TRUE
KW-0093,2026-07-20,Arizona Smile Dental,ChIJ98Lm6EUGIAUm,11,180,3.9,121,TRUE
KW-0093,2026-07-27,Tempe Dental Associates,ChIJAOySFfjlvoEO,5,251,4.1,138,TRUE
KW-0093,2026-07-27,Arizona Smile Dental,ChIJ98Lm6EUGIAUm,8,188,3.9,118,TRUE
KW-0093,2026-07-27,ASU Dental Partners,ChIJSJQKhUObDktM,9,369,3.7,100,TRUE
KW-0093,2026-08-03,ASU Dental Partners,ChIJSJQKhUObDktM,8,379,3.7,101,TRUE
KW-0093,2026-08-03,Tempe Dental Associates,ChIJAOySFfjlvoEO,8,260,4.1,143,TRUE
KW-0093,2026-08-03,Arizona Smile Dental,ChIJ98Lm6EUGIAUm,11,205,3.9,120,TRUE
KW-0093,2026-08-10,Arizona Smile Dental,ChIJ98Lm6EUGIAUm,6,202,3.9,122,TRUE
KW-0093,2026-08-10,ASU Dental Partners,ChIJSJQKhUObDktM,6,391,3.7,100,TRUE
KW-0093,2026-08-10,Tempe Dental Associates,ChIJAOySFfjlvoEO,8,263,4.1,143,TRUE
KW-0093,2026-08-17,Tempe Dental Associates,ChIJAOySFfjlvoEO,2,275,4.1,141,TRUE
KW-0093,2026-08-17,Arizona Smile Dental,ChIJ98Lm6EUGIAUm,5,206,3.9,118,TRUE
KW-0093,2026-08-17,ASU Dental Partners,ChIJSJQKhUObDktM,9,396,3.7,101,TRUE
KW-0093,2026-08-24,ASU Dental Partners,ChIJSJQKhUObDktM,6,391,3.7,97,TRUE
KW-0093,2026-08-24,Tempe Dental Associates,ChIJAOySFfjlvoEO,10,269,4.1,138,TRUE
KW-0093,2026-08-24,Arizona Smile Dental,ChIJ98Lm6EUGIAUm,12,190,3.9,119,TRUE
KW-0093,2026-08-31,Tempe Dental Associates,ChIJAOySFfjlvoEO,7,261,4.1,139,TRUE
KW-0093,2026-08-31,ASU Dental Partners,ChIJSJQKhUObDktM,10,373,3.7,99,TRUE
KW-0093,2026-08-31,Arizona Smile Dental,ChIJ98Lm6EUGIAUm,14,192,3.9,122,TRUE
KW-0093,2026-09-07,ASU Dental Partners,ChIJSJQKhUObDktM,3,375,3.7,98,TRUE
KW-0093,2026-09-07,Arizona Smile Dental,ChIJ98Lm6EUGIAUm,6,218,3.9,119,TRUE
KW-0093,2026-09-07,Tempe Dental Associates,ChIJAOySFfjlvoEO,9,287,4.1,141,TRUE
KW-0094,2026-06-15,ASU Dental Partners,ChIJSJQKhUObDktM,9,351,3.7,99,TRUE
KW-0094,2026-06-15,Arizona Smile Dental,ChIJ98Lm6EUGIAUm,8,170,3.9,118,TRUE
KW-0094,2026-06-15,Tempe Dental Associates,ChIJAOySFfjlvoEO,12,239,4.1,139,TRUE
KW-0094,2026-06-22,ASU Dental Partners,ChIJSJQKhUObDktM,8,355,3.7,100,TRUE
KW-0094,2026-06-22,Tempe Dental Associates,ChIJAOySFfjlvoEO,9,242,4.1,143,TRUE
KW-0094,2026-06-22,Arizona Smile Dental,ChIJ98Lm6EUGIAUm,12,172,3.9,121,TRUE
KW-0094,2026-06-29,ASU Dental Partners,ChIJSJQKhUObDktM,6,359,3.7,101,TRUE
KW-0094,2026-06-29,Tempe Dental Associates,ChIJAOySFfjlvoEO,10,245,4.1,139,TRUE
KW-0094,2026-06-29,Arizona Smile Dental,ChIJ98Lm6EUGIAUm,11,178,3.9,117,TRUE
KW-0094,2026-07-06,ASU Dental Partners,ChIJSJQKhUObDktM,6,363,3.7,101,TRUE
KW-0094,2026-07-06,Arizona Smile Dental,ChIJ98Lm6EUGIAUm,11,185,3.9,117,TRUE
KW-0094,2026-07-06,Tempe Dental Associates,ChIJAOySFfjlvoEO,12,251,4.1,140,TRUE
KW-0094,2026-07-13,Arizona Smile Dental,ChIJ98Lm6EUGIAUm,6,186,3.9,122,TRUE
KW-0094,2026-07-13,ASU Dental Partners,ChIJSJQKhUObDktM,10,367,3.7,102,TRUE
KW-0094,2026-07-13,Tempe Dental Associates,ChIJAOySFfjlvoEO,13,255,4.1,143,TRUE
KW-0094,2026-07-20,Tempe Dental Associates,ChIJAOySFfjlvoEO,6,259,4.1,138,TRUE
KW-0094,2026-07-20,Arizona Smile Dental,ChIJ98Lm6EUGIAUm,10,180,3.9,121,TRUE
KW-0094,2026-07-20,ASU Dental Partners,ChIJSJQKhUObDktM,13,376,3.7,101,TRUE
KW-0094,2026-07-27,Tempe Dental Associates,ChIJAOySFfjlvoEO,9,263,4.1,143,TRUE
KW-0094,2026-07-27,Arizona Smile Dental,ChIJ98Lm6EUGIAUm,12,182,3.9,122,TRUE
KW-0094,2026-07-27,ASU Dental Partners,ChIJSJQKhUObDktM,15,369,3.7,102,TRUE
KW-0094,2026-08-03,Arizona Smile Dental,ChIJ98Lm6EUGIAUm,5,191,3.9,121,TRUE
KW-0094,2026-08-03,ASU Dental Partners,ChIJSJQKhUObDktM,10,372,3.7,98,TRUE
KW-0094,2026-08-03,Tempe Dental Associates,ChIJAOySFfjlvoEO,11,274,4.1,143,TRUE
KW-0094,2026-08-10,ASU Dental Partners,ChIJSJQKhUObDktM,4,367,3.7,101,TRUE
KW-0094,2026-08-10,Tempe Dental Associates,ChIJAOySFfjlvoEO,10,279,4.1,141,TRUE
KW-0094,2026-08-10,Arizona Smile Dental,ChIJ98Lm6EUGIAUm,10,210,3.9,120,TRUE
KW-0094,2026-08-17,Arizona Smile Dental,ChIJ98Lm6EUGIAUm,8,215,3.9,118,TRUE
KW-0094,2026-08-17,Tempe Dental Associates,ChIJAOySFfjlvoEO,9,257,4.1,139,TRUE
KW-0094,2026-08-17,ASU Dental Partners,ChIJSJQKhUObDktM,11,378,3.7,99,TRUE
KW-0094,2026-08-24,ASU Dental Partners,ChIJSJQKhUObDktM,10,401,3.7,101,TRUE
KW-0094,2026-08-24,Tempe Dental Associates,ChIJAOySFfjlvoEO,12,289,4.1,140,TRUE
KW-0094,2026-08-24,Arizona Smile Dental,ChIJ98Lm6EUGIAUm,13,190,3.9,120,TRUE
KW-0094,2026-08-31,ASU Dental Partners,ChIJSJQKhUObDktM,8,395,3.7,100,TRUE
KW-0094,2026-08-31,Tempe Dental Associates,ChIJAOySFfjlvoEO,10,283,4.1,138,TRUE
KW-0094,2026-08-31,Arizona Smile Dental,ChIJ98Lm6EUGIAUm,13,203,3.9,118,TRUE
KW-0094,2026-09-07,Tempe Dental Associates,ChIJAOySFfjlvoEO,6,299,4.1,140,TRUE
KW-0094,2026-09-07,Arizona Smile Dental,ChIJ98Lm6EUGIAUm,10,194,3.9,117,TRUE
KW-0094,2026-09-07,ASU Dental Partners,ChIJSJQKhUObDktM,14,387,3.7,100,TRUE
KW-0095,2026-06-15,Arizona Smile Dental,ChIJ98Lm6EUGIAUm,5,170,3.9,121,TRUE
KW-0095,2026-06-15,Tempe Dental Associates,ChIJAOySFfjlvoEO,9,239,4.1,142,TRUE
KW-0095,2026-06-15,ASU Dental Partners,ChIJSJQKhUObDktM,10,351,3.7,102,TRUE
KW-0095,2026-06-22,Arizona Smile Dental,ChIJ98Lm6EUGIAUm,6,172,3.9,118,TRUE
KW-0095,2026-06-22,ASU Dental Partners,ChIJSJQKhUObDktM,11,353,3.7,98,TRUE
KW-0095,2026-06-22,Tempe Dental Associates,ChIJAOySFfjlvoEO,15,243,4.1,138,TRUE
KW-0095,2026-06-29,ASU Dental Partners,ChIJSJQKhUObDktM,10,361,3.7,100,TRUE
KW-0095,2026-06-29,Tempe Dental Associates,ChIJAOySFfjlvoEO,12,245,4.1,142,TRUE
KW-0095,2026-06-29,Arizona Smile Dental,ChIJ98Lm6EUGIAUm,15,180,3.9,118,TRUE
KW-0095,2026-07-06,Tempe Dental Associates,ChIJAOySFfjlvoEO,7,245,4.1,140,TRUE
KW-0095,2026-07-06,Arizona Smile Dental,ChIJ98Lm6EUGIAUm,10,182,3.9,121,TRUE
KW-0095,2026-07-06,ASU Dental Partners,ChIJSJQKhUObDktM,10,363,3.7,97,TRUE
KW-0095,2026-07-13,Arizona Smile Dental,ChIJ98Lm6EUGIAUm,4,182,3.9,117,TRUE
KW-0095,2026-07-13,ASU Dental Partners,ChIJSJQKhUObDktM,6,367,3.7,97,TRUE
KW-0095,2026-07-13,Tempe Dental Associates,ChIJAOySFfjlvoEO,12,255,4.1,139,TRUE
KW-0095,2026-07-20,Arizona Smile Dental,ChIJ98Lm6EUGIAUm,8,180,3.9,122,TRUE
KW-0095,2026-07-20,ASU Dental Partners,ChIJSJQKhUObDktM,11,361,3.7,97,TRUE
KW-0095,2026-07-20,Tempe Dental Associates,ChIJAOySFfjlvoEO,14,254,4.1,138,TRUE
KW-0095,2026-07-27,Tempe Dental Associates,ChIJAOySFfjlvoEO,6,263,4.1,139,TRUE
KW-0095,2026-07-27,ASU Dental Partners,ChIJSJQKhUObDktM,11,381,3.7,98,TRUE
KW-0095,2026-07-27,Arizona Smile Dental,ChIJ98Lm6EUGIAUm,12,182,3.9,120,TRUE
KW-0095,2026-08-03,Tempe Dental Associates,ChIJAOySFfjlvoEO,11,267,4.1,141,TRUE
KW-0095,2026-08-03,Arizona Smile Dental,ChIJ98Lm6EUGIAUm,11,198,3.9,120,TRUE
KW-0095,2026-08-03,ASU Dental Partners,ChIJSJQKhUObDktM,15,365,3.7,98,TRUE
KW-0095,2026-08-10,ASU Dental Partners,ChIJSJQKhUObDktM,5,383,3.7,99,TRUE
KW-0095,2026-08-10,Tempe Dental Associates,ChIJAOySFfjlvoEO,10,255,4.1,141,TRUE
KW-0095,2026-08-10,Arizona Smile Dental,ChIJ98Lm6EUGIAUm,11,194,3.9,118,TRUE
KW-0095,2026-08-17,Tempe Dental Associates,ChIJAOySFfjlvoEO,4,257,4.1,143,TRUE
KW-0095,2026-08-17,Arizona Smile Dental,ChIJ98Lm6EUGIAUm,7,197,3.9,119,TRUE
KW-0095,2026-08-17,ASU Dental Partners,ChIJSJQKhUObDktM,10,369,3.7,99,TRUE
KW-0095,2026-08-24,Tempe Dental Associates,ChIJAOySFfjlvoEO,4,259,4.1,140,TRUE
KW-0095,2026-08-24,Arizona Smile Dental,ChIJ98Lm6EUGIAUm,9,210,3.9,122,TRUE
KW-0095,2026-08-24,ASU Dental Partners,ChIJSJQKhUObDktM,12,371,3.7,97,TRUE
KW-0095,2026-08-31,Arizona Smile Dental,ChIJ98Lm6EUGIAUm,6,203,3.9,118,TRUE
KW-0095,2026-08-31,Tempe Dental Associates,ChIJAOySFfjlvoEO,11,261,4.1,138,TRUE
KW-0095,2026-08-31,ASU Dental Partners,ChIJSJQKhUObDktM,13,384,3.7,98,TRUE
KW-0095,2026-09-07,Tempe Dental Associates,ChIJAOySFfjlvoEO,9,263,4.1,138,TRUE
KW-0095,2026-09-07,ASU Dental Partners,ChIJSJQKhUObDktM,11,375,3.7,97,TRUE
KW-0095,2026-09-07,Arizona Smile Dental,ChIJ98Lm6EUGIAUm,15,218,3.9,118,TRUE
KW-0096,2026-06-15,ASU Dental Partners,ChIJSJQKhUObDktM,5,351,3.7,98,TRUE
KW-0096,2026-06-15,Tempe Dental Associates,ChIJAOySFfjlvoEO,9,239,4.1,139,TRUE
KW-0096,2026-06-15,Arizona Smile Dental,ChIJ98Lm6EUGIAUm,9,170,3.9,119,TRUE
KW-0096,2026-06-22,ASU Dental Partners,ChIJSJQKhUObDktM,7,355,3.7,98,TRUE
KW-0096,2026-06-22,Arizona Smile Dental,ChIJ98Lm6EUGIAUm,11,174,3.9,119,TRUE
KW-0096,2026-06-22,Tempe Dental Associates,ChIJAOySFfjlvoEO,15,244,4.1,138,TRUE
KW-0096,2026-06-29,Arizona Smile Dental,ChIJ98Lm6EUGIAUm,6,176,3.9,122,TRUE
KW-0096,2026-06-29,ASU Dental Partners,ChIJSJQKhUObDktM,8,357,3.7,100,TRUE
KW-0096,2026-06-29,Tempe Dental Associates,ChIJAOySFfjlvoEO,12,245,4.1,140,TRUE
KW-0096,2026-07-06,ASU Dental Partners,ChIJSJQKhUObDktM,9,360,3.7,99,TRUE
KW-0096,2026-07-06,Arizona Smile Dental,ChIJ98Lm6EUGIAUm,10,182,3.9,122,TRUE
KW-0096,2026-07-06,Tempe Dental Associates,ChIJAOySFfjlvoEO,15,254,4.1,140,TRUE
KW-0096,2026-07-13,ASU Dental Partners,ChIJSJQKhUObDktM,7,363,3.7,99,TRUE
KW-0096,2026-07-13,Tempe Dental Associates,ChIJAOySFfjlvoEO,7,259,4.1,141,TRUE
KW-0096,2026-07-13,Arizona Smile Dental,ChIJ98Lm6EUGIAUm,10,186,3.9,120,TRUE
KW-0096,2026-07-20,Tempe Dental Associates,ChIJAOySFfjlvoEO,5,254,4.1,140,TRUE
KW-0096,2026-07-20,ASU Dental Partners,ChIJSJQKhUObDktM,9,376,3.7,100,TRUE
KW-0096,2026-07-20,Arizona Smile Dental,ChIJ98Lm6EUGIAUm,13,185,3.9,119,TRUE
KW-0096,2026-07-27,ASU Dental Partners,ChIJSJQKhUObDktM,4,369,3.7,98,TRUE
KW-0096,2026-07-27,Arizona Smile Dental,ChIJ98Lm6EUGIAUm,7,200,3.9,120,TRUE
KW-0096,2026-07-27,Tempe Dental Associates,ChIJAOySFfjlvoEO,11,263,4.1,138,TRUE
KW-0096,2026-08-03,Arizona Smile Dental,ChIJ98Lm6EUGIAUm,6,205,3.9,118,TRUE
KW-0096,2026-08-03,Tempe Dental Associates,ChIJAOySFfjlvoEO,8,267,4.1,140,TRUE
KW-0096,2026-08-03,ASU Dental Partners,ChIJSJQKhUObDktM,11,386,3.7,101,TRUE
KW-0096,2026-08-10,ASU Dental Partners,ChIJSJQKhUObDktM,3,391,3.7,97,TRUE
KW-0096,2026-08-10,Arizona Smile Dental,ChIJ98Lm6EUGIAUm,8,202,3.9,121,TRUE
KW-0096,2026-08-10,Tempe Dental Associates,ChIJAOySFfjlvoEO,11,255,4.1,141,TRUE
KW-0096,2026-08-17,Arizona Smile Dental,ChIJ98Lm6EUGIAUm,6,197,3.9,122,TRUE
KW-0096,2026-08-17,Tempe Dental Associates,ChIJAOySFfjlvoEO,5,257,4.1,139,TRUE
KW-0096,2026-08-17,ASU Dental Partners,ChIJSJQKhUObDktM,10,378,3.7,100,TRUE
KW-0096,2026-08-24,Arizona Smile Dental,ChIJ98Lm6EUGIAUm,3,190,3.9,117,TRUE
KW-0096,2026-08-24,Tempe Dental Associates,ChIJAOySFfjlvoEO,9,289,4.1,142,TRUE
KW-0096,2026-08-24,ASU Dental Partners,ChIJSJQKhUObDktM,10,381,3.7,100,TRUE
KW-0096,2026-08-31,Arizona Smile Dental,ChIJ98Lm6EUGIAUm,8,214,3.9,120,TRUE
KW-0096,2026-08-31,Tempe Dental Associates,ChIJAOySFfjlvoEO,12,294,4.1,141,TRUE
KW-0096,2026-08-31,ASU Dental Partners,ChIJSJQKhUObDktM,14,395,3.7,98,TRUE
KW-0096,2026-09-07,ASU Dental Partners,ChIJSJQKhUObDktM,8,399,3.7,100,TRUE
KW-0096,2026-09-07,Tempe Dental Associates,ChIJAOySFfjlvoEO,11,263,4.1,141,TRUE
KW-0096,2026-09-07,Arizona Smile Dental,ChIJ98Lm6EUGIAUm,14,194,3.9,118,TRUE
KW-0097,2026-06-15,ASU Dental Partners,ChIJSJQKhUObDktM,6,351,3.7,102,TRUE
KW-0097,2026-06-15,Arizona Smile Dental,ChIJ98Lm6EUGIAUm,13,170,3.9,121,TRUE
KW-0097,2026-06-15,Tempe Dental Associates,ChIJAOySFfjlvoEO,13,239,4.1,141,TRUE
KW-0097,2026-06-22,Tempe Dental Associates,ChIJAOySFfjlvoEO,12,242,4.1,142,TRUE
KW-0097,2026-06-22,Arizona Smile Dental,ChIJ98Lm6EUGIAUm,12,172,3.9,120,TRUE
KW-0097,2026-06-22,ASU Dental Partners,ChIJSJQKhUObDktM,15,355,3.7,101,TRUE
KW-0097,2026-06-29,Tempe Dental Associates,ChIJAOySFfjlvoEO,5,243,4.1,138,TRUE
KW-0097,2026-06-29,Arizona Smile Dental,ChIJ98Lm6EUGIAUm,8,176,3.9,119,TRUE
KW-0097,2026-06-29,ASU Dental Partners,ChIJSJQKhUObDktM,11,361,3.7,102,TRUE
KW-0097,2026-07-06,Arizona Smile Dental,ChIJ98Lm6EUGIAUm,6,182,3.9,117,TRUE
KW-0097,2026-07-06,Tempe Dental Associates,ChIJAOySFfjlvoEO,12,245,4.1,143,TRUE
KW-0097,2026-07-06,ASU Dental Partners,ChIJSJQKhUObDktM,12,366,3.7,100,TRUE
KW-0097,2026-07-13,Tempe Dental Associates,ChIJAOySFfjlvoEO,8,247,4.1,141,TRUE
KW-0097,2026-07-13,ASU Dental Partners,ChIJSJQKhUObDktM,13,359,3.7,97,TRUE
KW-0097,2026-07-13,Arizona Smile Dental,ChIJ98Lm6EUGIAUm,15,182,3.9,117,TRUE
KW-0097,2026-07-20,ASU Dental Partners,ChIJSJQKhUObDktM,9,361,3.7,102,TRUE
KW-0097,2026-07-20,Arizona Smile Dental,ChIJ98Lm6EUGIAUm,8,185,3.9,119,TRUE
KW-0097,2026-07-20,Tempe Dental Associates,ChIJAOySFfjlvoEO,10,254,4.1,140,TRUE
KW-0097,2026-07-27,ASU Dental Partners,ChIJSJQKhUObDktM,9,369,3.7,97,TRUE
KW-0097,2026-07-27,Arizona Smile Dental,ChIJ98Lm6EUGIAUm,13,188,3.9,117,TRUE
KW-0097,2026-07-27,Tempe Dental Associates,ChIJAOySFfjlvoEO,14,269,4.1,142,TRUE
KW-0097,2026-08-03,Tempe Dental Associates,ChIJAOySFfjlvoEO,13,253,4.1,138,TRUE
KW-0097,2026-08-03,Arizona Smile Dental,ChIJ98Lm6EUGIAUm,15,184,3.9,122,TRUE
KW-0097,2026-08-03,ASU Dental Partners,ChIJSJQKhUObDktM,17,365,3.7,98,TRUE
KW-0097,2026-08-10,ASU Dental Partners,ChIJSJQKhUObDktM,7,383,3.7,100,TRUE
KW-0097,2026-08-10,Tempe Dental Associates,ChIJAOySFfjlvoEO,8,263,4.1,142,TRUE
KW-0097,2026-08-10,Arizona Smile Dental,ChIJ98Lm6EUGIAUm,12,202,3.9,117,TRUE
KW-0097,2026-08-17,Tempe Dental Associates,ChIJAOySFfjlvoEO,5,284,4.1,143,TRUE
KW-0097,2026-08-17,Arizona Smile Dental,ChIJ98Lm6EUGIAUm,8,215,3.9,120,TRUE
KW-0097,2026-08-17,ASU Dental Partners,ChIJSJQKhUObDktM,13,396,3.7,100,TRUE
KW-0097,2026-08-24,Arizona Smile Dental,ChIJ98Lm6EUGIAUm,7,190,3.9,122,TRUE
KW-0097,2026-08-24,Tempe Dental Associates,ChIJAOySFfjlvoEO,11,259,4.1,143,TRUE
KW-0097,2026-08-24,ASU Dental Partners,ChIJSJQKhUObDktM,12,391,3.7,98,TRUE
KW-0097,2026-08-31,ASU Dental Partners,ChIJSJQKhUObDktM,7,373,3.7,97,TRUE
KW-0097,2026-08-31,Tempe Dental Associates,ChIJAOySFfjlvoEO,9,261,4.1,140,TRUE
KW-0097,2026-08-31,Arizona Smile Dental,ChIJ98Lm6EUGIAUm,12,192,3.9,120,TRUE
KW-0097,2026-09-07,ASU Dental Partners,ChIJSJQKhUObDktM,8,411,3.7,101,TRUE
KW-0097,2026-09-07,Arizona Smile Dental,ChIJ98Lm6EUGIAUm,13,218,3.9,118,TRUE
KW-0097,2026-09-07,Tempe Dental Associates,ChIJAOySFfjlvoEO,15,299,4.1,143,TRUE
KW-0098,2026-06-15,Tempe Dental Associates,ChIJAOySFfjlvoEO,9,239,4.1,141,TRUE
KW-0098,2026-06-15,ASU Dental Partners,ChIJSJQKhUObDktM,11,351,3.7,101,TRUE
KW-0098,2026-06-15,Arizona Smile Dental,ChIJ98Lm6EUGIAUm,17,170,3.9,120,TRUE
KW-0098,2026-06-22,ASU Dental Partners,ChIJSJQKhUObDktM,10,355,3.7,97,TRUE
KW-0098,2026-06-22,Arizona Smile Dental,ChIJ98Lm6EUGIAUm,14,175,3.9,120,TRUE
KW-0098,2026-06-22,Tempe Dental Associates,ChIJAOySFfjlvoEO,18,242,4.1,140,TRUE
KW-0098,2026-06-29,ASU Dental Partners,ChIJSJQKhUObDktM,12,355,3.7,100,TRUE
KW-0098,2026-06-29,Arizona Smile Dental,ChIJ98Lm6EUGIAUm,14,180,3.9,118,TRUE
KW-0098,2026-06-29,Tempe Dental Associates,ChIJAOySFfjlvoEO,17,249,4.1,140,TRUE
KW-0098,2026-07-06,Arizona Smile Dental,ChIJ98Lm6EUGIAUm,6,176,3.9,117,TRUE
KW-0098,2026-07-06,ASU Dental Partners,ChIJSJQKhUObDktM,11,357,3.7,98,TRUE
KW-0098,2026-07-06,Tempe Dental Associates,ChIJAOySFfjlvoEO,14,254,4.1,139,TRUE
KW-0098,2026-07-13,Tempe Dental Associates,ChIJAOySFfjlvoEO,9,259,4.1,141,TRUE
KW-0098,2026-07-13,Arizona Smile Dental,ChIJ98Lm6EUGIAUm,11,186,3.9,117,TRUE
KW-0098,2026-07-13,ASU Dental Partners,ChIJSJQKhUObDktM,15,363,3.7,97,TRUE
KW-0098,2026-07-20,Arizona Smile Dental,ChIJ98Lm6EUGIAUm,8,180,3.9,119,TRUE
KW-0098,2026-07-20,Tempe Dental Associates,ChIJAOySFfjlvoEO,13,254,4.1,139,TRUE
KW-0098,2026-07-20,ASU Dental Partners,ChIJSJQKhUObDktM,15,366,3.7,98,TRUE
KW-0098,2026-07-27,Tempe Dental Associates,ChIJAOySFfjlvoEO,11,269,4.1,140,TRUE
KW-0098,2026-07-27,Arizona Smile Dental,ChIJ98Lm6EUGIAUm,14,194,3.9,121,TRUE
KW-0098,2026-07-27,ASU Dental Partners,ChIJSJQKhUObDktM,19,363,3.7,97,TRUE
KW-0098,2026-08-03,Tempe Dental Associates,ChIJAOySFfjlvoEO,8,260,4.1,140,TRUE
KW-0098,2026-08-03,ASU Dental Partners,ChIJSJQKhUObDktM,11,372,3.7,99,TRUE
KW-0098,2026-08-03,Arizona Smile Dental,ChIJ98Lm6EUGIAUm,15,198,3.9,118,TRUE
KW-0098,2026-08-10,Arizona Smile Dental,ChIJ98Lm6EUGIAUm,8,186,3.9,120,TRUE
KW-0098,2026-08-10,Tempe Dental Associates,ChIJAOySFfjlvoEO,11,271,4.1,141,TRUE
KW-0098,2026-08-10,ASU Dental Partners,ChIJSJQKhUObDktM,15,391,3.7,101,TRUE
KW-0098,2026-08-17,Tempe Dental Associates,ChIJAOySFfjlvoEO,8,275,4.1,138,TRUE
KW-0098,2026-08-17,ASU Dental Partners,ChIJSJQKhUObDktM,12,387,3.7,98,TRUE
KW-0098,2026-08-17,Arizona Smile Dental,ChIJ98Lm6EUGIAUm,13,206,3.9,118,TRUE
KW-0098,2026-08-24,Tempe Dental Associates,ChIJAOySFfjlvoEO,13,289,4.1,140,TRUE
KW-0098,2026-08-24,Arizona Smile Dental,ChIJ98Lm6EUGIAUm,14,190,3.9,118,TRUE
KW-0098,2026-08-24,ASU Dental Partners,ChIJSJQKhUObDktM,16,371,3.7,100,TRUE
KW-0098,2026-08-31,Arizona Smile Dental,ChIJ98Lm6EUGIAUm,7,225,3.9,121,TRUE
KW-0098,2026-08-31,ASU Dental Partners,ChIJSJQKhUObDktM,10,384,3.7,97,TRUE
KW-0098,2026-08-31,Tempe Dental Associates,ChIJAOySFfjlvoEO,15,283,4.1,139,TRUE
KW-0098,2026-09-07,Arizona Smile Dental,ChIJ98Lm6EUGIAUm,13,218,3.9,120,TRUE
KW-0098,2026-09-07,Tempe Dental Associates,ChIJAOySFfjlvoEO,16,263,4.1,142,TRUE
KW-0098,2026-09-07,ASU Dental Partners,ChIJSJQKhUObDktM,18,375,3.7,100,TRUE
KW-0099,2026-06-15,Arizona Smile Dental,ChIJ98Lm6EUGIAUm,10,170,3.9,117,TRUE
KW-0099,2026-06-15,Tempe Dental Associates,ChIJAOySFfjlvoEO,12,239,4.1,141,TRUE
KW-0099,2026-06-15,ASU Dental Partners,ChIJSJQKhUObDktM,18,351,3.7,98,TRUE
KW-0099,2026-06-22,Arizona Smile Dental,ChIJ98Lm6EUGIAUm,6,172,3.9,120,TRUE
KW-0099,2026-06-22,ASU Dental Partners,ChIJSJQKhUObDktM,10,356,3.7,100,TRUE
KW-0099,2026-06-22,Tempe Dental Associates,ChIJAOySFfjlvoEO,12,244,4.1,143,TRUE
KW-0099,2026-06-29,Tempe Dental Associates,ChIJAOySFfjlvoEO,12,245,4.1,143,TRUE
KW-0099,2026-06-29,Arizona Smile Dental,ChIJ98Lm6EUGIAUm,14,176,3.9,120,TRUE
KW-0099,2026-06-29,ASU Dental Partners,ChIJSJQKhUObDktM,19,357,3.7,102,TRUE
KW-0099,2026-07-06,Arizona Smile Dental,ChIJ98Lm6EUGIAUm,12,185,3.9,118,TRUE
KW-0099,2026-07-06,ASU Dental Partners,ChIJSJQKhUObDktM,12,363,3.7,102,TRUE
KW-0099,2026-07-06,Tempe Dental Associates,ChIJAOySFfjlvoEO,15,248,4.1,140,TRUE
KW-0099,2026-07-13,Tempe Dental Associates,ChIJAOySFfjlvoEO,9,247,4.1,141,TRUE
KW-0099,2026-07-13,Arizona Smile Dental,ChIJ98Lm6EUGIAUm,10,186,3.9,117,TRUE
KW-0099,2026-07-13,ASU Dental Partners,ChIJSJQKhUObDktM,15,367,3.7,98,TRUE
KW-0099,2026-07-20,ASU Dental Partners,ChIJSJQKhUObDktM,9,371,3.7,100,TRUE
KW-0099,2026-07-20,Tempe Dental Associates,ChIJAOySFfjlvoEO,11,264,4.1,139,TRUE
KW-0099,2026-07-20,Arizona Smile Dental,ChIJ98Lm6EUGIAUm,17,180,3.9,118,TRUE
KW-0099,2026-07-27,Tempe Dental Associates,ChIJAOySFfjlvoEO,9,257,4.1,139,TRUE
KW-0099,2026-07-27,Arizona Smile Dental,ChIJ98Lm6EUGIAUm,11,194,3.9,122,TRUE
KW-0099,2026-07-27,ASU Dental Partners,ChIJSJQKhUObDktM,16,375,3.7,98,TRUE
KW-0099,2026-08-03,Tempe Dental Associates,ChIJAOySFfjlvoEO,8,260,4.1,138,TRUE
KW-0099,2026-08-03,Arizona Smile Dental,ChIJ98Lm6EUGIAUm,9,191,3.9,121,TRUE
KW-0099,2026-08-03,ASU Dental Partners,ChIJSJQKhUObDktM,15,372,3.7,102,TRUE
KW-0099,2026-08-10,ASU Dental Partners,ChIJSJQKhUObDktM,10,391,3.7,99,TRUE
KW-0099,2026-08-10,Tempe Dental Associates,ChIJAOySFfjlvoEO,13,263,4.1,138,TRUE
KW-0099,2026-08-10,Arizona Smile Dental,ChIJ98Lm6EUGIAUm,15,210,3.9,120,TRUE
KW-0099,2026-08-17,Tempe Dental Associates,ChIJAOySFfjlvoEO,9,266,4.1,141,TRUE
KW-0099,2026-08-17,ASU Dental Partners,ChIJSJQKhUObDktM,13,396,3.7,97,TRUE
KW-0099,2026-08-17,Arizona Smile Dental,ChIJ98Lm6EUGIAUm,16,197,3.9,119,TRUE
KW-0099,2026-08-24,Tempe Dental Associates,ChIJAOySFfjlvoEO,5,259,4.1,140,TRUE
KW-0099,2026-08-24,ASU Dental Partners,ChIJSJQKhUObDktM,10,371,3.7,98,TRUE
KW-0099,2026-08-24,Arizona Smile Dental,ChIJ98Lm6EUGIAUm,10,220,3.9,117,TRUE
KW-0099,2026-08-31,ASU Dental Partners,ChIJSJQKhUObDktM,10,384,3.7,98,TRUE
KW-0099,2026-08-31,Tempe Dental Associates,ChIJAOySFfjlvoEO,14,294,4.1,142,TRUE
KW-0099,2026-08-31,Arizona Smile Dental,ChIJ98Lm6EUGIAUm,16,192,3.9,117,TRUE
KW-0099,2026-09-07,ASU Dental Partners,ChIJSJQKhUObDktM,6,411,3.7,97,TRUE
KW-0099,2026-09-07,Tempe Dental Associates,ChIJAOySFfjlvoEO,9,275,4.1,140,TRUE
KW-0099,2026-09-07,Arizona Smile Dental,ChIJ98Lm6EUGIAUm,13,230,3.9,117,TRUE
KW-0100,2026-06-15,ASU Dental Partners,ChIJSJQKhUObDktM,8,351,3.7,102,TRUE
KW-0100,2026-06-15,Arizona Smile Dental,ChIJ98Lm6EUGIAUm,11,170,3.9,117,TRUE
KW-0100,2026-06-15,Tempe Dental Associates,ChIJAOySFfjlvoEO,15,239,4.1,139,TRUE
KW-0100,2026-06-22,Tempe Dental Associates,ChIJAOySFfjlvoEO,10,244,4.1,142,TRUE
KW-0100,2026-06-22,ASU Dental Partners,ChIJSJQKhUObDktM,13,355,3.7,100,TRUE
KW-0100,2026-06-22,Arizona Smile Dental,ChIJ98Lm6EUGIAUm,17,174,3.9,118,TRUE
KW-0100,2026-06-29,Tempe Dental Associates,ChIJAOySFfjlvoEO,7,243,4.1,138,TRUE
KW-0100,2026-06-29,ASU Dental Partners,ChIJSJQKhUObDktM,12,361,3.7,100,TRUE
KW-0100,2026-06-29,Arizona Smile Dental,ChIJ98Lm6EUGIAUm,15,178,3.9,117,TRUE
KW-0100,2026-07-06,Tempe Dental Associates,ChIJAOySFfjlvoEO,7,245,4.1,142,TRUE
KW-0100,2026-07-06,Arizona Smile Dental,ChIJ98Lm6EUGIAUm,8,182,3.9,120,TRUE
KW-0100,2026-07-06,ASU Dental Partners,ChIJSJQKhUObDktM,12,366,3.7,102,TRUE
KW-0100,2026-07-13,ASU Dental Partners,ChIJSJQKhUObDktM,5,359,3.7,102,TRUE
KW-0100,2026-07-13,Tempe Dental Associates,ChIJAOySFfjlvoEO,9,259,4.1,143,TRUE
KW-0100,2026-07-13,Arizona Smile Dental,ChIJ98Lm6EUGIAUm,13,178,3.9,120,TRUE
KW-0100,2026-07-20,Arizona Smile Dental,ChIJ98Lm6EUGIAUm,9,185,3.9,118,TRUE
KW-0100,2026-07-20,ASU Dental Partners,ChIJSJQKhUObDktM,14,361,3.7,101,TRUE
KW-0100,2026-07-20,Tempe Dental Associates,ChIJAOySFfjlvoEO,15,249,4.1,139,TRUE
KW-0100,2026-07-27,ASU Dental Partners,ChIJSJQKhUObDktM,7,381,3.7,97,TRUE
KW-0100,2026-07-27,Arizona Smile Dental,ChIJ98Lm6EUGIAUm,11,188,3.9,121,TRUE
KW-0100,2026-07-27,Tempe Dental Associates,ChIJAOySFfjlvoEO,13,251,4.1,138,TRUE
KW-0100,2026-08-03,ASU Dental Partners,ChIJSJQKhUObDktM,4,372,3.7,98,TRUE
KW-0100,2026-08-03,Tempe Dental Associates,ChIJAOySFfjlvoEO,6,260,4.1,139,TRUE
KW-0100,2026-08-03,Arizona Smile Dental,ChIJ98Lm6EUGIAUm,12,198,3.9,121,TRUE
KW-0100,2026-08-10,ASU Dental Partners,ChIJSJQKhUObDktM,8,375,3.7,100,TRUE
KW-0100,2026-08-10,Arizona Smile Dental,ChIJ98Lm6EUGIAUm,13,186,3.9,120,TRUE
KW-0100,2026-08-10,Tempe Dental Associates,ChIJAOySFfjlvoEO,16,279,4.1,141,TRUE
KW-0100,2026-08-17,ASU Dental Partners,ChIJSJQKhUObDktM,7,369,3.7,97,TRUE
KW-0100,2026-08-17,Tempe Dental Associates,ChIJAOySFfjlvoEO,10,257,4.1,141,TRUE
KW-0100,2026-08-17,Arizona Smile Dental,ChIJ98Lm6EUGIAUm,12,215,3.9,120,TRUE
KW-0100,2026-08-24,Tempe Dental Associates,ChIJAOySFfjlvoEO,8,259,4.1,139,TRUE
KW-0100,2026-08-24,Arizona Smile Dental,ChIJ98Lm6EUGIAUm,9,210,3.9,119,TRUE
KW-0100,2026-08-24,ASU Dental Partners,ChIJSJQKhUObDktM,12,381,3.7,100,TRUE
KW-0100,2026-08-31,ASU Dental Partners,ChIJSJQKhUObDktM,8,406,3.7,99,TRUE
KW-0100,2026-08-31,Arizona Smile Dental,ChIJ98Lm6EUGIAUm,11,214,3.9,121,TRUE
KW-0100,2026-08-31,Tempe Dental Associates,ChIJAOySFfjlvoEO,12,272,4.1,140,TRUE
KW-0100,2026-09-07,Arizona Smile Dental,ChIJ98Lm6EUGIAUm,10,230,3.9,122,TRUE
KW-0100,2026-09-07,ASU Dental Partners,ChIJSJQKhUObDktM,12,375,3.7,100,TRUE
KW-0100,2026-09-07,Tempe Dental Associates,ChIJAOySFfjlvoEO,15,299,4.1,140,TRUE
KW-0101,2026-06-15,ASU Dental Partners,ChIJSJQKhUObDktM,8,351,3.7,98,TRUE
KW-0101,2026-06-15,Arizona Smile Dental,ChIJ98Lm6EUGIAUm,13,170,3.9,118,TRUE
KW-0101,2026-06-15,Tempe Dental Associates,ChIJAOySFfjlvoEO,15,239,4.1,143,TRUE
KW-0101,2026-06-22,ASU Dental Partners,ChIJSJQKhUObDktM,6,354,3.7,97,TRUE
KW-0101,2026-06-22,Arizona Smile Dental,ChIJ98Lm6EUGIAUm,7,174,3.9,120,TRUE
KW-0101,2026-06-22,Tempe Dental Associates,ChIJAOySFfjlvoEO,13,241,4.1,139,TRUE
KW-0101,2026-06-29,Tempe Dental Associates,ChIJAOySFfjlvoEO,5,247,4.1,140,TRUE
KW-0101,2026-06-29,Arizona Smile Dental,ChIJ98Lm6EUGIAUm,11,176,3.9,119,TRUE
KW-0101,2026-06-29,ASU Dental Partners,ChIJSJQKhUObDktM,12,355,3.7,100,TRUE
KW-0101,2026-07-06,Tempe Dental Associates,ChIJAOySFfjlvoEO,7,254,4.1,142,TRUE
KW-0101,2026-07-06,ASU Dental Partners,ChIJSJQKhUObDktM,8,360,3.7,98,TRUE
KW-0101,2026-07-06,Arizona Smile Dental,ChIJ98Lm6EUGIAUm,11,176,3.9,121,TRUE
KW-0101,2026-07-13,ASU Dental Partners,ChIJSJQKhUObDktM,13,371,3.7,100,TRUE
KW-0101,2026-07-13,Arizona Smile Dental,ChIJ98Lm6EUGIAUm,15,178,3.9,120,TRUE
KW-0101,2026-07-13,Tempe Dental Associates,ChIJAOySFfjlvoEO,17,251,4.1,143,TRUE
KW-0101,2026-07-20,ASU Dental Partners,ChIJSJQKhUObDktM,6,361,3.7,98,TRUE
KW-0101,2026-07-20,Arizona Smile Dental,ChIJ98Lm6EUGIAUm,8,180,3.9,122,TRUE
KW-0101,2026-07-20,Tempe Dental Associates,ChIJAOySFfjlvoEO,14,259,4.1,139,TRUE
KW-0101,2026-07-27,Arizona Smile Dental,ChIJ98Lm6EUGIAUm,11,200,3.9,122,TRUE
KW-0101,2026-07-27,Tempe Dental Associates,ChIJAOySFfjlvoEO,13,251,4.1,142,TRUE
KW-0101,2026-07-27,ASU Dental Partners,ChIJSJQKhUObDktM,15,381,3.7,102,TRUE
KW-0101,2026-08-03,ASU Dental Partners,ChIJSJQKhUObDktM,9,379,3.7,102,TRUE
KW-0101,2026-08-03,Tempe Dental Associates,ChIJAOySFfjlvoEO,14,267,4.1,141,TRUE
KW-0101,2026-08-03,Arizona Smile Dental,ChIJ98Lm6EUGIAUm,17,184,3.9,121,TRUE
KW-0101,2026-08-10,Arizona Smile Dental,ChIJ98Lm6EUGIAUm,8,194,3.9,119,TRUE
KW-0101,2026-08-10,ASU Dental Partners,ChIJSJQKhUObDktM,11,367,3.7,101,TRUE
KW-0101,2026-08-10,Tempe Dental Associates,ChIJAOySFfjlvoEO,13,255,4.1,143,TRUE
KW-0101,2026-08-17,Tempe Dental Associates,ChIJAOySFfjlvoEO,7,257,4.1,141,TRUE
KW-0101,2026-08-17,ASU Dental Partners,ChIJSJQKhUObDktM,7,369,3.7,98,TRUE
KW-0101,2026-08-17,Arizona Smile Dental,ChIJ98Lm6EUGIAUm,11,206,3.9,119,TRUE
KW-0101,2026-08-24,Tempe Dental Associates,ChIJAOySFfjlvoEO,12,269,4.1,138,TRUE
KW-0101,2026-08-24,ASU Dental Partners,ChIJSJQKhUObDktM,15,401,3.7,101,TRUE
KW-0101,2026-08-24,Arizona Smile Dental,ChIJ98Lm6EUGIAUm,15,200,3.9,119,TRUE
KW-0101,2026-08-31,ASU Dental Partners,ChIJSJQKhUObDktM,5,406,3.7,99,TRUE
KW-0101,2026-08-31,Tempe Dental Associates,ChIJAOySFfjlvoEO,10,283,4.1,142,TRUE
KW-0101,2026-08-31,Arizona Smile Dental,ChIJ98Lm6EUGIAUm,11,192,3.9,121,TRUE
KW-0101,2026-09-07,Tempe Dental Associates,ChIJAOySFfjlvoEO,10,299,4.1,140,TRUE
KW-0101,2026-09-07,ASU Dental Partners,ChIJSJQKhUObDktM,12,411,3.7,100,TRUE
KW-0101,2026-09-07,Arizona Smile Dental,ChIJ98Lm6EUGIAUm,18,194,3.9,117,TRUE
KW-0102,2026-06-15,Tempe Dental Associates,ChIJAOySFfjlvoEO,10,239,4.1,142,TRUE
KW-0102,2026-06-15,ASU Dental Partners,ChIJSJQKhUObDktM,15,351,3.7,102,TRUE
KW-0102,2026-06-15,Arizona Smile Dental,ChIJ98Lm6EUGIAUm,19,170,3.9,117,TRUE
KW-0102,2026-06-22,ASU Dental Partners,ChIJSJQKhUObDktM,11,353,3.7,97,TRUE
KW-0102,2026-06-22,Arizona Smile Dental,ChIJ98Lm6EUGIAUm,15,175,3.9,120,TRUE
KW-0102,2026-06-22,Tempe Dental Associates,ChIJAOySFfjlvoEO,16,242,4.1,139,TRUE
KW-0102,2026-06-29,Tempe Dental Associates,ChIJAOySFfjlvoEO,11,243,4.1,140,TRUE
KW-0102,2026-06-29,Arizona Smile Dental,ChIJ98Lm6EUGIAUm,14,178,3.9,118,TRUE
KW-0102,2026-06-29,ASU Dental Partners,ChIJSJQKhUObDktM,18,355,3.7,101,TRUE
KW-0102,2026-07-06,Arizona Smile Dental,ChIJ98Lm6EUGIAUm,9,182,3.9,118,TRUE
KW-0102,2026-07-06,ASU Dental Partners,ChIJSJQKhUObDktM,13,360,3.7,101,TRUE
KW-0102,2026-07-06,Tempe Dental Associates,ChIJAOySFfjlvoEO,17,251,4.1,139,TRUE
KW-0102,2026-07-13,Arizona Smile Dental,ChIJ98Lm6EUGIAUm,13,186,3.9,121,TRUE
KW-0102,2026-07-13,Tempe Dental Associates,ChIJAOySFfjlvoEO,13,255,4.1,142,TRUE
KW-0102,2026-07-13,ASU Dental Partners,ChIJSJQKhUObDktM,19,371,3.7,101,TRUE
KW-0102,2026-07-20,ASU Dental Partners,ChIJSJQKhUObDktM,11,366,3.7,101,TRUE
KW-0102,2026-07-20,Tempe Dental Associates,ChIJAOySFfjlvoEO,14,254,4.1,141,TRUE
KW-0102,2026-07-20,Arizona Smile Dental,ChIJ98Lm6EUGIAUm,18,195,3.9,120,TRUE
KW-0102,2026-07-27,ASU Dental Partners,ChIJSJQKhUObDktM,11,375,3.7,102,TRUE
KW-0102,2026-07-27,Tempe Dental Associates,ChIJAOySFfjlvoEO,14,257,4.1,140,TRUE
KW-0102,2026-07-27,Arizona Smile Dental,ChIJ98Lm6EUGIAUm,18,194,3.9,120,TRUE
KW-0102,2026-08-03,Tempe Dental Associates,ChIJAOySFfjlvoEO,8,274,4.1,139,TRUE
KW-0102,2026-08-03,ASU Dental Partners,ChIJSJQKhUObDktM,10,386,3.7,98,TRUE
KW-0102,2026-08-03,Arizona Smile Dental,ChIJ98Lm6EUGIAUm,15,205,3.9,120,TRUE
KW-0102,2026-08-10,Arizona Smile Dental,ChIJ98Lm6EUGIAUm,11,194,3.9,119,TRUE
KW-0102,2026-08-10,Tempe Dental Associates,ChIJAOySFfjlvoEO,16,279,4.1,139,TRUE
KW-0102,2026-08-10,ASU Dental Partners,ChIJSJQKhUObDktM,15,367,3.7,100,TRUE
KW-0102,2026-08-17,Tempe Dental Associates,ChIJAOySFfjlvoEO,10,266,4.1,139,TRUE
KW-0102,2026-08-17,ASU Dental Partners,ChIJSJQKhUObDktM,12,396,3.7,98,TRUE
KW-0102,2026-08-17,Arizona Smile Dental,ChIJ98Lm6EUGIAUm,14,206,3.9,122,TRUE
KW-0102,2026-08-24,Arizona Smile Dental,ChIJ98Lm6EUGIAUm,16,190,3.9,122,TRUE
KW-0102,2026-08-24,ASU Dental Partners,ChIJSJQKhUObDktM,18,371,3.7,100,TRUE
KW-0102,2026-08-24,Tempe Dental Associates,ChIJAOySFfjlvoEO,21,279,4.1,141,TRUE
KW-0102,2026-08-31,Arizona Smile Dental,ChIJ98Lm6EUGIAUm,14,203,3.9,118,TRUE
KW-0102,2026-08-31,ASU Dental Partners,ChIJSJQKhUObDktM,15,373,3.7,97,TRUE
KW-0102,2026-08-31,Tempe Dental Associates,ChIJAOySFfjlvoEO,19,272,4.1,139,TRUE
KW-0102,2026-09-07,Tempe Dental Associates,ChIJAOySFfjlvoEO,13,275,4.1,143,TRUE
KW-0102,2026-09-07,Arizona Smile Dental,ChIJ98Lm6EUGIAUm,13,194,3.9,121,TRUE
KW-0102,2026-09-07,ASU Dental Partners,ChIJSJQKhUObDktM,16,387,3.7,101,TRUE
KW-0103,2026-06-15,Tempe Dental Associates,ChIJAOySFfjlvoEO,9,239,4.1,143,TRUE
KW-0103,2026-06-15,Arizona Smile Dental,ChIJ98Lm6EUGIAUm,13,170,3.9,117,TRUE
KW-0103,2026-06-15,ASU Dental Partners,ChIJSJQKhUObDktM,16,351,3.7,97,TRUE
KW-0103,2026-06-22,Tempe Dental Associates,ChIJAOySFfjlvoEO,8,242,4.1,141,TRUE
KW-0103,2026-06-22,ASU Dental Partners,ChIJSJQKhUObDktM,7,353,3.7,98,TRUE
KW-0103,2026-06-22,Arizona Smile Dental,ChIJ98Lm6EUGIAUm,12,173,3.9,122,TRUE
KW-0103,2026-06-29,Arizona Smile Dental,ChIJ98Lm6EUGIAUm,4,176,3.9,119,TRUE
KW-0103,2026-06-29,ASU Dental Partners,ChIJSJQKhUObDktM,8,359,3.7,100,TRUE
KW-0103,2026-06-29,Tempe Dental Associates,ChIJAOySFfjlvoEO,10,243,4.1,140,TRUE
KW-0103,2026-07-06,Arizona Smile Dental,ChIJ98Lm6EUGIAUm,9,179,3.9,122,TRUE
KW-0103,2026-07-06,ASU Dental Partners,ChIJSJQKhUObDktM,12,366,3.7,99,TRUE
KW-0103,2026-07-06,Tempe Dental Associates,ChIJAOySFfjlvoEO,14,248,4.1,138,TRUE
KW-0103,2026-07-13,Tempe Dental Associates,ChIJAOySFfjlvoEO,5,259,4.1,140,TRUE
KW-0103,2026-07-13,Arizona Smile Dental,ChIJ98Lm6EUGIAUm,7,186,3.9,120,TRUE
KW-0103,2026-07-13,ASU Dental Partners,ChIJSJQKhUObDktM,12,367,3.7,101,TRUE
KW-0103,2026-07-20,ASU Dental Partners,ChIJSJQKhUObDktM,3,361,3.7,97,TRUE
KW-0103,2026-07-20,Arizona Smile Dental,ChIJ98Lm6EUGIAUm,7,180,3.9,121,TRUE
KW-0103,2026-07-20,Tempe Dental Associates,ChIJAOySFfjlvoEO,9,249,4.1,140,TRUE
KW-0103,2026-07-27,ASU Dental Partners,ChIJSJQKhUObDktM,7,363,3.7,101,TRUE
KW-0103,2026-07-27,Arizona Smile Dental,ChIJ98Lm6EUGIAUm,12,188,3.9,118,TRUE
KW-0103,2026-07-27,Tempe Dental Associates,ChIJAOySFfjlvoEO,13,269,4.1,143,TRUE
KW-0103,2026-08-03,ASU Dental Partners,ChIJSJQKhUObDktM,6,386,3.7,102,TRUE
KW-0103,2026-08-03,Tempe Dental Associates,ChIJAOySFfjlvoEO,9,260,4.1,138,TRUE
KW-0103,2026-08-03,Arizona Smile Dental,ChIJ98Lm6EUGIAUm,8,184,3.9,122,TRUE
KW-0103,2026-08-10,ASU Dental Partners,ChIJSJQKhUObDktM,6,367,3.7,102,TRUE
KW-0103,2026-08-10,Tempe Dental Associates,ChIJAOySFfjlvoEO,7,255,4.1,139,TRUE
KW-0103,2026-08-10,Arizona Smile Dental,ChIJ98Lm6EUGIAUm,10,202,3.9,122,TRUE
KW-0103,2026-08-17,Tempe Dental Associates,ChIJAOySFfjlvoEO,3,266,4.1,138,TRUE
KW-0103,2026-08-17,Arizona Smile Dental,ChIJ98Lm6EUGIAUm,8,215,3.9,120,TRUE
KW-0103,2026-08-17,ASU Dental Partners,ChIJSJQKhUObDktM,10,378,3.7,100,TRUE
KW-0103,2026-08-24,Tempe Dental Associates,ChIJAOySFfjlvoEO,7,289,4.1,142,TRUE
KW-0103,2026-08-24,ASU Dental Partners,ChIJSJQKhUObDktM,10,391,3.7,100,TRUE
KW-0103,2026-08-24,Arizona Smile Dental,ChIJ98Lm6EUGIAUm,14,220,3.9,117,TRUE
KW-0103,2026-08-31,ASU Dental Partners,ChIJSJQKhUObDktM,5,395,3.7,102,TRUE
KW-0103,2026-08-31,Tempe Dental Associates,ChIJAOySFfjlvoEO,8,272,4.1,138,TRUE
KW-0103,2026-08-31,Arizona Smile Dental,ChIJ98Lm6EUGIAUm,14,225,3.9,118,TRUE
KW-0103,2026-09-07,Arizona Smile Dental,ChIJ98Lm6EUGIAUm,7,218,3.9,118,TRUE
KW-0103,2026-09-07,ASU Dental Partners,ChIJSJQKhUObDktM,12,387,3.7,100,TRUE
KW-0103,2026-09-07,Tempe Dental Associates,ChIJAOySFfjlvoEO,14,263,4.1,143,TRUE
KW-0104,2026-07-20,Premier Family Dentistry,ChIJollcxYOuczVa,19,126,3.8,99,TRUE
KW-0104,2026-07-20,Chandler Cosmetic Dental,ChIJkSqTAKOKmf0P,23,356,3.8,96,TRUE
KW-0104,2026-07-20,Chandler Dental Care,ChIJzUTiQry3PjNl,27,275,4.2,138,TRUE
KW-0104,2026-07-27,Chandler Cosmetic Dental,ChIJkSqTAKOKmf0P,22,359,3.8,97,TRUE
KW-0104,2026-07-27,Premier Family Dentistry,ChIJollcxYOuczVa,23,131,3.8,99,TRUE
KW-0104,2026-07-27,Chandler Dental Care,ChIJzUTiQry3PjNl,28,267,4.2,142,TRUE
KW-0104,2026-08-03,Chandler Cosmetic Dental,ChIJkSqTAKOKmf0P,26,355,3.8,96,TRUE
KW-0104,2026-08-03,Chandler Dental Care,ChIJzUTiQry3PjNl,28,276,4.2,142,TRUE
KW-0104,2026-08-03,Premier Family Dentistry,ChIJollcxYOuczVa,31,136,3.8,98,TRUE
KW-0104,2026-08-10,Chandler Cosmetic Dental,ChIJkSqTAKOKmf0P,22,365,3.8,95,TRUE
KW-0104,2026-08-10,Chandler Dental Care,ChIJzUTiQry3PjNl,29,295,4.2,141,TRUE
KW-0104,2026-08-10,Premier Family Dentistry,ChIJollcxYOuczVa,31,133,3.8,100,TRUE
KW-0104,2026-08-17,Premier Family Dentistry,ChIJollcxYOuczVa,22,137,3.8,101,TRUE
KW-0104,2026-08-17,Chandler Cosmetic Dental,ChIJkSqTAKOKmf0P,25,377,3.8,93,TRUE
KW-0104,2026-08-17,Chandler Dental Care,ChIJzUTiQry3PjNl,29,273,4.2,141,TRUE
KW-0104,2026-08-24,Premier Family Dentistry,ChIJollcxYOuczVa,19,121,3.8,97,TRUE
KW-0104,2026-08-24,Chandler Cosmetic Dental,ChIJkSqTAKOKmf0P,24,391,3.8,95,TRUE
KW-0104,2026-08-24,Chandler Dental Care,ChIJzUTiQry3PjNl,27,275,4.2,143,TRUE
KW-0104,2026-08-31,Premier Family Dentistry,ChIJollcxYOuczVa,22,123,3.8,96,TRUE
KW-0104,2026-08-31,Chandler Cosmetic Dental,ChIJkSqTAKOKmf0P,23,385,3.8,95,TRUE
KW-0104,2026-08-31,Chandler Dental Care,ChIJzUTiQry3PjNl,27,310,4.2,142,TRUE
KW-0104,2026-09-07,Premier Family Dentistry,ChIJollcxYOuczVa,22,125,3.8,97,TRUE
KW-0104,2026-09-07,Chandler Cosmetic Dental,ChIJkSqTAKOKmf0P,26,365,3.8,93,TRUE
KW-0104,2026-09-07,Chandler Dental Care,ChIJzUTiQry3PjNl,28,303,4.2,143,TRUE
KW-0105,2026-07-20,Chandler Dental Care,ChIJzUTiQry3PjNl,24,270,4.2,142,TRUE
KW-0105,2026-07-20,Premier Family Dentistry,ChIJollcxYOuczVa,28,121,3.8,97,TRUE
KW-0105,2026-07-20,Chandler Cosmetic Dental,ChIJkSqTAKOKmf0P,28,356,3.8,94,TRUE
KW-0105,2026-07-27,Chandler Cosmetic Dental,ChIJkSqTAKOKmf0P,24,371,3.8,94,TRUE
KW-0105,2026-07-27,Chandler Dental Care,ChIJzUTiQry3PjNl,28,285,4.2,143,TRUE
KW-0105,2026-07-27,Premier Family Dentistry,ChIJollcxYOuczVa,30,119,3.8,98,TRUE
KW-0105,2026-08-03,Premier Family Dentistry,ChIJollcxYOuczVa,26,129,3.8,97,TRUE
KW-0105,2026-08-03,Chandler Cosmetic Dental,ChIJkSqTAKOKmf0P,28,355,3.8,98,TRUE
KW-0105,2026-08-03,Chandler Dental Care,ChIJzUTiQry3PjNl,32,269,4.2,143,TRUE
KW-0105,2026-08-10,Premier Family Dentistry,ChIJollcxYOuczVa,27,133,3.8,96,TRUE
KW-0105,2026-08-10,Chandler Cosmetic Dental,ChIJkSqTAKOKmf0P,30,381,3.8,94,TRUE
KW-0105,2026-08-10,Chandler Dental Care,ChIJzUTiQry3PjNl,32,287,4.2,140,TRUE
KW-0105,2026-08-17,Premier Family Dentistry,ChIJollcxYOuczVa,26,146,3.8,100,TRUE
KW-0105,2026-08-17,Chandler Cosmetic Dental,ChIJkSqTAKOKmf0P,29,377,3.8,97,TRUE
KW-0105,2026-08-17,Chandler Dental Care,ChIJzUTiQry3PjNl,30,282,4.2,140,TRUE
KW-0105,2026-08-24,Chandler Cosmetic Dental,ChIJkSqTAKOKmf0P,28,371,3.8,96,TRUE
KW-0105,2026-08-24,Chandler Dental Care,ChIJzUTiQry3PjNl,30,305,4.2,141,TRUE
KW-0105,2026-08-24,Premier Family Dentistry,ChIJollcxYOuczVa,34,131,3.8,97,TRUE
KW-0105,2026-08-31,Chandler Cosmetic Dental,ChIJkSqTAKOKmf0P,25,363,3.8,97,TRUE
KW-0105,2026-08-31,Premier Family Dentistry,ChIJollcxYOuczVa,27,134,3.8,97,TRUE
KW-0105,2026-08-31,Chandler Dental Care,ChIJzUTiQry3PjNl,32,288,4.2,143,TRUE
KW-0105,2026-09-07,Premier Family Dentistry,ChIJollcxYOuczVa,29,149,3.8,100,TRUE
KW-0105,2026-09-07,Chandler Cosmetic Dental,ChIJkSqTAKOKmf0P,32,365,3.8,98,TRUE
KW-0105,2026-09-07,Chandler Dental Care,ChIJzUTiQry3PjNl,35,279,4.2,140,TRUE
KW-0106,2026-07-20,Chandler Dental Care,ChIJzUTiQry3PjNl,32,270,4.2,143,TRUE
KW-0106,2026-07-20,Chandler Cosmetic Dental,ChIJkSqTAKOKmf0P,32,366,3.8,94,TRUE
KW-0106,2026-07-20,Premier Family Dentistry,ChIJollcxYOuczVa,36,116,3.8,100,TRUE
KW-0106,2026-07-27,Chandler Cosmetic Dental,ChIJkSqTAKOKmf0P,28,359,3.8,97,TRUE
KW-0106,2026-07-27,Premier Family Dentistry,ChIJollcxYOuczVa,29,125,3.8,101,TRUE
KW-0106,2026-07-27,Chandler Dental Care,ChIJzUTiQry3PjNl,31,273,4.2,142,TRUE
KW-0106,2026-08-03,Chandler Dental Care,ChIJzUTiQry3PjNl,26,269,4.2,140,TRUE
KW-0106,2026-08-03,Premier Family Dentistry,ChIJollcxYOuczVa,28,115,3.8,98,TRUE
KW-0106,2026-08-03,Chandler Cosmetic Dental,ChIJkSqTAKOKmf0P,30,362,3.8,97,TRUE
KW-0106,2026-08-10,Premier Family Dentistry,ChIJollcxYOuczVa,25,125,3.8,99,TRUE
KW-0106,2026-08-10,Chandler Dental Care,ChIJzUTiQry3PjNl,29,279,4.2,139,TRUE
KW-0106,2026-08-10,Chandler Cosmetic Dental,ChIJkSqTAKOKmf0P,32,365,3.8,93,TRUE
KW-0106,2026-08-17,Chandler Cosmetic Dental,ChIJkSqTAKOKmf0P,31,377,3.8,97,TRUE
KW-0106,2026-08-17,Chandler Dental Care,ChIJzUTiQry3PjNl,34,282,4.2,141,TRUE
KW-0106,2026-08-17,Premier Family Dentistry,ChIJollcxYOuczVa,36,146,3.8,98,TRUE
KW-0106,2026-08-24,Chandler Cosmetic Dental,ChIJkSqTAKOKmf0P,28,361,3.8,98,TRUE
KW-0106,2026-08-24,Premier Family Dentistry,ChIJollcxYOuczVa,30,151,3.8,97,TRUE
KW-0106,2026-08-24,Chandler Dental Care,ChIJzUTiQry3PjNl,33,295,4.2,140,TRUE
KW-0106,2026-08-31,Premier Family Dentistry,ChIJollcxYOuczVa,28,123,3.8,100,TRUE
KW-0106,2026-08-31,Chandler Dental Care,ChIJzUTiQry3PjNl,29,288,4.2,140,TRUE
KW-0106,2026-08-31,Chandler Cosmetic Dental,ChIJkSqTAKOKmf0P,31,396,3.8,98,TRUE
KW-0106,2026-09-07,Premier Family Dentistry,ChIJollcxYOuczVa,26,161,3.8,101,TRUE
KW-0106,2026-09-07,Chandler Cosmetic Dental,ChIJkSqTAKOKmf0P,32,377,3.8,96,TRUE
KW-0106,2026-09-07,Chandler Dental Care,ChIJzUTiQry3PjNl,31,315,4.2,141,TRUE
KW-0107,2026-07-20,Chandler Dental Care,ChIJzUTiQry3PjNl,27,270,4.2,138,TRUE
KW-0107,2026-07-20,Premier Family Dentistry,ChIJollcxYOuczVa,32,126,3.8,98,TRUE
KW-0107,2026-07-20,Chandler Cosmetic Dental,ChIJkSqTAKOKmf0P,34,366,3.8,95,TRUE
KW-0107,2026-07-27,Chandler Dental Care,ChIJzUTiQry3PjNl,27,267,4.2,142,TRUE
KW-0107,2026-07-27,Premier Family Dentistry,ChIJollcxYOuczVa,32,131,3.8,97,TRUE
KW-0107,2026-07-27,Chandler Cosmetic Dental,ChIJkSqTAKOKmf0P,31,371,3.8,97,TRUE
KW-0107,2026-08-03,Chandler Dental Care,ChIJzUTiQry3PjNl,29,283,4.2,138,TRUE
KW-0107,2026-08-03,Premier Family Dentistry,ChIJollcxYOuczVa,33,115,3.8,98,TRUE
KW-0107,2026-08-03,Chandler Cosmetic Dental,ChIJkSqTAKOKmf0P,33,369,3.8,98,TRUE
KW-0107,2026-08-10,Chandler Cosmetic Dental,ChIJkSqTAKOKmf0P,32,381,3.8,94,TRUE
KW-0107,2026-08-10,Chandler Dental Care,ChIJzUTiQry3PjNl,33,279,4.2,139,TRUE
KW-0107,2026-08-10,Premier Family Dentistry,ChIJollcxYOuczVa,37,117,3.8,98,TRUE
KW-0107,2026-08-17,Premier Family Dentistry,ChIJollcxYOuczVa,30,119,3.8,97,TRUE
KW-0107,2026-08-17,Chandler Dental Care,ChIJzUTiQry3PjNl,34,300,4.2,140,TRUE
KW-0107,2026-08-17,Chandler Cosmetic Dental,ChIJkSqTAKOKmf0P,36,368,3.8,97,TRUE
KW-0107,2026-08-24,Chandler Cosmetic Dental,ChIJkSqTAKOKmf0P,30,371,3.8,96,TRUE
KW-0107,2026-08-24,Chandler Dental Care,ChIJzUTiQry3PjNl,32,305,4.2,141,TRUE
KW-0107,2026-08-24,Premier Family Dentistry,ChIJollcxYOuczVa,34,121,3.8,96,TRUE
KW-0107,2026-08-31,Premier Family Dentistry,ChIJollcxYOuczVa,32,145,3.8,97,TRUE
KW-0107,2026-08-31,Chandler Cosmetic Dental,ChIJkSqTAKOKmf0P,35,385,3.8,94,TRUE
KW-0107,2026-08-31,Chandler Dental Care,ChIJzUTiQry3PjNl,39,288,4.2,138,TRUE
KW-0107,2026-09-07,Chandler Cosmetic Dental,ChIJkSqTAKOKmf0P,26,365,3.8,95,TRUE
KW-0107,2026-09-07,Chandler Dental Care,ChIJzUTiQry3PjNl,32,291,4.2,143,TRUE
KW-0107,2026-09-07,Premier Family Dentistry,ChIJollcxYOuczVa,33,161,3.8,100,TRUE
KW-0108,2026-07-20,Premier Family Dentistry,ChIJollcxYOuczVa,30,116,3.8,100,TRUE
KW-0108,2026-07-20,Chandler Cosmetic Dental,ChIJkSqTAKOKmf0P,35,356,3.8,98,TRUE
KW-0108,2026-07-20,Chandler Dental Care,ChIJzUTiQry3PjNl,36,265,4.2,143,TRUE
KW-0108,2026-07-27,Premier Family Dentistry,ChIJollcxYOuczVa,33,119,3.8,99,TRUE
KW-0108,2026-07-27,Chandler Dental Care,ChIJzUTiQry3PjNl,35,279,4.2,141,TRUE
KW-0108,2026-07-27,Chandler Cosmetic Dental,ChIJkSqTAKOKmf0P,40,371,3.8,96,TRUE
KW-0108,2026-08-03,Chandler Dental Care,ChIJzUTiQry3PjNl,30,290,4.2,138,TRUE
KW-0108,2026-08-03,Premier Family Dentistry,ChIJollcxYOuczVa,33,129,3.8,100,TRUE
KW-0108,2026-08-03,Chandler Cosmetic Dental,ChIJkSqTAKOKmf0P,35,369,3.8,94,TRUE
KW-0108,2026-08-10,Premier Family Dentistry,ChIJollcxYOuczVa,29,125,3.8,96,TRUE
KW-0108,2026-08-10,Chandler Cosmetic Dental,ChIJkSqTAKOKmf0P,34,365,3.8,97,TRUE
KW-0108,2026-08-10,Chandler Dental Care,ChIJzUTiQry3PjNl,34,279,4.2,143,TRUE
KW-0108,2026-08-17,Chandler Cosmetic Dental,ChIJkSqTAKOKmf0P,33,386,3.8,96,TRUE
KW-0108,2026-08-17,Premier Family Dentistry,ChIJollcxYOuczVa,33,128,3.8,101,TRUE
KW-0108,2026-08-17,Chandler Dental Care,ChIJzUTiQry3PjNl,37,273,4.2,142,TRUE
KW-0108,2026-08-24,Chandler Dental Care,ChIJzUTiQry3PjNl,35,295,4.2,140,TRUE
KW-0108,2026-08-24,Premier Family Dentistry,ChIJollcxYOuczVa,36,131,3.8,97,TRUE
KW-0108,2026-08-24,Chandler Cosmetic Dental,ChIJkSqTAKOKmf0P,39,361,3.8,93,TRUE
KW-0108,2026-08-31,Chandler Cosmetic Dental,ChIJkSqTAKOKmf0P,30,363,3.8,95,TRUE
KW-0108,2026-08-31,Chandler Dental Care,ChIJzUTiQry3PjNl,33,288,4.2,140,TRUE
KW-0108,2026-08-31,Premier Family Dentistry,ChIJollcxYOuczVa,35,123,3.8,100,TRUE
KW-0108,2026-09-07,Chandler Dental Care,ChIJzUTiQry3PjNl,32,291,4.2,140,TRUE
KW-0108,2026-09-07,Chandler Cosmetic Dental,ChIJkSqTAKOKmf0P,34,365,3.8,97,TRUE
KW-0108,2026-09-07,Premier Family Dentistry,ChIJollcxYOuczVa,38,125,3.8,101,TRUE
KW-0109,2026-07-20,Chandler Cosmetic Dental,ChIJkSqTAKOKmf0P,29,351,3.8,94,TRUE
KW-0109,2026-07-20,Chandler Dental Care,ChIJzUTiQry3PjNl,28,280,4.2,139,TRUE
KW-0109,2026-07-20,Premier Family Dentistry,ChIJollcxYOuczVa,35,111,3.8,99,TRUE
KW-0109,2026-07-27,Chandler Cosmetic Dental,ChIJkSqTAKOKmf0P,30,359,3.8,93,TRUE
KW-0109,2026-07-27,Premier Family Dentistry,ChIJollcxYOuczVa,30,125,3.8,97,TRUE
KW-0109,2026-07-27,Chandler Dental Care,ChIJzUTiQry3PjNl,34,267,4.2,138,TRUE
KW-0109,2026-08-03,Chandler Dental Care,ChIJzUTiQry3PjNl,26,283,4.2,142,TRUE
KW-0109,2026-08-03,Premier Family Dentistry,ChIJollcxYOuczVa,28,129,3.8,96,TRUE
KW-0109,2026-08-03,Chandler Cosmetic Dental,ChIJkSqTAKOKmf0P,31,376,3.8,93,TRUE
KW-0109,2026-08-10,Premier Family Dentistry,ChIJollcxYOuczVa,25,133,3.8,101,TRUE
KW-0109,2026-08-10,Chandler Dental Care,ChIJzUTiQry3PjNl,31,287,4.2,140,TRUE
KW-0109,2026-08-10,Chandler Cosmetic Dental,ChIJkSqTAKOKmf0P,35,365,3.8,97,TRUE
KW-0109,2026-08-17,Premier Family Dentistry,ChIJollcxYOuczVa,27,146,3.8,99,TRUE
KW-0109,2026-08-17,Chandler Cosmetic Dental,ChIJkSqTAKOKmf0P,28,368,3.8,96,TRUE
KW-0109,2026-08-17,Chandler Dental Care,ChIJzUTiQry3PjNl,31,300,4.2,139,TRUE
KW-0109,2026-08-24,Chandler Dental Care,ChIJzUTiQry3PjNl,27,305,4.2,141,TRUE
KW-0109,2026-08-24,Premier Family Dentistry,ChIJollcxYOuczVa,29,121,3.8,98,TRUE
KW-0109,2026-08-24,Chandler Cosmetic Dental,ChIJkSqTAKOKmf0P,34,371,3.8,96,TRUE
KW-0109,2026-08-31,Chandler Dental Care,ChIJzUTiQry3PjNl,24,288,4.2,139,TRUE
KW-0109,2026-08-31,Premier Family Dentistry,ChIJollcxYOuczVa,27,156,3.8,96,TRUE
KW-0109,2026-08-31,Chandler Cosmetic Dental,ChIJkSqTAKOKmf0P,30,396,3.8,96,TRUE
KW-0109,2026-09-07,Premier Family Dentistry,ChIJollcxYOuczVa,23,125,3.8,98,TRUE
KW-0109,2026-09-07,Chandler Cosmetic Dental,ChIJkSqTAKOKmf0P,26,365,3.8,96,TRUE
KW-0109,2026-09-07,Chandler Dental Care,ChIJzUTiQry3PjNl,29,303,4.2,139,TRUE
KW-0110,2026-07-20,Chandler Cosmetic Dental,ChIJkSqTAKOKmf0P,37,356,3.8,93,TRUE
KW-0110,2026-07-20,Chandler Dental Care,ChIJzUTiQry3PjNl,40,280,4.2,139,TRUE
KW-0110,2026-07-20,Premier Family Dentistry,ChIJollcxYOuczVa,42,126,3.8,96,TRUE
KW-0110,2026-07-27,Premier Family Dentistry,ChIJollcxYOuczVa,33,131,3.8,96,TRUE
KW-0110,2026-07-27,Chandler Cosmetic Dental,ChIJkSqTAKOKmf0P,37,359,3.8,93,TRUE
KW-0110,2026-07-27,Chandler Dental Care,ChIJzUTiQry3PjNl,38,273,4.2,141,TRUE
KW-0110,2026-08-03,Chandler Cosmetic Dental,ChIJkSqTAKOKmf0P,34,355,3.8,95,TRUE
KW-0110,2026-08-03,Chandler Dental Care,ChIJzUTiQry3PjNl,38,276,4.2,143,TRUE
KW-0110,2026-08-03,Premier Family Dentistry,ChIJollcxYOuczVa,41,122,3.8,99,TRUE
KW-0110,2026-08-10,Premier Family Dentistry,ChIJollcxYOuczVa,29,117,3.8,98,TRUE
KW-0110,2026-08-10,Chandler Cosmetic Dental,ChIJkSqTAKOKmf0P,35,365,3.8,97,TRUE
KW-0110,2026-08-10,Chandler Dental Care,ChIJzUTiQry3PjNl,34,295,4.2,139,TRUE
KW-0110,2026-08-17,Chandler Cosmetic Dental,ChIJkSqTAKOKmf0P,30,368,3.8,93,TRUE
KW-0110,2026-08-17,Chandler Dental Care,ChIJzUTiQry3PjNl,33,300,4.2,143,TRUE
KW-0110,2026-08-17,Premier Family Dentistry,ChIJollcxYOuczVa,40,119,3.8,99,TRUE
KW-0110,2026-08-24,Chandler Cosmetic Dental,ChIJkSqTAKOKmf0P,33,381,3.8,97,TRUE
KW-0110,2026-08-24,Premier Family Dentistry,ChIJollcxYOuczVa,37,121,3.8,98,TRUE
KW-0110,2026-08-24,Chandler Dental Care,ChIJzUTiQry3PjNl,37,275,4.2,141,TRUE
KW-0110,2026-08-31,Chandler Dental Care,ChIJzUTiQry3PjNl,32,299,4.2,142,TRUE
KW-0110,2026-08-31,Premier Family Dentistry,ChIJollcxYOuczVa,32,123,3.8,96,TRUE
KW-0110,2026-08-31,Chandler Cosmetic Dental,ChIJkSqTAKOKmf0P,35,396,3.8,94,TRUE
KW-0110,2026-09-07,Chandler Cosmetic Dental,ChIJkSqTAKOKmf0P,35,401,3.8,94,TRUE
KW-0110,2026-09-07,Premier Family Dentistry,ChIJollcxYOuczVa,38,161,3.8,98,TRUE
KW-0110,2026-09-07,Chandler Dental Care,ChIJzUTiQry3PjNl,43,291,4.2,143,TRUE
KW-0111,2026-07-20,Chandler Dental Care,ChIJzUTiQry3PjNl,35,270,4.2,141,TRUE
KW-0111,2026-07-20,Premier Family Dentistry,ChIJollcxYOuczVa,36,111,3.8,100,TRUE
KW-0111,2026-07-20,Chandler Cosmetic Dental,ChIJkSqTAKOKmf0P,38,366,3.8,97,TRUE
KW-0111,2026-07-27,Chandler Cosmetic Dental,ChIJkSqTAKOKmf0P,32,371,3.8,93,TRUE
KW-0111,2026-07-27,Chandler Dental Care,ChIJzUTiQry3PjNl,37,279,4.2,139,TRUE
KW-0111,2026-07-27,Premier Family Dentistry,ChIJollcxYOuczVa,39,113,3.8,99,TRUE
KW-0111,2026-08-03,Chandler Cosmetic Dental,ChIJkSqTAKOKmf0P,33,355,3.8,96,TRUE
KW-0111,2026-08-03,Chandler Dental Care,ChIJzUTiQry3PjNl,36,283,4.2,142,TRUE
KW-0111,2026-08-03,Premier Family Dentistry,ChIJollcxYOuczVa,36,129,3.8,101,TRUE
KW-0111,2026-08-10,Chandler Dental Care,ChIJzUTiQry3PjNl,34,287,4.2,143,TRUE
KW-0111,2026-08-10,Chandler Cosmetic Dental,ChIJkSqTAKOKmf0P,39,373,3.8,97,TRUE
KW-0111,2026-08-10,Premier Family Dentistry,ChIJollcxYOuczVa,41,141,3.8,97,TRUE
KW-0111,2026-08-17,Chandler Cosmetic Dental,ChIJkSqTAKOKmf0P,37,368,3.8,97,TRUE
KW-0111,2026-08-17,Chandler Dental Care,ChIJzUTiQry3PjNl,39,282,4.2,140,TRUE
KW-0111,2026-08-17,Premier Family Dentistry,ChIJollcxYOuczVa,41,146,3.8,98,TRUE
KW-0111,2026-08-24,Chandler Cosmetic Dental,ChIJkSqTAKOKmf0P,29,381,3.8,96,TRUE
KW-0111,2026-08-24,Chandler Dental Care,ChIJzUTiQry3PjNl,34,275,4.2,143,TRUE
KW-0111,2026-08-24,Premier Family Dentistry,ChIJollcxYOuczVa,36,151,3.8,96,TRUE
KW-0111,2026-08-31,Chandler Cosmetic Dental,ChIJkSqTAKOKmf0P,31,385,3.8,95,TRUE
KW-0111,2026-08-31,Premier Family Dentistry,ChIJollcxYOuczVa,34,145,3.8,98,TRUE
KW-0111,2026-08-31,Chandler Dental Care,ChIJzUTiQry3PjNl,35,299,4.2,141,TRUE
KW-0111,2026-09-07,Chandler Dental Care,ChIJzUTiQry3PjNl,34,303,4.2,142,TRUE
KW-0111,2026-09-07,Chandler Cosmetic Dental,ChIJkSqTAKOKmf0P,37,389,3.8,95,TRUE
KW-0111,2026-09-07,Premier Family Dentistry,ChIJollcxYOuczVa,41,137,3.8,101,TRUE
KW-0112,2026-07-20,Chandler Cosmetic Dental,ChIJkSqTAKOKmf0P,26,366,3.8,96,TRUE
KW-0112,2026-07-20,Chandler Dental Care,ChIJzUTiQry3PjNl,31,275,4.2,143,TRUE
KW-0112,2026-07-20,Premier Family Dentistry,ChIJollcxYOuczVa,35,126,3.8,100,TRUE
KW-0112,2026-07-27,Chandler Dental Care,ChIJzUTiQry3PjNl,27,273,4.2,141,TRUE
KW-0112,2026-07-27,Chandler Cosmetic Dental,ChIJkSqTAKOKmf0P,28,371,3.8,98,TRUE
KW-0112,2026-07-27,Premier Family Dentistry,ChIJollcxYOuczVa,30,131,3.8,101,TRUE
KW-0112,2026-08-03,Chandler Cosmetic Dental,ChIJkSqTAKOKmf0P,26,369,3.8,94,TRUE
KW-0112,2026-08-03,Premier Family Dentistry,ChIJollcxYOuczVa,30,122,3.8,101,TRUE
KW-0112,2026-08-03,Chandler Dental Care,ChIJzUTiQry3PjNl,32,276,4.2,138,TRUE
KW-0112,2026-08-10,Chandler Cosmetic Dental,ChIJkSqTAKOKmf0P,28,381,3.8,95,TRUE
KW-0112,2026-08-10,Chandler Dental Care,ChIJzUTiQry3PjNl,31,271,4.2,142,TRUE
KW-0112,2026-08-10,Premier Family Dentistry,ChIJollcxYOuczVa,35,133,3.8,98,TRUE
KW-0112,2026-08-17,Premier Family Dentistry,ChIJollcxYOuczVa,25,128,3.8,101,TRUE
KW-0112,2026-08-17,Chandler Cosmetic Dental,ChIJkSqTAKOKmf0P,30,377,3.8,93,TRUE
KW-0112,2026-08-17,Chandler Dental Care,ChIJzUTiQry3PjNl,35,300,4.2,141,TRUE
KW-0112,2026-08-24,Chandler Cosmetic Dental,ChIJkSqTAKOKmf0P,29,361,3.8,95,TRUE
KW-0112,2026-08-24,Chandler Dental Care,ChIJzUTiQry3PjNl,32,275,4.2,142,TRUE
KW-0112,2026-08-24,Premier Family Dentistry,ChIJollcxYOuczVa,36,121,3.8,98,TRUE
KW-0112,2026-08-31,Premier Family Dentistry,ChIJollcxYOuczVa,32,123,3.8,98,TRUE
KW-0112,2026-08-31,Chandler Dental Care,ChIJzUTiQry3PjNl,32,299,4.2,140,TRUE
KW-0112,2026-08-31,Chandler Cosmetic Dental,ChIJkSqTAKOKmf0P,33,374,3.8,96,TRUE
KW-0112,2026-09-07,Chandler Cosmetic Dental,ChIJkSqTAKOKmf0P,25,389,3.8,96,TRUE
KW-0112,2026-09-07,Chandler Dental Care,ChIJzUTiQry3PjNl,30,291,4.2,143,TRUE
KW-0112,2026-09-07,Premier Family Dentistry,ChIJollcxYOuczVa,33,125,3.8,101,TRUE
