keyword_id,location_id,week_start,rank_absolute,rank_in_local_pack,found,result_url
KW-0001,LOC-001,2026-06-15,12,,TRUE,https://brightpathdental.com/austin-mueller
KW-0001,LOC-001,2026-06-22,8,,TRUE,https://maps.google.com/?cid=977508740511756
KW-0001,LOC-001,2026-06-29,12,,TRUE,https://brightpathdental.com/austin-mueller
KW-0001,LOC-001,2026-07-06,8,,TRUE,https://brightpathdental.com/austin-mueller
KW-0001,LOC-001,2026-07-13,8,,TRUE,https://brightpathdental.com/austin-mueller
KW-0001,LOC-001,2026-07-20,10,,TRUE,https://maps.google.com/?cid=426417293759503
KW-0001,LOC-001,2026-07-27,12,,TRUE,https://maps.google.com/?cid=119224632464344
KW-0001,LOC-001,2026-08-03,11,,TRUE,https://brightpathdental.com/austin-mueller
KW-0001,LOC-001,2026-08-10,13,,TRUE,https://brightpathdental.com/austin-mueller
KW-0001,LOC-001,2026-08-17,11,,TRUE,https://brightpathdental.com/austin-mueller
KW-0001,LOC-001,2026-08-24,11,,TRUE,https://brightpathdental.com/austin-mueller
KW-0001,LOC-001,2026-08-31,9,,TRUE,https://brightpathdental.com/austin-mueller
KW-0001,LOC-001,2026-09-07,12,,TRUE,https://brightpathdental.com/austin-mueller
KW-0002,LOC-001,2026-06-15,6,,TRUE,https://brightpathdental.com/austin-mueller
KW-0002,LOC-001,2026-06-22,7,,TRUE,https://maps.google.com/?cid=445365157976231
KW-0002,LOC-001,2026-06-29,10,,TRUE,https://brightpathdental.com/austin-mueller
KW-0002,LOC-001,2026-07-06,10,,TRUE,https://maps.google.com/?cid=526925864170953
KW-0002,LOC-001,2026-07-13,8,,TRUE,https://brightpathdental.com/austin-mueller
KW-0002,LOC-001,2026-07-20,11,,TRUE,https://brightpathdental.com/austin-mueller
KW-0002,LOC-001,2026-07-27,11,,TRUE,https://brightpathdental.com/austin-mueller
KW-0002,LOC-001,2026-08-03,8,,TRUE,https://maps.google.com/?cid=503162266851598
KW-0002,LOC-001,2026-08-10,9,,TRUE,https://brightpathdental.com/austin-mueller
KW-0002,LOC-001,2026-08-17,9,,TRUE,https://brightpathdental.com/austin-mueller
KW-0002,LOC-001,2026-08-24,6,,TRUE,https://brightpathdental.com/austin-mueller
KW-0002,LOC-001,2026-08-31,6,,TRUE,https://brightpathdental.com/austin-mueller
KW-0002,LOC-001,2026-09-07,7,,TRUE,https://brightpathdental.com/austin-mueller
KW-0003,LOC-001,2026-06-15,6,,TRUE,https://brightpathdental.com/austin-mueller
KW-0003,LOC-001,2026-06-22,6,,TRUE,https://brightpathdental.com/austin-mueller
KW-0003,LOC-001,2026-06-29,7,,TRUE,https://brightpathdental.com/austin-mueller
KW-0003,LOC-001,2026-07-06,7,,TRUE,https://brightpathdental.com/austin-mueller
KW-0003,LOC-001,2026-07-13,9,,TRUE,https://brightpathdental.com/austin-mueller
KW-0003,LOC-001,2026-07-20,6,,TRUE,https://brightpathdental.com/austin-mueller
KW-0003,LOC-001,2026-07-27,9,,TRUE,https://maps.google.com/?cid=917350015944850
KW-0003,LOC-001,2026-08-03,9,,TRUE,https://brightpathdental.com/austin-mueller
KW-0003,LOC-001,2026-08-10,5,,TRUE,https://maps.google.com/?cid=401043672332739
KW-0003,LOC-001,2026-08-17,9,,TRUE,https://brightpathdental.com/austin-mueller
KW-0003,LOC-001,2026-08-24,9,,TRUE,https://brightpathdental.com/austin-mueller
KW-0003,LOC-001,2026-08-31,9,,TRUE,https://brightpathdental.com/austin-mueller
KW-0003,LOC-001,2026-09-07,6,,TRUE,https://brightpathdental.com/austin-mueller
KW-0004,LOC-001,2026-06-15,6,,TRUE,https://brightpathdental.com/austin-mueller
KW-0004,LOC-001,2026-06-22,6,,TRUE,https://brightpathdental.com/austin-mueller
KW-0004,LOC-001,2026-06-29,,,FALSE,https://brightpathdental.com/austin-mueller
KW-0004,LOC-001,2026-07-06,8,,TRUE,https://maps.google.com/?cid=115846043783907
KW-0004,LOC-001,2026-07-13,5,,TRUE,https://maps.google.com/?cid=798238077634046
KW-0004,LOC-001,2026-07-20,4,,TRUE,https://brightpathdental.com/austin-mueller
KW-0004,LOC-001,2026-07-27,9,,TRUE,https://brightpathdental.com/austin-mueller
KW-0004,LOC-001,2026-08-03,6,,TRUE,https://maps.google.com/?cid=219228398510286
KW-0004,LOC-001,2026-08-10,5,,TRUE,https://brightpathdental.com/austin-mueller
KW-0004,LOC-001,2026-08-17,8,,TRUE,https://brightpathdental.com/austin-mueller
KW-0004,LOC-001,2026-08-24,4,,TRUE,https://brightpathdental.com/austin-mueller
KW-0004,LOC-001,2026-08-31,,,FALSE,https://brightpathdental.com/austin-mueller
KW-0004,LOC-001,2026-09-07,5,,TRUE,https://maps.google.com/?cid=660968727992553
KW-0005,LOC-001,2026-06-15,3,3,TRUE,https://brightpathdental.com/austin-mueller
KW-0005,LOC-001,2026-06-22,4,,TRUE,https://brightpathdental.com/austin-mueller
KW-0005,LOC-001,2026-06-29,7,,TRUE,https://brightpathdental.com/austin-mueller
KW-0005,LOC-001,2026-07-06,3,3,TRUE,https://brightpathdental.com/austin-mueller
KW-0005,LOC-001,2026-07-13,3,3,TRUE,https://maps.google.com/?cid=122043581411030
KW-0005,LOC-001,2026-07-20,6,,TRUE,https://brightpathdental.com/austin-mueller
KW-0005,LOC-001,2026-07-27,4,,TRUE,https://brightpathdental.com/austin-mueller
KW-0005,LOC-001,2026-08-03,4,,TRUE,https://maps.google.com/?cid=806687530695171
KW-0005,LOC-001,2026-08-10,8,,TRUE,https://maps.google.com/?cid=585596450857034
KW-0005,LOC-001,2026-08-17,4,,TRUE,https://brightpathdental.com/austin-mueller
KW-0005,LOC-001,2026-08-24,5,,TRUE,https://brightpathdental.com/austin-mueller
KW-0005,LOC-001,2026-08-31,4,,TRUE,https://brightpathdental.com/austin-mueller
KW-0005,LOC-001,2026-09-07,6,,TRUE,https://brightpathdental.com/austin-mueller
KW-0006,LOC-001,2026-06-15,9,,TRUE,https://brightpathdental.com/austin-mueller
KW-0006,LOC-001,2026-06-22,12,,TRUE,https://brightpathdental.com/austin-mueller
KW-0006,LOC-001,2026-06-29,7,,TRUE,https://brightpathdental.com/austin-mueller
KW-0006,LOC-001,2026-07-06,8,,TRUE,https://brightpathdental.com/austin-mueller
KW-0006,LOC-001,2026-07-13,7,,TRUE,https://brightpathdental.com/austin-mueller
KW-0006,LOC-001,2026-07-20,12,,TRUE,https://brightpathdental.com/austin-mueller
KW-0006,LOC-001,2026-07-27,11,,TRUE,https://brightpathdental.com/austin-mueller
KW-0006,LOC-001,2026-08-03,8,,TRUE,https://brightpathdental.com/austin-mueller
KW-0006,LOC-001,2026-08-10,7,,TRUE,https://brightpathdental.com/austin-mueller
KW-0006,LOC-001,2026-08-17,12,,TRUE,https://brightpathdental.com/austin-mueller
KW-0006,LOC-001,2026-08-24,12,,TRUE,https://brightpathdental.com/austin-mueller
KW-0006,LOC-001,2026-08-31,12,,TRUE,https://brightpathdental.com/austin-mueller
KW-0006,LOC-001,2026-09-07,12,,TRUE,https://brightpathdental.com/austin-mueller
KW-0007,LOC-001,2026-06-15,8,,TRUE,https://brightpathdental.com/austin-mueller
KW-0007,LOC-001,2026-06-22,8,,TRUE,https://maps.google.com/?cid=967812568936302
KW-0007,LOC-001,2026-06-29,7,,TRUE,https://brightpathdental.com/austin-mueller
KW-0007,LOC-001,2026-07-06,10,,TRUE,https://brightpathdental.com/austin-mueller
KW-0007,LOC-001,2026-07-13,7,,TRUE,https://brightpathdental.com/austin-mueller
KW-0007,LOC-001,2026-07-20,11,,TRUE,https://brightpathdental.com/austin-mueller
KW-0007,LOC-001,2026-07-27,11,,TRUE,https://brightpathdental.com/austin-mueller
KW-0007,LOC-001,2026-08-03,11,,TRUE,https://maps.google.com/?cid=331511869351120
KW-0007,LOC-001,2026-08-10,7,,TRUE,https://maps.google.com/?cid=139757580690801
KW-0007,LOC-001,2026-08-17,6,,TRUE,https://brightpathdental.com/austin-mueller
KW-0007,LOC-001,2026-08-24,10,,TRUE,https://brightpathdental.com/austin-mueller
KW-0007,LOC-001,2026-08-31,9,,TRUE,https://maps.google.com/?cid=515574975892479
KW-0007,LOC-001,2026-09-07,9,,TRUE,https://brightpathdental.com/austin-mueller
KW-0008,LOC-001,2026-06-15,12,,TRUE,https://maps.google.com/?cid=293577001744308
KW-0008,LOC-001,2026-06-22,12,,TRUE,https://brightpathdental.com/austin-mueller
KW-0008,LOC-001,2026-06-29,9,,TRUE,https://brightpathdental.com/austin-mueller
KW-0008,LOC-001,2026-07-06,11,,TRUE,https://brightpathdental.com/austin-mueller
KW-0008,LOC-001,2026-07-13,10,,TRUE,https://brightpathdental.com/austin-mueller
KW-0008,LOC-001,2026-07-20,8,,TRUE,https://brightpathdental.com/austin-mueller
KW-0008,LOC-001,2026-07-27,9,,TRUE,https://brightpathdental.com/austin-mueller
KW-0008,LOC-001,2026-08-03,9,,TRUE,https://brightpathdental.com/austin-mueller
KW-0008,LOC-001,2026-08-10,12,,TRUE,https://brightpathdental.com/austin-mueller
KW-0008,LOC-001,2026-08-17,12,,TRUE,https://maps.google.com/?cid=343243844979674
KW-0008,LOC-001,2026-08-24,12,,TRUE,https://maps.google.com/?cid=927777511201430
KW-0008,LOC-001,2026-08-31,10,,TRUE,https://brightpathdental.com/austin-mueller
KW-0008,LOC-001,2026-09-07,,,FALSE,https://brightpathdental.com/austin-mueller
KW-0009,LOC-001,2026-06-15,13,,TRUE,https://maps.google.com/?cid=736730459813997
KW-0009,LOC-001,2026-06-22,12,,TRUE,https://brightpathdental.com/austin-mueller
KW-0009,LOC-001,2026-06-29,13,,TRUE,https://brightpathdental.com/austin-mueller
KW-0009,LOC-001,2026-07-06,11,,TRUE,https://maps.google.com/?cid=416687575525487
KW-0009,LOC-001,2026-07-13,12,,TRUE,https://brightpathdental.com/austin-mueller
KW-0009,LOC-001,2026-07-20,,,FALSE,https://brightpathdental.com/austin-mueller
KW-0009,LOC-001,2026-07-27,13,,TRUE,https://maps.google.com/?cid=745122618027925
KW-0009,LOC-001,2026-08-03,11,,TRUE,https://brightpathdental.com/austin-mueller
KW-0009,LOC-001,2026-08-10,12,,TRUE,https://brightpathdental.com/austin-mueller
KW-0009,LOC-001,2026-08-17,12,,TRUE,https://maps.google.com/?cid=299997188238035
KW-0009,LOC-001,2026-08-24,9,,TRUE,https://brightpathdental.com/austin-mueller
KW-0009,LOC-001,2026-08-31,9,,TRUE,https://maps.google.com/?cid=643904856880704
KW-0009,LOC-001,2026-09-07,13,,TRUE,https://brightpathdental.com/austin-mueller
KW-0010,LOC-001,2026-06-15,12,,TRUE,https://maps.google.com/?cid=991139531092584
KW-0010,LOC-001,2026-06-22,12,,TRUE,https://maps.google.com/?cid=860799543701371
KW-0010,LOC-001,2026-06-29,15,,TRUE,https://brightpathdental.com/austin-mueller
KW-0010,LOC-001,2026-07-06,15,,TRUE,https://brightpathdental.com/austin-mueller
KW-0010,LOC-001,2026-07-13,12,,TRUE,https://brightpathdental.com/austin-mueller
KW-0010,LOC-001,2026-07-20,10,,TRUE,https://brightpathdental.com/austin-mueller
KW-0010,LOC-001,2026-07-27,10,,TRUE,https://brightpathdental.com/austin-mueller
KW-0010,LOC-001,2026-08-03,12,,TRUE,https://brightpathdental.com/austin-mueller
KW-0010,LOC-001,2026-08-10,10,,TRUE,https://brightpathdental.com/austin-mueller
KW-0010,LOC-001,2026-08-17,10,,TRUE,https://brightpathdental.com/austin-mueller
KW-0010,LOC-001,2026-08-24,13,,TRUE,https://brightpathdental.com/austin-mueller
KW-0010,LOC-001,2026-08-31,15,,TRUE,https://brightpathdental.com/austin-mueller
KW-0010,LOC-001,2026-09-07,14,,TRUE,https://brightpathdental.com/austin-mueller
KW-0011,LOC-002,2026-06-15,16,,TRUE,https://brightpathdental.com/austin-south-lamar
KW-0011,LOC-002,2026-06-22,17,,TRUE,https://brightpathdental.com/austin-south-lamar
KW-0011,LOC-002,2026-06-29,13,,TRUE,https://brightpathdental.com/austin-south-lamar
KW-0011,LOC-002,2026-07-06,16,,TRUE,https://brightpathdental.com/austin-south-lamar
KW-0011,LOC-002,2026-07-13,,,FALSE,https://brightpathdental.com/austin-south-lamar
KW-0011,LOC-002,2026-07-20,14,,TRUE,https://brightpathdental.com/austin-south-lamar
KW-0011,LOC-002,2026-07-27,15,,TRUE,https://brightpathdental.com/austin-south-lamar
KW-0011,LOC-002,2026-08-03,18,,TRUE,https://brightpathdental.com/austin-south-lamar
KW-0011,LOC-002,2026-08-10,17,,TRUE,https://maps.google.com/?cid=284179546581599
KW-0011,LOC-002,2026-08-17,18,,TRUE,https://brightpathdental.com/austin-south-lamar
KW-0011,LOC-002,2026-08-24,13,,TRUE,https://maps.google.com/?cid=999598861825919
KW-0011,LOC-002,2026-08-31,17,,TRUE,https://brightpathdental.com/austin-south-lamar
KW-0011,LOC-002,2026-09-07,17,,TRUE,https://brightpathdental.com/austin-south-lamar
KW-0012,LOC-002,2026-06-15,12,,TRUE,https://maps.google.com/?cid=700763612318535
KW-0012,LOC-002,2026-06-22,15,,TRUE,https://maps.google.com/?cid=858144721168088
KW-0012,LOC-002,2026-06-29,10,,TRUE,https://maps.google.com/?cid=685544985548246
KW-0012,LOC-002,2026-07-06,10,,TRUE,https://brightpathdental.com/austin-south-lamar
KW-0012,LOC-002,2026-07-13,15,,TRUE,https://brightpathdental.com/austin-south-lamar
KW-0012,LOC-002,2026-07-20,13,,TRUE,https://maps.google.com/?cid=755606123027252
KW-0012,LOC-002,2026-07-27,12,,TRUE,https://brightpathdental.com/austin-south-lamar
KW-0012,LOC-002,2026-08-03,10,,TRUE,https://maps.google.com/?cid=192690180134928
KW-0012,LOC-002,2026-08-10,12,,TRUE,https://maps.google.com/?cid=579791220137975
KW-0012,LOC-002,2026-08-17,14,,TRUE,https://brightpathdental.com/austin-south-lamar
KW-0012,LOC-002,2026-08-24,12,,TRUE,https://brightpathdental.com/austin-south-lamar
KW-0012,LOC-002,2026-08-31,12,,TRUE,https://maps.google.com/?cid=739520797591094
KW-0012,LOC-002,2026-09-07,12,,TRUE,https://maps.google.com/?cid=415905894806715
KW-0013,LOC-002,2026-06-15,16,,TRUE,https://maps.google.com/?cid=764241691884401
KW-0013,LOC-002,2026-06-22,13,,TRUE,https://brightpathdental.com/austin-south-lamar
KW-0013,LOC-002,2026-06-29,17,,TRUE,https://brightpathdental.com/austin-south-lamar
KW-0013,LOC-002,2026-07-06,13,,TRUE,https://brightpathdental.com/austin-south-lamar
KW-0013,LOC-002,2026-07-13,17,,TRUE,https://maps.google.com/?cid=222773060952190
KW-0013,LOC-002,2026-07-20,16,,TRUE,https://brightpathdental.com/austin-south-lamar
KW-0013,LOC-002,2026-07-27,15,,TRUE,https://brightpathdental.com/austin-south-lamar
KW-0013,LOC-002,2026-08-03,14,,TRUE,https://brightpathdental.com/austin-south-lamar
KW-0013,LOC-002,2026-08-10,12,,TRUE,https://brightpathdental.com/austin-south-lamar
KW-0013,LOC-002,2026-08-17,17,,TRUE,https://maps.google.com/?cid=710414876040151
KW-0013,LOC-002,2026-08-24,12,,TRUE,https://brightpathdental.com/austin-south-lamar
KW-0013,LOC-002,2026-08-31,14,,TRUE,https://brightpathdental.com/austin-south-lamar
KW-0013,LOC-002,2026-09-07,13,,TRUE,https://brightpathdental.com/austin-south-lamar
KW-0014,LOC-002,2026-06-15,13,,TRUE,https://brightpathdental.com/austin-south-lamar
KW-0014,LOC-002,2026-06-22,16,,TRUE,https://brightpathdental.com/austin-south-lamar
KW-0014,LOC-002,2026-06-29,14,,TRUE,https://brightpathdental.com/austin-south-lamar
KW-0014,LOC-002,2026-07-06,16,,TRUE,https://maps.google.com/?cid=611980621243781
KW-0014,LOC-002,2026-07-13,,,FALSE,https://maps.google.com/?cid=345777566455318
KW-0014,LOC-002,2026-07-20,11,,TRUE,https://brightpathdental.com/austin-south-lamar
KW-0014,LOC-002,2026-07-27,14,,TRUE,https://brightpathdental.com/austin-south-lamar
KW-0014,LOC-002,2026-08-03,15,,TRUE,https://brightpathdental.com/austin-south-lamar
KW-0014,LOC-002,2026-08-10,11,,TRUE,https://brightpathdental.com/austin-south-lamar
KW-0014,LOC-002,2026-08-17,13,,TRUE,https://brightpathdental.com/austin-south-lamar
KW-0014,LOC-002,2026-08-24,,,FALSE,https://brightpathdental.com/austin-south-lamar
KW-0014,LOC-002,2026-08-31,12,,TRUE,https://brightpathdental.com/austin-south-lamar
KW-0014,LOC-002,2026-09-07,11,,TRUE,https://maps.google.com/?cid=268359532935022
KW-0015,LOC-002,2026-06-15,15,,TRUE,https://brightpathdental.com/austin-south-lamar
KW-0015,LOC-002,2026-06-22,18,,TRUE,https://brightpathdental.com/austin-south-lamar
KW-0015,LOC-002,2026-06-29,17,,TRUE,https://maps.google.com/?cid=797666357735603
KW-0015,LOC-002,2026-07-06,15,,TRUE,https://maps.google.com/?cid=234427252864512
KW-0015,LOC-002,2026-07-13,14,,TRUE,https://maps.google.com/?cid=995181595826809
KW-0015,LOC-002,2026-07-20,17,,TRUE,https://brightpathdental.com/austin-south-lamar
KW-0015,LOC-002,2026-07-27,18,,TRUE,https://brightpathdental.com/austin-south-lamar
KW-0015,LOC-002,2026-08-03,15,,TRUE,https://maps.google.com/?cid=655085131996002
KW-0015,LOC-002,2026-08-10,17,,TRUE,https://brightpathdental.com/austin-south-lamar
KW-0015,LOC-002,2026-08-17,17,,TRUE,https://brightpathdental.com/austin-south-lamar
KW-0015,LOC-002,2026-08-24,19,,TRUE,https://brightpathdental.com/austin-south-lamar
KW-0015,LOC-002,2026-08-31,14,,TRUE,https://brightpathdental.com/austin-south-lamar
KW-0015,LOC-002,2026-09-07,16,,TRUE,https://brightpathdental.com/austin-south-lamar
KW-0016,LOC-002,2026-06-15,15,,TRUE,https://brightpathdental.com/austin-south-lamar
KW-0016,LOC-002,2026-06-22,12,,TRUE,https://brightpathdental.com/austin-south-lamar
KW-0016,LOC-002,2026-06-29,17,,TRUE,https://maps.google.com/?cid=469587253103680
KW-0016,LOC-002,2026-07-06,14,,TRUE,https://brightpathdental.com/austin-south-lamar
KW-0016,LOC-002,2026-07-13,15,,TRUE,https://brightpathdental.com/austin-south-lamar
KW-0016,LOC-002,2026-07-20,15,,TRUE,https://maps.google.com/?cid=260385011581812
KW-0016,LOC-002,2026-07-27,12,,TRUE,https://maps.google.com/?cid=939150361297062
KW-0016,LOC-002,2026-08-03,,,FALSE,https://brightpathdental.com/austin-south-lamar
KW-0016,LOC-002,2026-08-10,14,,TRUE,https://brightpathdental.com/austin-south-lamar
KW-0016,LOC-002,2026-08-17,13,,TRUE,https://brightpathdental.com/austin-south-lamar
KW-0016,LOC-002,2026-08-24,13,,TRUE,https://maps.google.com/?cid=212981660330102
KW-0016,LOC-002,2026-08-31,13,,TRUE,https://brightpathdental.com/austin-south-lamar
KW-0016,LOC-002,2026-09-07,15,,TRUE,https://maps.google.com/?cid=531261726938830
KW-0017,LOC-002,2026-06-15,16,,TRUE,https://brightpathdental.com/austin-south-lamar
KW-0017,LOC-002,2026-06-22,15,,TRUE,https://brightpathdental.com/austin-south-lamar
KW-0017,LOC-002,2026-06-29,15,,TRUE,https://brightpathdental.com/austin-south-lamar
KW-0017,LOC-002,2026-07-06,16,,TRUE,https://maps.google.com/?cid=605879146367248
KW-0017,LOC-002,2026-07-13,18,,TRUE,https://maps.google.com/?cid=138036123026992
KW-0017,LOC-002,2026-07-20,16,,TRUE,https://brightpathdental.com/austin-south-lamar
KW-0017,LOC-002,2026-07-27,14,,TRUE,https://brightpathdental.com/austin-south-lamar
KW-0017,LOC-002,2026-08-03,18,,TRUE,https://maps.google.com/?cid=810271866815142
KW-0017,LOC-002,2026-08-10,13,,TRUE,https://brightpathdental.com/austin-south-lamar
KW-0017,LOC-002,2026-08-17,15,,TRUE,https://maps.google.com/?cid=542907405163671
KW-0017,LOC-002,2026-08-24,16,,TRUE,https://maps.google.com/?cid=283034426628831
KW-0017,LOC-002,2026-08-31,14,,TRUE,https://brightpathdental.com/austin-south-lamar
KW-0017,LOC-002,2026-09-07,16,,TRUE,https://maps.google.com/?cid=354042202671577
KW-0018,LOC-002,2026-06-15,16,,TRUE,https://brightpathdental.com/austin-south-lamar
KW-0018,LOC-002,2026-06-22,18,,TRUE,https://brightpathdental.com/austin-south-lamar
KW-0018,LOC-002,2026-06-29,17,,TRUE,https://brightpathdental.com/austin-south-lamar
KW-0018,LOC-002,2026-07-06,17,,TRUE,https://brightpathdental.com/austin-south-lamar
KW-0018,LOC-002,2026-07-13,20,,TRUE,https://maps.google.com/?cid=114339552358597
KW-0018,LOC-002,2026-07-20,,,FALSE,https://brightpathdental.com/austin-south-lamar
KW-0018,LOC-002,2026-07-27,19,,TRUE,https://brightpathdental.com/austin-south-lamar
KW-0018,LOC-002,2026-08-03,20,,TRUE,https://brightpathdental.com/austin-south-lamar
KW-0018,LOC-002,2026-08-10,20,,TRUE,https://brightpathdental.com/austin-south-lamar
KW-0018,LOC-002,2026-08-17,,,FALSE,https://maps.google.com/?cid=350181732187473
KW-0018,LOC-002,2026-08-24,18,,TRUE,https://brightpathdental.com/austin-south-lamar
KW-0018,LOC-002,2026-08-31,20,,TRUE,https://brightpathdental.com/austin-south-lamar
KW-0018,LOC-002,2026-09-07,20,,TRUE,https://brightpathdental.com/austin-south-lamar
KW-0019,LOC-003,2026-06-15,13,,TRUE,https://maps.google.com/?cid=933781163498086
KW-0019,LOC-003,2026-06-22,10,,TRUE,https://maps.google.com/?cid=164037742601801
KW-0019,LOC-003,2026-06-29,12,,TRUE,https://maps.google.com/?cid=601115258655623
KW-0019,LOC-003,2026-07-06,11,,TRUE,https://maps.google.com/?cid=204499771303903
KW-0019,LOC-003,2026-07-13,9,,TRUE,https://maps.google.com/?cid=117980219772003
KW-0019,LOC-003,2026-07-20,12,,TRUE,https://maps.google.com/?cid=987468982383305
KW-0019,LOC-003,2026-07-27,8,,TRUE,https://maps.google.com/?cid=652364478235723
KW-0019,LOC-003,2026-08-03,8,,TRUE,https://maps.google.com/?cid=141649128146151
KW-0019,LOC-003,2026-08-10,10,,TRUE,https://maps.google.com/?cid=397594314862086
KW-0019,LOC-003,2026-08-17,10,,TRUE,https://maps.google.com/?cid=717300470858424
KW-0019,LOC-003,2026-08-24,13,,TRUE,https://maps.google.com/?cid=949996347298330
KW-0019,LOC-003,2026-08-31,11,,TRUE,https://maps.google.com/?cid=616774474742245
KW-0019,LOC-003,2026-09-07,12,,TRUE,https://maps.google.com/?cid=432868342574808
KW-0020,LOC-003,2026-06-15,9,,TRUE,https://maps.google.com/?cid=203191811756665
KW-0020,LOC-003,2026-06-22,11,,TRUE,https://maps.google.com/?cid=726382769959873
KW-0020,LOC-003,2026-06-29,9,,TRUE,https://maps.google.com/?cid=831276288627623
KW-0020,LOC-003,2026-07-06,6,,TRUE,https://maps.google.com/?cid=877557313070356
KW-0020,LOC-003,2026-07-13,9,,TRUE,https://maps.google.com/?cid=728240086239645
KW-0020,LOC-003,2026-07-20,7,,TRUE,https://maps.google.com/?cid=368683760268929
KW-0020,LOC-003,2026-07-27,8,,TRUE,https://maps.google.com/?cid=212602244493788
KW-0020,LOC-003,2026-08-03,8,,TRUE,https://maps.google.com/?cid=285694722451927
KW-0020,LOC-003,2026-08-10,7,,TRUE,https://maps.google.com/?cid=113262433250010
KW-0020,LOC-003,2026-08-17,7,,TRUE,https://maps.google.com/?cid=957848612871830
KW-0020,LOC-003,2026-08-24,,,FALSE,https://maps.google.com/?cid=839255538167486
KW-0020,LOC-003,2026-08-31,11,,TRUE,https://maps.google.com/?cid=566639144331811
KW-0020,LOC-003,2026-09-07,11,,TRUE,https://maps.google.com/?cid=285872499756894
KW-0021,LOC-003,2026-06-15,10,,TRUE,https://maps.google.com/?cid=794689035100186
KW-0021,LOC-003,2026-06-22,11,,TRUE,https://maps.google.com/?cid=178333385743357
KW-0021,LOC-003,2026-06-29,7,,TRUE,https://maps.google.com/?cid=939634493313380
KW-0021,LOC-003,2026-07-06,11,,TRUE,https://maps.google.com/?cid=714512059833833
KW-0021,LOC-003,2026-07-13,12,,TRUE,https://maps.google.com/?cid=578628128601687
KW-0021,LOC-003,2026-07-20,8,,TRUE,https://maps.google.com/?cid=436482382159620
KW-0021,LOC-003,2026-07-27,10,,TRUE,https://maps.google.com/?cid=786574389788107
KW-0021,LOC-003,2026-08-03,9,,TRUE,https://maps.google.com/?cid=158001600328754
KW-0021,LOC-003,2026-08-10,9,,TRUE,https://maps.google.com/?cid=420721642860505
KW-0021,LOC-003,2026-08-17,7,,TRUE,https://maps.google.com/?cid=128493278814860
KW-0021,LOC-003,2026-08-24,9,,TRUE,https://maps.google.com/?cid=256738952681851
KW-0021,LOC-003,2026-08-31,10,,TRUE,https://maps.google.com/?cid=920491479803686
KW-0021,LOC-003,2026-09-07,12,,TRUE,https://maps.google.com/?cid=584651992446585
KW-0022,LOC-003,2026-06-15,14,,TRUE,https://maps.google.com/?cid=286140654306016
KW-0022,LOC-003,2026-06-22,14,,TRUE,https://maps.google.com/?cid=843793638158224
KW-0022,LOC-003,2026-06-29,13,,TRUE,https://maps.google.com/?cid=480418475787383
KW-0022,LOC-003,2026-07-06,14,,TRUE,https://maps.google.com/?cid=875231125889120
KW-0022,LOC-003,2026-07-13,13,,TRUE,https://maps.google.com/?cid=227945107857906
KW-0022,LOC-003,2026-07-20,11,,TRUE,https://maps.google.com/?cid=406380282512300
KW-0022,LOC-003,2026-07-27,13,,TRUE,https://maps.google.com/?cid=480744572753801
KW-0022,LOC-003,2026-08-03,14,,TRUE,https://maps.google.com/?cid=126621827262830
KW-0022,LOC-003,2026-08-10,11,,TRUE,https://maps.google.com/?cid=943497826494460
KW-0022,LOC-003,2026-08-17,12,,TRUE,https://maps.google.com/?cid=552336796127817
KW-0022,LOC-003,2026-08-24,11,,TRUE,https://maps.google.com/?cid=993491510936420
KW-0022,LOC-003,2026-08-31,13,,TRUE,https://maps.google.com/?cid=133980411697529
KW-0022,LOC-003,2026-09-07,10,,TRUE,https://maps.google.com/?cid=837030016635332
KW-0023,LOC-003,2026-06-15,15,,TRUE,https://maps.google.com/?cid=939736755676594
KW-0023,LOC-003,2026-06-22,15,,TRUE,https://maps.google.com/?cid=572841890878380
KW-0023,LOC-003,2026-06-29,14,,TRUE,https://maps.google.com/?cid=412169817795590
KW-0023,LOC-003,2026-07-06,11,,TRUE,https://maps.google.com/?cid=772542401281690
KW-0023,LOC-003,2026-07-13,10,,TRUE,https://maps.google.com/?cid=911149839082721
KW-0023,LOC-003,2026-07-20,14,,TRUE,https://maps.google.com/?cid=300014719454527
KW-0023,LOC-003,2026-07-27,11,,TRUE,https://maps.google.com/?cid=699468025068863
KW-0023,LOC-003,2026-08-03,12,,TRUE,https://maps.google.com/?cid=398840808506191
KW-0023,LOC-003,2026-08-10,13,,TRUE,https://maps.google.com/?cid=355009759277557
KW-0023,LOC-003,2026-08-17,12,,TRUE,https://maps.google.com/?cid=170041796733434
KW-0023,LOC-003,2026-08-24,14,,TRUE,https://maps.google.com/?cid=524851713048288
KW-0023,LOC-003,2026-08-31,10,,TRUE,https://maps.google.com/?cid=120099488945217
KW-0023,LOC-003,2026-09-07,13,,TRUE,https://maps.google.com/?cid=614350995587624
KW-0024,LOC-003,2026-06-15,11,,TRUE,https://maps.google.com/?cid=563717332818366
KW-0024,LOC-003,2026-06-22,11,,TRUE,https://maps.google.com/?cid=867009397148593
KW-0024,LOC-003,2026-06-29,13,,TRUE,https://maps.google.com/?cid=558648045519380
KW-0024,LOC-003,2026-07-06,9,,TRUE,https://maps.google.com/?cid=408143726469343
KW-0024,LOC-003,2026-07-13,9,,TRUE,https://maps.google.com/?cid=280647790243206
KW-0024,LOC-003,2026-07-20,10,,TRUE,https://maps.google.com/?cid=148178312674756
KW-0024,LOC-003,2026-07-27,8,,TRUE,https://maps.google.com/?cid=851992150802167
KW-0024,LOC-003,2026-08-03,9,,TRUE,https://maps.google.com/?cid=951088476366445
KW-0024,LOC-003,2026-08-10,9,,TRUE,https://maps.google.com/?cid=706630868108375
KW-0024,LOC-003,2026-08-17,12,,TRUE,https://maps.google.com/?cid=878025930036957
KW-0024,LOC-003,2026-08-24,,,FALSE,https://maps.google.com/?cid=532366150383787
KW-0024,LOC-003,2026-08-31,12,,TRUE,https://maps.google.com/?cid=264685591505003
KW-0024,LOC-003,2026-09-07,9,,TRUE,https://maps.google.com/?cid=517765037039129
KW-0025,LOC-003,2026-06-15,9,,TRUE,https://maps.google.com/?cid=798576904812186
KW-0025,LOC-003,2026-06-22,9,,TRUE,https://maps.google.com/?cid=412472275073415
KW-0025,LOC-003,2026-06-29,14,,TRUE,https://maps.google.com/?cid=966580802511722
KW-0025,LOC-003,2026-07-06,9,,TRUE,https://maps.google.com/?cid=108544588903026
KW-0025,LOC-003,2026-07-13,11,,TRUE,https://maps.google.com/?cid=141707818747547
KW-0025,LOC-003,2026-07-20,9,,TRUE,https://maps.google.com/?cid=981362762446916
KW-0025,LOC-003,2026-07-27,9,,TRUE,https://maps.google.com/?cid=225326505154518
KW-0025,LOC-003,2026-08-03,14,,TRUE,https://maps.google.com/?cid=958414702060002
KW-0025,LOC-003,2026-08-10,11,,TRUE,https://maps.google.com/?cid=734894875924360
KW-0025,LOC-003,2026-08-17,13,,TRUE,https://maps.google.com/?cid=628592938833765
KW-0025,LOC-003,2026-08-24,,,FALSE,https://maps.google.com/?cid=558079920262480
KW-0025,LOC-003,2026-08-31,,,FALSE,https://maps.google.com/?cid=189669499032066
KW-0025,LOC-003,2026-09-07,9,,TRUE,https://maps.google.com/?cid=325658765624904
KW-0026,LOC-003,2026-06-15,,,FALSE,https://maps.google.com/?cid=736425514786974
KW-0026,LOC-003,2026-06-22,12,,TRUE,https://maps.google.com/?cid=800333701890022
KW-0026,LOC-003,2026-06-29,11,,TRUE,https://maps.google.com/?cid=978285754079624
KW-0026,LOC-003,2026-07-06,12,,TRUE,https://maps.google.com/?cid=303049262039056
KW-0026,LOC-003,2026-07-13,11,,TRUE,https://maps.google.com/?cid=673153671580051
KW-0026,LOC-003,2026-07-20,10,,TRUE,https://maps.google.com/?cid=787746222800195
KW-0026,LOC-003,2026-07-27,14,,TRUE,https://maps.google.com/?cid=506637536866514
KW-0026,LOC-003,2026-08-03,13,,TRUE,https://maps.google.com/?cid=803357065490587
KW-0026,LOC-003,2026-08-10,10,,TRUE,https://maps.google.com/?cid=884088865215420
KW-0026,LOC-003,2026-08-17,11,,TRUE,https://maps.google.com/?cid=781184625282860
KW-0026,LOC-003,2026-08-24,13,,TRUE,https://maps.google.com/?cid=146175922180281
KW-0026,LOC-003,2026-08-31,11,,TRUE,https://maps.google.com/?cid=235411626652808
KW-0026,LOC-003,2026-09-07,10,,TRUE,https://maps.google.com/?cid=939554058478397
KW-0027,LOC-004,2026-06-15,14,,TRUE,https://brightpathdental.com/dallas-deep-ellum
KW-0027,LOC-004,2026-06-22,14,,TRUE,https://maps.google.com/?cid=253214450383695
KW-0027,LOC-004,2026-06-29,,,FALSE,https://brightpathdental.com/dallas-deep-ellum
KW-0027,LOC-004,2026-07-06,,,FALSE,https://brightpathdental.com/dallas-deep-ellum
KW-0027,LOC-004,2026-07-13,14,,TRUE,https://maps.google.com/?cid=868952094055387
KW-0027,LOC-004,2026-07-20,14,,TRUE,https://brightpathdental.com/dallas-deep-ellum
KW-0027,LOC-004,2026-07-27,13,,TRUE,https://brightpathdental.com/dallas-deep-ellum
KW-0027,LOC-004,2026-08-03,13,,TRUE,https://maps.google.com/?cid=431613273400684
KW-0027,LOC-004,2026-08-10,14,,TRUE,https://brightpathdental.com/dallas-deep-ellum
KW-0027,LOC-004,2026-08-17,12,,TRUE,https://brightpathdental.com/dallas-deep-ellum
KW-0027,LOC-004,2026-08-24,13,,TRUE,https://brightpathdental.com/dallas-deep-ellum
KW-0027,LOC-004,2026-08-31,14,,TRUE,https://maps.google.com/?cid=432188700981934
KW-0027,LOC-004,2026-09-07,13,,TRUE,https://brightpathdental.com/dallas-deep-ellum
KW-0028,LOC-004,2026-06-15,9,,TRUE,https://brightpathdental.com/dallas-deep-ellum
KW-0028,LOC-004,2026-06-22,13,,TRUE,https://brightpathdental.com/dallas-deep-ellum
KW-0028,LOC-004,2026-06-29,11,,TRUE,https://brightpathdental.com/dallas-deep-ellum
KW-0028,LOC-004,2026-07-06,10,,TRUE,https://maps.google.com/?cid=994992027343108
KW-0028,LOC-004,2026-07-13,8,,TRUE,https://brightpathdental.com/dallas-deep-ellum
KW-0028,LOC-004,2026-07-20,13,,TRUE,https://maps.google.com/?cid=153462768094948
KW-0028,LOC-004,2026-07-27,10,,TRUE,https://brightpathdental.com/dallas-deep-ellum
KW-0028,LOC-004,2026-08-03,11,,TRUE,https://brightpathdental.com/dallas-deep-ellum
KW-0028,LOC-004,2026-08-10,10,,TRUE,https://maps.google.com/?cid=148498004604634
KW-0028,LOC-004,2026-08-17,12,,TRUE,https://brightpathdental.com/dallas-deep-ellum
KW-0028,LOC-004,2026-08-24,11,,TRUE,https://brightpathdental.com/dallas-deep-ellum
KW-0028,LOC-004,2026-08-31,12,,TRUE,https://brightpathdental.com/dallas-deep-ellum
KW-0028,LOC-004,2026-09-07,9,,TRUE,https://brightpathdental.com/dallas-deep-ellum
KW-0029,LOC-004,2026-06-15,,,FALSE,https://maps.google.com/?cid=955508535206590
KW-0029,LOC-004,2026-06-22,13,,TRUE,https://brightpathdental.com/dallas-deep-ellum
KW-0029,LOC-004,2026-06-29,11,,TRUE,https://brightpathdental.com/dallas-deep-ellum
KW-0029,LOC-004,2026-07-06,14,,TRUE,https://brightpathdental.com/dallas-deep-ellum
KW-0029,LOC-004,2026-07-13,13,,TRUE,https://brightpathdental.com/dallas-deep-ellum
KW-0029,LOC-004,2026-07-20,14,,TRUE,https://brightpathdental.com/dallas-deep-ellum
KW-0029,LOC-004,2026-07-27,9,,TRUE,https://brightpathdental.com/dallas-deep-ellum
KW-0029,LOC-004,2026-08-03,12,,TRUE,https://brightpathdental.com/dallas-deep-ellum
KW-0029,LOC-004,2026-08-10,14,,TRUE,https://brightpathdental.com/dallas-deep-ellum
KW-0029,LOC-004,2026-08-17,13,,TRUE,https://brightpathdental.com/dallas-deep-ellum
KW-0029,LOC-004,2026-08-24,13,,TRUE,https://brightpathdental.com/dallas-deep-ellum
KW-0029,LOC-004,2026-08-31,13,,TRUE,https://brightpathdental.com/dallas-deep-ellum
KW-0029,LOC-004,2026-09-07,14,,TRUE,https://brightpathdental.com/dallas-deep-ellum
KW-0030,LOC-004,2026-06-15,8,,TRUE,https://maps.google.com/?cid=215305232063750
KW-0030,LOC-004,2026-06-22,10,,TRUE,https://brightpathdental.com/dallas-deep-ellum
KW-0030,LOC-004,2026-06-29,10,,TRUE,https://brightpathdental.com/dallas-deep-ellum
KW-0030,LOC-004,2026-07-06,10,,TRUE,https://brightpathdental.com/dallas-deep-ellum
KW-0030,LOC-004,2026-07-13,7,,TRUE,https://brightpathdental.com/dallas-deep-ellum
KW-0030,LOC-004,2026-07-20,11,,TRUE,https://brightpathdental.com/dallas-deep-ellum
KW-0030,LOC-004,2026-07-27,11,,TRUE,https://brightpathdental.com/dallas-deep-ellum
KW-0030,LOC-004,2026-08-03,10,,TRUE,https://brightpathdental.com/dallas-deep-ellum
KW-0030,LOC-004,2026-08-10,9,,TRUE,https://brightpathdental.com/dallas-deep-ellum
KW-0030,LOC-004,2026-08-17,12,,TRUE,https://brightpathdental.com/dallas-deep-ellum
KW-0030,LOC-004,2026-08-24,11,,TRUE,https://brightpathdental.com/dallas-deep-ellum
KW-0030,LOC-004,2026-08-31,9,,TRUE,https://maps.google.com/?cid=133016817453597
KW-0030,LOC-004,2026-09-07,9,,TRUE,https://brightpathdental.com/dallas-deep-ellum
KW-0031,LOC-004,2026-06-15,13,,TRUE,https://maps.google.com/?cid=494656530807131
KW-0031,LOC-004,2026-06-22,9,,TRUE,https://maps.google.com/?cid=280178570272114
KW-0031,LOC-004,2026-06-29,11,,TRUE,https://brightpathdental.com/dallas-deep-ellum
KW-0031,LOC-004,2026-07-06,10,,TRUE,https://brightpathdental.com/dallas-deep-ellum
KW-0031,LOC-004,2026-07-13,9,,TRUE,https://brightpathdental.com/dallas-deep-ellum
KW-0031,LOC-004,2026-07-20,9,,TRUE,https://brightpathdental.com/dallas-deep-ellum
KW-0031,LOC-004,2026-07-27,12,,TRUE,https://maps.google.com/?cid=341239108660195
KW-0031,LOC-004,2026-08-03,,,FALSE,https://brightpathdental.com/dallas-deep-ellum
KW-0031,LOC-004,2026-08-10,9,,TRUE,https://brightpathdental.com/dallas-deep-ellum
KW-0031,LOC-004,2026-08-17,11,,TRUE,https://maps.google.com/?cid=952900261038816
KW-0031,LOC-004,2026-08-24,8,,TRUE,https://maps.google.com/?cid=350493743968917
KW-0031,LOC-004,2026-08-31,11,,TRUE,https://maps.google.com/?cid=760868908540807
KW-0031,LOC-004,2026-09-07,13,,TRUE,https://brightpathdental.com/dallas-deep-ellum
KW-0032,LOC-004,2026-06-15,,,FALSE,https://brightpathdental.com/dallas-deep-ellum
KW-0032,LOC-004,2026-06-22,11,,TRUE,https://brightpathdental.com/dallas-deep-ellum
KW-0032,LOC-004,2026-06-29,14,,TRUE,https://brightpathdental.com/dallas-deep-ellum
KW-0032,LOC-004,2026-07-06,14,,TRUE,https://maps.google.com/?cid=846935340263509
KW-0032,LOC-004,2026-07-13,16,,TRUE,https://maps.google.com/?cid=698586851449277
KW-0032,LOC-004,2026-07-20,12,,TRUE,https://brightpathdental.com/dallas-deep-ellum
KW-0032,LOC-004,2026-07-27,14,,TRUE,https://brightpathdental.com/dallas-deep-ellum
KW-0032,LOC-004,2026-08-03,11,,TRUE,https://maps.google.com/?cid=347049315826194
KW-0032,LOC-004,2026-08-10,12,,TRUE,https://maps.google.com/?cid=731526600171923
KW-0032,LOC-004,2026-08-17,13,,TRUE,https://maps.google.com/?cid=934696509081340
KW-0032,LOC-004,2026-08-24,16,,TRUE,https://brightpathdental.com/dallas-deep-ellum
KW-0032,LOC-004,2026-08-31,16,,TRUE,https://maps.google.com/?cid=613958600778259
KW-0032,LOC-004,2026-09-07,16,,TRUE,https://brightpathdental.com/dallas-deep-ellum
KW-0033,LOC-004,2026-06-15,14,,TRUE,https://brightpathdental.com/dallas-deep-ellum
KW-0033,LOC-004,2026-06-22,13,,TRUE,https://brightpathdental.com/dallas-deep-ellum
KW-0033,LOC-004,2026-06-29,10,,TRUE,https://brightpathdental.com/dallas-deep-ellum
KW-0033,LOC-004,2026-07-06,9,,TRUE,https://brightpathdental.com/dallas-deep-ellum
KW-0033,LOC-004,2026-07-13,11,,TRUE,https://brightpathdental.com/dallas-deep-ellum
KW-0033,LOC-004,2026-07-20,9,,TRUE,https://brightpathdental.com/dallas-deep-ellum
KW-0033,LOC-004,2026-07-27,10,,TRUE,https://maps.google.com/?cid=842753976721821
KW-0033,LOC-004,2026-08-03,13,,TRUE,https://brightpathdental.com/dallas-deep-ellum
KW-0033,LOC-004,2026-08-10,12,,TRUE,https://brightpathdental.com/dallas-deep-ellum
KW-0033,LOC-004,2026-08-17,13,,TRUE,https://brightpathdental.com/dallas-deep-ellum
KW-0033,LOC-004,2026-08-24,13,,TRUE,https://brightpathdental.com/dallas-deep-ellum
KW-0033,LOC-004,2026-08-31,,,FALSE,https://maps.google.com/?cid=818573722719700
KW-0033,LOC-004,2026-09-07,14,,TRUE,https://brightpathdental.com/dallas-deep-ellum
KW-0034,LOC-004,2026-06-15,10,,TRUE,https://brightpathdental.com/dallas-deep-ellum
KW-0034,LOC-004,2026-06-22,12,,TRUE,https://brightpathdental.com/dallas-deep-ellum
KW-0034,LOC-004,2026-06-29,15,,TRUE,https://brightpathdental.com/dallas-deep-ellum
KW-0034,LOC-004,2026-07-06,13,,TRUE,https://brightpathdental.com/dallas-deep-ellum
KW-0034,LOC-004,2026-07-13,13,,TRUE,https://brightpathdental.com/dallas-deep-ellum
KW-0034,LOC-004,2026-07-20,13,,TRUE,https://brightpathdental.com/dallas-deep-ellum
KW-0034,LOC-004,2026-07-27,14,,TRUE,https://brightpathdental.com/dallas-deep-ellum
KW-0034,LOC-004,2026-08-03,10,,TRUE,https://brightpathdental.com/dallas-deep-ellum
KW-0034,LOC-004,2026-08-10,14,,TRUE,https://brightpathdental.com/dallas-deep-ellum
KW-0034,LOC-004,2026-08-17,10,,TRUE,https://brightpathdental.com/dallas-deep-ellum
KW-0034,LOC-004,2026-08-24,13,,TRUE,https://brightpathdental.com/dallas-deep-ellum
KW-0034,LOC-004,2026-08-31,14,,TRUE,https://maps.google.com/?cid=501494097719369
KW-0034,LOC-004,2026-09-07,,,FALSE,https://brightpathdental.com/dallas-deep-ellum
KW-0035,LOC-004,2026-06-15,16,,TRUE,https://brightpathdental.com/dallas-deep-ellum
KW-0035,LOC-004,2026-06-22,12,,TRUE,https://maps.google.com/?cid=449441863462523
KW-0035,LOC-004,2026-06-29,13,,TRUE,https://brightpathdental.com/dallas-deep-ellum
KW-0035,LOC-004,2026-07-06,13,,TRUE,https://brightpathdental.com/dallas-deep-ellum
KW-0035,LOC-004,2026-07-13,12,,TRUE,https://brightpathdental.com/dallas-deep-ellum
KW-0035,LOC-004,2026-07-20,13,,TRUE,https://brightpathdental.com/dallas-deep-ellum
KW-0035,LOC-004,2026-07-27,14,,TRUE,https://brightpathdental.com/dallas-deep-ellum
KW-0035,LOC-004,2026-08-03,14,,TRUE,https://brightpathdental.com/dallas-deep-ellum
KW-0035,LOC-004,2026-08-10,17,,TRUE,https://brightpathdental.com/dallas-deep-ellum
KW-0035,LOC-004,2026-08-17,14,,TRUE,https://brightpathdental.com/dallas-deep-ellum
KW-0035,LOC-004,2026-08-24,17,,TRUE,https://brightpathdental.com/dallas-deep-ellum
KW-0035,LOC-004,2026-08-31,15,,TRUE,https://maps.google.com/?cid=653428180644435
KW-0035,LOC-004,2026-09-07,17,,TRUE,https://maps.google.com/?cid=494365593909455
KW-0036,LOC-005,2026-06-15,1,1,TRUE,https://maps.google.com/?cid=336836196862064
KW-0036,LOC-005,2026-06-22,3,3,TRUE,https://maps.google.com/?cid=832716087546581
KW-0036,LOC-005,2026-06-29,1,1,TRUE,https://brightpathdental.com/dallas-plano
KW-0036,LOC-005,2026-07-06,1,1,TRUE,https://brightpathdental.com/dallas-plano
KW-0036,LOC-005,2026-07-13,,,FALSE,https://maps.google.com/?cid=282147566257816
KW-0036,LOC-005,2026-07-20,1,1,TRUE,https://brightpathdental.com/dallas-plano
KW-0036,LOC-005,2026-07-27,1,1,TRUE,https://maps.google.com/?cid=455628491398658
KW-0036,LOC-005,2026-08-03,3,3,TRUE,https://brightpathdental.com/dallas-plano
KW-0036,LOC-005,2026-08-10,1,1,TRUE,https://brightpathdental.com/dallas-plano
KW-0036,LOC-005,2026-08-17,2,2,TRUE,https://brightpathdental.com/dallas-plano
KW-0036,LOC-005,2026-08-24,1,1,TRUE,https://brightpathdental.com/dallas-plano
KW-0036,LOC-005,2026-08-31,2,2,TRUE,https://brightpathdental.com/dallas-plano
KW-0036,LOC-005,2026-09-07,4,,TRUE,https://brightpathdental.com/dallas-plano
KW-0037,LOC-005,2026-06-15,1,1,TRUE,https://brightpathdental.com/dallas-plano
KW-0037,LOC-005,2026-06-22,4,,TRUE,https://brightpathdental.com/dallas-plano
KW-0037,LOC-005,2026-06-29,1,1,TRUE,https://brightpathdental.com/dallas-plano
KW-0037,LOC-005,2026-07-06,4,,TRUE,https://maps.google.com/?cid=575914188393888
KW-0037,LOC-005,2026-07-13,4,,TRUE,https://brightpathdental.com/dallas-plano
KW-0037,LOC-005,2026-07-20,2,2,TRUE,https://brightpathdental.com/dallas-plano
KW-0037,LOC-005,2026-07-27,5,,TRUE,https://brightpathdental.com/dallas-plano
KW-0037,LOC-005,2026-08-03,1,1,TRUE,https://brightpathdental.com/dallas-plano
KW-0037,LOC-005,2026-08-10,1,1,TRUE,https://brightpathdental.com/dallas-plano
KW-0037,LOC-005,2026-08-17,4,,TRUE,https://brightpathdental.com/dallas-plano
KW-0037,LOC-005,2026-08-24,,,FALSE,https://brightpathdental.com/dallas-plano
KW-0037,LOC-005,2026-08-31,,,FALSE,https://maps.google.com/?cid=145793192758946
KW-0037,LOC-005,2026-09-07,1,1,TRUE,https://brightpathdental.com/dallas-plano
KW-0038,LOC-005,2026-06-15,4,,TRUE,https://brightpathdental.com/dallas-plano
KW-0038,LOC-005,2026-06-22,3,3,TRUE,https://maps.google.com/?cid=928595036523233
KW-0038,LOC-005,2026-06-29,4,,TRUE,https://maps.google.com/?cid=632019434489890
KW-0038,LOC-005,2026-07-06,1,1,TRUE,https://brightpathdental.com/dallas-plano
KW-0038,LOC-005,2026-07-13,1,1,TRUE,https://brightpathdental.com/dallas-plano
KW-0038,LOC-005,2026-07-20,2,2,TRUE,https://brightpathdental.com/dallas-plano
KW-0038,LOC-005,2026-07-27,2,2,TRUE,https://brightpathdental.com/dallas-plano
KW-0038,LOC-005,2026-08-03,1,1,TRUE,https://maps.google.com/?cid=280469470343509
KW-0038,LOC-005,2026-08-10,1,1,TRUE,https://brightpathdental.com/dallas-plano
KW-0038,LOC-005,2026-08-17,4,,TRUE,https://brightpathdental.com/dallas-plano
KW-0038,LOC-005,2026-08-24,5,,TRUE,https://brightpathdental.com/dallas-plano
KW-0038,LOC-005,2026-08-31,3,3,TRUE,https://brightpathdental.com/dallas-plano
KW-0038,LOC-005,2026-09-07,1,1,TRUE,https://brightpathdental.com/dallas-plano
KW-0039,LOC-005,2026-06-15,2,2,TRUE,https://brightpathdental.com/dallas-plano
KW-0039,LOC-005,2026-06-22,5,,TRUE,https://maps.google.com/?cid=512688007290589
KW-0039,LOC-005,2026-06-29,1,1,TRUE,https://brightpathdental.com/dallas-plano
KW-0039,LOC-005,2026-07-06,1,1,TRUE,https://brightpathdental.com/dallas-plano
KW-0039,LOC-005,2026-07-13,6,,TRUE,https://brightpathdental.com/dallas-plano
KW-0039,LOC-005,2026-07-20,3,3,TRUE,https://maps.google.com/?cid=139480693496263
KW-0039,LOC-005,2026-07-27,6,,TRUE,https://brightpathdental.com/dallas-plano
KW-0039,LOC-005,2026-08-03,6,,TRUE,https://brightpathdental.com/dallas-plano
KW-0039,LOC-005,2026-08-10,3,3,TRUE,https://brightpathdental.com/dallas-plano
KW-0039,LOC-005,2026-08-17,1,1,TRUE,https://brightpathdental.com/dallas-plano
KW-0039,LOC-005,2026-08-24,5,,TRUE,https://brightpathdental.com/dallas-plano
KW-0039,LOC-005,2026-08-31,1,1,TRUE,https://brightpathdental.com/dallas-plano
KW-0039,LOC-005,2026-09-07,4,,TRUE,https://brightpathdental.com/dallas-plano
KW-0040,LOC-005,2026-06-15,5,,TRUE,https://brightpathdental.com/dallas-plano
KW-0040,LOC-005,2026-06-22,7,,TRUE,https://brightpathdental.com/dallas-plano
KW-0040,LOC-005,2026-06-29,4,,TRUE,https://brightpathdental.com/dallas-plano
KW-0040,LOC-005,2026-07-06,2,2,TRUE,https://brightpathdental.com/dallas-plano
KW-0040,LOC-005,2026-07-13,7,,TRUE,https://brightpathdental.com/dallas-plano
KW-0040,LOC-005,2026-07-20,4,,TRUE,https://maps.google.com/?cid=433541451124389
KW-0040,LOC-005,2026-07-27,3,3,TRUE,https://brightpathdental.com/dallas-plano
KW-0040,LOC-005,2026-08-03,6,,TRUE,https://maps.google.com/?cid=548992329717387
KW-0040,LOC-005,2026-08-10,,,FALSE,https://brightpathdental.com/dallas-plano
KW-0040,LOC-005,2026-08-17,2,2,TRUE,https://brightpathdental.com/dallas-plano
KW-0040,LOC-005,2026-08-24,3,3,TRUE,https://maps.google.com/?cid=513591700049854
KW-0040,LOC-005,2026-08-31,2,2,TRUE,https://maps.google.com/?cid=660968150779201
KW-0040,LOC-005,2026-09-07,7,,TRUE,https://brightpathdental.com/dallas-plano
KW-0041,LOC-005,2026-06-15,2,2,TRUE,https://maps.google.com/?cid=118373730588165
KW-0041,LOC-005,2026-06-22,3,3,TRUE,https://brightpathdental.com/dallas-plano
KW-0041,LOC-005,2026-06-29,6,,TRUE,https://maps.google.com/?cid=810781108838577
KW-0041,LOC-005,2026-07-06,4,,TRUE,https://maps.google.com/?cid=304576199833535
KW-0041,LOC-005,2026-07-13,4,,TRUE,https://brightpathdental.com/dallas-plano
KW-0041,LOC-005,2026-07-20,3,3,TRUE,https://brightpathdental.com/dallas-plano
KW-0041,LOC-005,2026-07-27,5,,TRUE,https://maps.google.com/?cid=595578747813197
KW-0041,LOC-005,2026-08-03,2,2,TRUE,https://maps.google.com/?cid=314224298431364
KW-0041,LOC-005,2026-08-10,4,,TRUE,https://brightpathdental.com/dallas-plano
KW-0041,LOC-005,2026-08-17,3,3,TRUE,https://brightpathdental.com/dallas-plano
KW-0041,LOC-005,2026-08-24,4,,TRUE,https://brightpathdental.com/dallas-plano
KW-0041,LOC-005,2026-08-31,4,,TRUE,https://brightpathdental.com/dallas-plano
KW-0041,LOC-005,2026-09-07,6,,TRUE,https://maps.google.com/?cid=970554054971149
KW-0042,LOC-005,2026-06-15,1,1,TRUE,https://maps.google.com/?cid=613863041406662
KW-0042,LOC-005,2026-06-22,5,,TRUE,https://brightpathdental.com/dallas-plano
KW-0042,LOC-005,2026-06-29,2,2,TRUE,https://brightpathdental.com/dallas-plano
KW-0042,LOC-005,2026-07-06,1,1,TRUE,https://maps.google.com/?cid=103555546579645
KW-0042,LOC-005,2026-07-13,2,2,TRUE,https://brightpathdental.com/dallas-plano
KW-0042,LOC-005,2026-07-20,4,,TRUE,https://maps.google.com/?cid=817299874280278
KW-0042,LOC-005,2026-07-27,1,1,TRUE,https://brightpathdental.com/dallas-plano
KW-0042,LOC-005,2026-08-03,2,2,TRUE,https://brightpathdental.com/dallas-plano
KW-0042,LOC-005,2026-08-10,1,1,TRUE,https://brightpathdental.com/dallas-plano
KW-0042,LOC-005,2026-08-17,1,1,TRUE,https://brightpathdental.com/dallas-plano
KW-0042,LOC-005,2026-08-24,2,2,TRUE,https://maps.google.com/?cid=386639170001015
KW-0042,LOC-005,2026-08-31,1,1,TRUE,https://brightpathdental.com/dallas-plano
KW-0042,LOC-005,2026-09-07,4,,TRUE,https://maps.google.com/?cid=929873826233856
KW-0043,LOC-005,2026-06-15,2,2,TRUE,https://brightpathdental.com/dallas-plano
KW-0043,LOC-005,2026-06-22,,,FALSE,https://brightpathdental.com/dallas-plano
KW-0043,LOC-005,2026-06-29,2,2,TRUE,https://brightpathdental.com/dallas-plano
KW-0043,LOC-005,2026-07-06,1,1,TRUE,https://maps.google.com/?cid=574392169325784
KW-0043,LOC-005,2026-07-13,5,,TRUE,https://brightpathdental.com/dallas-plano
KW-0043,LOC-005,2026-07-20,4,,TRUE,https://brightpathdental.com/dallas-plano
KW-0043,LOC-005,2026-07-27,4,,TRUE,https://brightpathdental.com/dallas-plano
KW-0043,LOC-005,2026-08-03,5,,TRUE,https://brightpathdental.com/dallas-plano
KW-0043,LOC-005,2026-08-10,1,1,TRUE,https://brightpathdental.com/dallas-plano
KW-0043,LOC-005,2026-08-17,5,,TRUE,https://brightpathdental.com/dallas-plano
KW-0043,LOC-005,2026-08-24,3,3,TRUE,https://brightpathdental.com/dallas-plano
KW-0043,LOC-005,2026-08-31,6,,TRUE,https://maps.google.com/?cid=494348394590564
KW-0043,LOC-005,2026-09-07,4,,TRUE,https://brightpathdental.com/dallas-plano
KW-0044,LOC-005,2026-06-15,3,3,TRUE,https://brightpathdental.com/dallas-plano
KW-0044,LOC-005,2026-06-22,5,,TRUE,https://brightpathdental.com/dallas-plano
KW-0044,LOC-005,2026-06-29,1,1,TRUE,https://brightpathdental.com/dallas-plano
KW-0044,LOC-005,2026-07-06,1,1,TRUE,https://brightpathdental.com/dallas-plano
KW-0044,LOC-005,2026-07-13,4,,TRUE,https://brightpathdental.com/dallas-plano
KW-0044,LOC-005,2026-07-20,1,1,TRUE,https://maps.google.com/?cid=856261022228446
KW-0044,LOC-005,2026-07-27,3,3,TRUE,https://brightpathdental.com/dallas-plano
KW-0044,LOC-005,2026-08-03,3,3,TRUE,https://brightpathdental.com/dallas-plano
KW-0044,LOC-005,2026-08-10,1,1,TRUE,https://maps.google.com/?cid=909761421067239
KW-0044,LOC-005,2026-08-17,3,3,TRUE,https://maps.google.com/?cid=261671883319081
KW-0044,LOC-005,2026-08-24,1,1,TRUE,https://brightpathdental.com/dallas-plano
KW-0044,LOC-005,2026-08-31,1,1,TRUE,https://maps.google.com/?cid=945778117824650
KW-0044,LOC-005,2026-09-07,2,2,TRUE,https://brightpathdental.com/dallas-plano
KW-0045,LOC-005,2026-06-15,5,,TRUE,https://maps.google.com/?cid=622622420184572
KW-0045,LOC-005,2026-06-22,7,,TRUE,https://brightpathdental.com/dallas-plano
KW-0045,LOC-005,2026-06-29,6,,TRUE,https://maps.google.com/?cid=945475232164733
KW-0045,LOC-005,2026-07-06,6,,TRUE,https://brightpathdental.com/dallas-plano
KW-0045,LOC-005,2026-07-13,4,,TRUE,https://maps.google.com/?cid=576810379670419
KW-0045,LOC-005,2026-07-20,5,,TRUE,https://brightpathdental.com/dallas-plano
KW-0045,LOC-005,2026-07-27,7,,TRUE,https://brightpathdental.com/dallas-plano
KW-0045,LOC-005,2026-08-03,3,3,TRUE,https://brightpathdental.com/dallas-plano
KW-0045,LOC-005,2026-08-10,3,3,TRUE,https://brightpathdental.com/dallas-plano
KW-0045,LOC-005,2026-08-17,5,,TRUE,https://brightpathdental.com/dallas-plano
KW-0045,LOC-005,2026-08-24,7,,TRUE,https://brightpathdental.com/dallas-plano
KW-0045,LOC-005,2026-08-31,7,,TRUE,https://brightpathdental.com/dallas-plano
KW-0045,LOC-005,2026-09-07,5,,TRUE,https://maps.google.com/?cid=872920052139294
KW-0046,LOC-005,2026-06-15,1,1,TRUE,https://brightpathdental.com/dallas-plano
KW-0046,LOC-005,2026-06-22,1,1,TRUE,https://brightpathdental.com/dallas-plano
KW-0046,LOC-005,2026-06-29,5,,TRUE,https://brightpathdental.com/dallas-plano
KW-0046,LOC-005,2026-07-06,4,,TRUE,https://brightpathdental.com/dallas-plano
KW-0046,LOC-005,2026-07-13,1,1,TRUE,https://brightpathdental.com/dallas-plano
KW-0046,LOC-005,2026-07-20,2,2,TRUE,https://brightpathdental.com/dallas-plano
KW-0046,LOC-005,2026-07-27,4,,TRUE,https://brightpathdental.com/dallas-plano
KW-0046,LOC-005,2026-08-03,5,,TRUE,https://maps.google.com/?cid=999188518183092
KW-0046,LOC-005,2026-08-10,1,1,TRUE,https://maps.google.com/?cid=232140293275663
KW-0046,LOC-005,2026-08-17,2,2,TRUE,https://brightpathdental.com/dallas-plano
KW-0046,LOC-005,2026-08-24,2,2,TRUE,https://brightpathdental.com/dallas-plano
KW-0046,LOC-005,2026-08-31,1,1,TRUE,https://brightpathdental.com/dallas-plano
KW-0046,LOC-005,2026-09-07,1,1,TRUE,https://brightpathdental.com/dallas-plano
KW-0047,LOC-005,2026-06-15,6,,TRUE,https://maps.google.com/?cid=119965673638372
KW-0047,LOC-005,2026-06-22,2,2,TRUE,https://brightpathdental.com/dallas-plano
KW-0047,LOC-005,2026-06-29,,,FALSE,https://brightpathdental.com/dallas-plano
KW-0047,LOC-005,2026-07-06,1,1,TRUE,https://brightpathdental.com/dallas-plano
KW-0047,LOC-005,2026-07-13,2,2,TRUE,https://maps.google.com/?cid=685643487775143
KW-0047,LOC-005,2026-07-20,3,3,TRUE,https://brightpathdental.com/dallas-plano
KW-0047,LOC-005,2026-07-27,2,2,TRUE,https://brightpathdental.com/dallas-plano
KW-0047,LOC-005,2026-08-03,1,1,TRUE,https://maps.google.com/?cid=334829941534076
KW-0047,LOC-005,2026-08-10,2,2,TRUE,https://brightpathdental.com/dallas-plano
KW-0047,LOC-005,2026-08-17,4,,TRUE,https://maps.google.com/?cid=826818123798139
KW-0047,LOC-005,2026-08-24,4,,TRUE,https://maps.google.com/?cid=981457629323933
KW-0047,LOC-005,2026-08-31,5,,TRUE,https://brightpathdental.com/dallas-plano
KW-0047,LOC-005,2026-09-07,1,1,TRUE,https://brightpathdental.com/dallas-plano
KW-0048,LOC-006,2026-06-15,5,,TRUE,https://brightpathdental.com/dallas-irving
KW-0048,LOC-006,2026-06-22,4,,TRUE,https://maps.google.com/?cid=451487143890279
KW-0048,LOC-006,2026-06-29,3,3,TRUE,https://brightpathdental.com/dallas-irving
KW-0048,LOC-006,2026-07-06,3,3,TRUE,https://brightpathdental.com/dallas-irving
KW-0048,LOC-006,2026-07-13,5,,TRUE,https://maps.google.com/?cid=892328130327506
KW-0048,LOC-006,2026-07-20,6,,TRUE,https://brightpathdental.com/dallas-irving
KW-0048,LOC-006,2026-07-27,3,3,TRUE,https://maps.google.com/?cid=584482122103726
KW-0048,LOC-006,2026-08-03,5,,TRUE,https://brightpathdental.com/dallas-irving
KW-0048,LOC-006,2026-08-10,6,,TRUE,https://brightpathdental.com/dallas-irving
KW-0048,LOC-006,2026-08-17,8,,TRUE,https://brightpathdental.com/dallas-irving
KW-0048,LOC-006,2026-08-24,5,,TRUE,https://maps.google.com/?cid=710112090552665
KW-0048,LOC-006,2026-08-31,8,,TRUE,https://brightpathdental.com/dallas-irving
KW-0048,LOC-006,2026-09-07,8,,TRUE,https://brightpathdental.com/dallas-irving
KW-0049,LOC-006,2026-06-15,9,,TRUE,https://maps.google.com/?cid=480754413817357
KW-0049,LOC-006,2026-06-22,4,,TRUE,https://brightpathdental.com/dallas-irving
KW-0049,LOC-006,2026-06-29,9,,TRUE,https://maps.google.com/?cid=932038084796938
KW-0049,LOC-006,2026-07-06,8,,TRUE,https://brightpathdental.com/dallas-irving
KW-0049,LOC-006,2026-07-13,5,,TRUE,https://brightpathdental.com/dallas-irving
KW-0049,LOC-006,2026-07-20,6,,TRUE,https://maps.google.com/?cid=347922787657425
KW-0049,LOC-006,2026-07-27,6,,TRUE,https://brightpathdental.com/dallas-irving
KW-0049,LOC-006,2026-08-03,4,,TRUE,https://brightpathdental.com/dallas-irving
KW-0049,LOC-006,2026-08-10,4,,TRUE,https://brightpathdental.com/dallas-irving
KW-0049,LOC-006,2026-08-17,6,,TRUE,https://brightpathdental.com/dallas-irving
KW-0049,LOC-006,2026-08-24,8,,TRUE,https://maps.google.com/?cid=852992765948615
KW-0049,LOC-006,2026-08-31,4,,TRUE,https://brightpathdental.com/dallas-irving
KW-0049,LOC-006,2026-09-07,5,,TRUE,https://brightpathdental.com/dallas-irving
KW-0050,LOC-006,2026-06-15,3,3,TRUE,https://brightpathdental.com/dallas-irving
KW-0050,LOC-006,2026-06-22,5,,TRUE,https://maps.google.com/?cid=986685560324536
KW-0050,LOC-006,2026-06-29,4,,TRUE,https://maps.google.com/?cid=732824351864299
KW-0050,LOC-006,2026-07-06,6,,TRUE,https://brightpathdental.com/dallas-irving
KW-0050,LOC-006,2026-07-13,6,,TRUE,https://maps.google.com/?cid=171292819556934
KW-0050,LOC-006,2026-07-20,7,,TRUE,https://brightpathdental.com/dallas-irving
KW-0050,LOC-006,2026-07-27,9,,TRUE,https://brightpathdental.com/dallas-irving
KW-0050,LOC-006,2026-08-03,9,,TRUE,https://maps.google.com/?cid=978968017303662
KW-0050,LOC-006,2026-08-10,10,,TRUE,https://maps.google.com/?cid=257251410889252
KW-0050,LOC-006,2026-08-17,10,,TRUE,https://brightpathdental.com/dallas-irving
KW-0050,LOC-006,2026-08-24,9,,TRUE,https://brightpathdental.com/dallas-irving
KW-0050,LOC-006,2026-08-31,10,,TRUE,https://brightpathdental.com/dallas-irving
KW-0050,LOC-006,2026-09-07,12,,TRUE,https://brightpathdental.com/dallas-irving
KW-0051,LOC-006,2026-06-15,10,,TRUE,https://maps.google.com/?cid=884240036111800
KW-0051,LOC-006,2026-06-22,8,,TRUE,https://maps.google.com/?cid=449571343608770
KW-0051,LOC-006,2026-06-29,10,,TRUE,https://brightpathdental.com/dallas-irving
KW-0051,LOC-006,2026-07-06,6,,TRUE,https://maps.google.com/?cid=382157746104106
KW-0051,LOC-006,2026-07-13,8,,TRUE,https://maps.google.com/?cid=755836469254367
KW-0051,LOC-006,2026-07-20,5,,TRUE,https://brightpathdental.com/dallas-irving
KW-0051,LOC-006,2026-07-27,7,,TRUE,https://brightpathdental.com/dallas-irving
KW-0051,LOC-006,2026-08-03,5,,TRUE,https://brightpathdental.com/dallas-irving
KW-0051,LOC-006,2026-08-10,6,,TRUE,https://maps.google.com/?cid=138061121317939
KW-0051,LOC-006,2026-08-17,,,FALSE,https://brightpathdental.com/dallas-irving
KW-0051,LOC-006,2026-08-24,8,,TRUE,https://brightpathdental.com/dallas-irving
KW-0051,LOC-006,2026-08-31,5,,TRUE,https://brightpathdental.com/dallas-irving
KW-0051,LOC-006,2026-09-07,6,,TRUE,https://maps.google.com/?cid=636904068786946
KW-0052,LOC-006,2026-06-15,4,,TRUE,https://brightpathdental.com/dallas-irving
KW-0052,LOC-006,2026-06-22,4,,TRUE,https://maps.google.com/?cid=139739751536635
KW-0052,LOC-006,2026-06-29,7,,TRUE,https://brightpathdental.com/dallas-irving
KW-0052,LOC-006,2026-07-06,5,,TRUE,https://maps.google.com/?cid=397609071600731
KW-0052,LOC-006,2026-07-13,7,,TRUE,https://maps.google.com/?cid=713193649375326
KW-0052,LOC-006,2026-07-20,8,,TRUE,https://maps.google.com/?cid=574918469150610
KW-0052,LOC-006,2026-07-27,7,,TRUE,https://brightpathdental.com/dallas-irving
KW-0052,LOC-006,2026-08-03,9,,TRUE,https://brightpathdental.com/dallas-irving
KW-0052,LOC-006,2026-08-10,10,,TRUE,https://brightpathdental.com/dallas-irving
KW-0052,LOC-006,2026-08-17,10,,TRUE,https://brightpathdental.com/dallas-irving
KW-0052,LOC-006,2026-08-24,12,,TRUE,https://brightpathdental.com/dallas-irving
KW-0052,LOC-006,2026-08-31,10,,TRUE,https://maps.google.com/?cid=815133497228303
KW-0052,LOC-006,2026-09-07,12,,TRUE,https://maps.google.com/?cid=107733718540274
KW-0053,LOC-006,2026-06-15,4,,TRUE,https://brightpathdental.com/dallas-irving
KW-0053,LOC-006,2026-06-22,5,,TRUE,https://brightpathdental.com/dallas-irving
KW-0053,LOC-006,2026-06-29,4,,TRUE,https://brightpathdental.com/dallas-irving
KW-0053,LOC-006,2026-07-06,4,,TRUE,https://brightpathdental.com/dallas-irving
KW-0053,LOC-006,2026-07-13,7,,TRUE,https://brightpathdental.com/dallas-irving
KW-0053,LOC-006,2026-07-20,7,,TRUE,https://brightpathdental.com/dallas-irving
KW-0053,LOC-006,2026-07-27,6,,TRUE,https://brightpathdental.com/dallas-irving
KW-0053,LOC-006,2026-08-03,9,,TRUE,https://brightpathdental.com/dallas-irving
KW-0053,LOC-006,2026-08-10,,,FALSE,https://maps.google.com/?cid=843023908931489
KW-0053,LOC-006,2026-08-17,10,,TRUE,https://brightpathdental.com/dallas-irving
KW-0053,LOC-006,2026-08-24,10,,TRUE,https://brightpathdental.com/dallas-irving
KW-0053,LOC-006,2026-08-31,10,,TRUE,https://brightpathdental.com/dallas-irving
KW-0053,LOC-006,2026-09-07,11,,TRUE,https://brightpathdental.com/dallas-irving
KW-0054,LOC-006,2026-06-15,8,,TRUE,https://brightpathdental.com/dallas-irving
KW-0054,LOC-006,2026-06-22,11,,TRUE,https://maps.google.com/?cid=862510161850491
KW-0054,LOC-006,2026-06-29,11,,TRUE,https://brightpathdental.com/dallas-irving
KW-0054,LOC-006,2026-07-06,7,,TRUE,https://brightpathdental.com/dallas-irving
KW-0054,LOC-006,2026-07-13,10,,TRUE,https://maps.google.com/?cid=839688161969975
KW-0054,LOC-006,2026-07-20,7,,TRUE,https://maps.google.com/?cid=248265793787722
KW-0054,LOC-006,2026-07-27,6,,TRUE,https://brightpathdental.com/dallas-irving
KW-0054,LOC-006,2026-08-03,10,,TRUE,https://brightpathdental.com/dallas-irving
KW-0054,LOC-006,2026-08-10,9,,TRUE,https://brightpathdental.com/dallas-irving
KW-0054,LOC-006,2026-08-17,7,,TRUE,https://brightpathdental.com/dallas-irving
KW-0054,LOC-006,2026-08-24,11,,TRUE,https://maps.google.com/?cid=650250668603847
KW-0054,LOC-006,2026-08-31,8,,TRUE,https://brightpathdental.com/dallas-irving
KW-0054,LOC-006,2026-09-07,8,,TRUE,https://maps.google.com/?cid=929152289332787
KW-0055,LOC-006,2026-06-15,10,,TRUE,https://brightpathdental.com/dallas-irving
KW-0055,LOC-006,2026-06-22,11,,TRUE,https://brightpathdental.com/dallas-irving
KW-0055,LOC-006,2026-06-29,11,,TRUE,https://brightpathdental.com/dallas-irving
KW-0055,LOC-006,2026-07-06,8,,TRUE,https://brightpathdental.com/dallas-irving
KW-0055,LOC-006,2026-07-13,7,,TRUE,https://brightpathdental.com/dallas-irving
KW-0055,LOC-006,2026-07-20,7,,TRUE,https://maps.google.com/?cid=392711222320311
KW-0055,LOC-006,2026-07-27,9,,TRUE,https://brightpathdental.com/dallas-irving
KW-0055,LOC-006,2026-08-03,10,,TRUE,https://brightpathdental.com/dallas-irving
KW-0055,LOC-006,2026-08-10,12,,TRUE,https://brightpathdental.com/dallas-irving
KW-0055,LOC-006,2026-08-17,8,,TRUE,https://brightpathdental.com/dallas-irving
KW-0055,LOC-006,2026-08-24,8,,TRUE,https://brightpathdental.com/dallas-irving
KW-0055,LOC-006,2026-08-31,12,,TRUE,https://brightpathdental.com/dallas-irving
KW-0055,LOC-006,2026-09-07,9,,TRUE,https://maps.google.com/?cid=775628420607117
KW-0056,LOC-006,2026-06-15,11,,TRUE,https://brightpathdental.com/dallas-irving
KW-0056,LOC-006,2026-06-22,13,,TRUE,https://maps.google.com/?cid=534783016108339
KW-0056,LOC-006,2026-06-29,8,,TRUE,https://brightpathdental.com/dallas-irving
KW-0056,LOC-006,2026-07-06,11,,TRUE,https://maps.google.com/?cid=151315234884886
KW-0056,LOC-006,2026-07-13,9,,TRUE,https://maps.google.com/?cid=953807583831167
KW-0056,LOC-006,2026-07-20,13,,TRUE,https://maps.google.com/?cid=574312875004699
KW-0056,LOC-006,2026-07-27,8,,TRUE,https://brightpathdental.com/dallas-irving
KW-0056,LOC-006,2026-08-03,11,,TRUE,https://brightpathdental.com/dallas-irving
KW-0056,LOC-006,2026-08-10,11,,TRUE,https://maps.google.com/?cid=151564509678981
KW-0056,LOC-006,2026-08-17,12,,TRUE,https://brightpathdental.com/dallas-irving
KW-0056,LOC-006,2026-08-24,13,,TRUE,https://maps.google.com/?cid=120167604610058
KW-0056,LOC-006,2026-08-31,9,,TRUE,https://brightpathdental.com/dallas-irving
KW-0056,LOC-006,2026-09-07,13,,TRUE,https://brightpathdental.com/dallas-irving
KW-0057,LOC-006,2026-06-15,12,,TRUE,https://brightpathdental.com/dallas-irving
KW-0057,LOC-006,2026-06-22,9,,TRUE,https://brightpathdental.com/dallas-irving
KW-0057,LOC-006,2026-06-29,7,,TRUE,https://brightpathdental.com/dallas-irving
KW-0057,LOC-006,2026-07-06,11,,TRUE,https://maps.google.com/?cid=263862190871908
KW-0057,LOC-006,2026-07-13,11,,TRUE,https://maps.google.com/?cid=115731592667122
KW-0057,LOC-006,2026-07-20,7,,TRUE,https://brightpathdental.com/dallas-irving
KW-0057,LOC-006,2026-07-27,7,,TRUE,https://brightpathdental.com/dallas-irving
KW-0057,LOC-006,2026-08-03,9,,TRUE,https://maps.google.com/?cid=827251152258464
KW-0057,LOC-006,2026-08-10,10,,TRUE,https://brightpathdental.com/dallas-irving
KW-0057,LOC-006,2026-08-17,12,,TRUE,https://brightpathdental.com/dallas-irving
KW-0057,LOC-006,2026-08-24,9,,TRUE,https://maps.google.com/?cid=727952189369026
KW-0057,LOC-006,2026-08-31,9,,TRUE,https://brightpathdental.com/dallas-irving
KW-0057,LOC-006,2026-09-07,12,,TRUE,https://brightpathdental.com/dallas-irving
KW-0058,LOC-007,2026-06-15,11,,TRUE,https://brightpathdental.com/houston-montrose
KW-0058,LOC-007,2026-06-22,13,,TRUE,https://brightpathdental.com/houston-montrose
KW-0058,LOC-007,2026-06-29,15,,TRUE,https://brightpathdental.com/houston-montrose
KW-0058,LOC-007,2026-07-06,11,,TRUE,https://brightpathdental.com/houston-montrose
KW-0058,LOC-007,2026-07-13,13,,TRUE,https://brightpathdental.com/houston-montrose
KW-0058,LOC-007,2026-07-20,12,,TRUE,https://brightpathdental.com/houston-montrose
KW-0058,LOC-007,2026-07-27,11,,TRUE,https://brightpathdental.com/houston-montrose
KW-0058,LOC-007,2026-08-03,13,,TRUE,https://brightpathdental.com/houston-montrose
KW-0058,LOC-007,2026-08-10,,,FALSE,https://maps.google.com/?cid=109429232880444
KW-0058,LOC-007,2026-08-17,12,,TRUE,https://maps.google.com/?cid=659152572774255
KW-0058,LOC-007,2026-08-24,10,,TRUE,https://brightpathdental.com/houston-montrose
KW-0058,LOC-007,2026-08-31,13,,TRUE,https://brightpathdental.com/houston-montrose
KW-0058,LOC-007,2026-09-07,14,,TRUE,https://brightpathdental.com/houston-montrose
KW-0059,LOC-007,2026-06-15,11,,TRUE,https://brightpathdental.com/houston-montrose
KW-0059,LOC-007,2026-06-22,,,FALSE,https://maps.google.com/?cid=613966202764614
KW-0059,LOC-007,2026-06-29,10,,TRUE,https://maps.google.com/?cid=422149717887766
KW-0059,LOC-007,2026-07-06,9,,TRUE,https://maps.google.com/?cid=908513293697625
KW-0059,LOC-007,2026-07-13,11,,TRUE,https://brightpathdental.com/houston-montrose
KW-0059,LOC-007,2026-07-20,11,,TRUE,https://brightpathdental.com/houston-montrose
KW-0059,LOC-007,2026-07-27,11,,TRUE,https://maps.google.com/?cid=138816247750685
KW-0059,LOC-007,2026-08-03,9,,TRUE,https://brightpathdental.com/houston-montrose
KW-0059,LOC-007,2026-08-10,11,,TRUE,https://brightpathdental.com/houston-montrose
KW-0059,LOC-007,2026-08-17,11,,TRUE,https://maps.google.com/?cid=287414472744380
KW-0059,LOC-007,2026-08-24,14,,TRUE,https://brightpathdental.com/houston-montrose
KW-0059,LOC-007,2026-08-31,11,,TRUE,https://brightpathdental.com/houston-montrose
KW-0059,LOC-007,2026-09-07,10,,TRUE,https://brightpathdental.com/houston-montrose
KW-0060,LOC-007,2026-06-15,12,,TRUE,https://brightpathdental.com/houston-montrose
KW-0060,LOC-007,2026-06-22,9,,TRUE,https://brightpathdental.com/houston-montrose
KW-0060,LOC-007,2026-06-29,10,,TRUE,https://brightpathdental.com/houston-montrose
KW-0060,LOC-007,2026-07-06,11,,TRUE,https://brightpathdental.com/houston-montrose
KW-0060,LOC-007,2026-07-13,12,,TRUE,https://brightpathdental.com/houston-montrose
KW-0060,LOC-007,2026-07-20,13,,TRUE,https://brightpathdental.com/houston-montrose
KW-0060,LOC-007,2026-07-27,11,,TRUE,https://brightpathdental.com/houston-montrose
KW-0060,LOC-007,2026-08-03,12,,TRUE,https://maps.google.com/?cid=445831659642575
KW-0060,LOC-007,2026-08-10,13,,TRUE,https://brightpathdental.com/houston-montrose
KW-0060,LOC-007,2026-08-17,9,,TRUE,https://brightpathdental.com/houston-montrose
KW-0060,LOC-007,2026-08-24,13,,TRUE,https://brightpathdental.com/houston-montrose
KW-0060,LOC-007,2026-08-31,13,,TRUE,https://brightpathdental.com/houston-montrose
KW-0060,LOC-007,2026-09-07,10,,TRUE,https://brightpathdental.com/houston-montrose
KW-0061,LOC-007,2026-06-15,14,,TRUE,https://brightpathdental.com/houston-montrose
KW-0061,LOC-007,2026-06-22,16,,TRUE,https://brightpathdental.com/houston-montrose
KW-0061,LOC-007,2026-06-29,11,,TRUE,https://maps.google.com/?cid=229445141530126
KW-0061,LOC-007,2026-07-06,12,,TRUE,https://maps.google.com/?cid=277283978936338
KW-0061,LOC-007,2026-07-13,16,,TRUE,https://maps.google.com/?cid=853412783362861
KW-0061,LOC-007,2026-07-20,13,,TRUE,https://brightpathdental.com/houston-montrose
KW-0061,LOC-007,2026-07-27,15,,TRUE,https://brightpathdental.com/houston-montrose
KW-0061,LOC-007,2026-08-03,11,,TRUE,https://brightpathdental.com/houston-montrose
KW-0061,LOC-007,2026-08-10,14,,TRUE,https://brightpathdental.com/houston-montrose
KW-0061,LOC-007,2026-08-17,,,FALSE,https://brightpathdental.com/houston-montrose
KW-0061,LOC-007,2026-08-24,16,,TRUE,https://maps.google.com/?cid=224923314071962
KW-0061,LOC-007,2026-08-31,16,,TRUE,https://maps.google.com/?cid=946892079405378
KW-0061,LOC-007,2026-09-07,13,,TRUE,https://brightpathdental.com/houston-montrose
KW-0062,LOC-007,2026-06-15,12,,TRUE,https://brightpathdental.com/houston-montrose
KW-0062,LOC-007,2026-06-22,14,,TRUE,https://brightpathdental.com/houston-montrose
KW-0062,LOC-007,2026-06-29,15,,TRUE,https://brightpathdental.com/houston-montrose
KW-0062,LOC-007,2026-07-06,13,,TRUE,https://maps.google.com/?cid=321450690755803
KW-0062,LOC-007,2026-07-13,15,,TRUE,https://maps.google.com/?cid=292886163288926
KW-0062,LOC-007,2026-07-20,10,,TRUE,https://brightpathdental.com/houston-montrose
KW-0062,LOC-007,2026-07-27,14,,TRUE,https://brightpathdental.com/houston-montrose
KW-0062,LOC-007,2026-08-03,10,,TRUE,https://brightpathdental.com/houston-montrose
KW-0062,LOC-007,2026-08-10,,,FALSE,https://maps.google.com/?cid=862225794258539
KW-0062,LOC-007,2026-08-17,11,,TRUE,https://brightpathdental.com/houston-montrose
KW-0062,LOC-007,2026-08-24,12,,TRUE,https://maps.google.com/?cid=828634917194610
KW-0062,LOC-007,2026-08-31,10,,TRUE,https://brightpathdental.com/houston-montrose
KW-0062,LOC-007,2026-09-07,12,,TRUE,https://maps.google.com/?cid=776227969023220
KW-0063,LOC-007,2026-06-15,11,,TRUE,https://maps.google.com/?cid=332206549573157
KW-0063,LOC-007,2026-06-22,11,,TRUE,https://maps.google.com/?cid=172275018803162
KW-0063,LOC-007,2026-06-29,9,,TRUE,https://maps.google.com/?cid=839517202301427
KW-0063,LOC-007,2026-07-06,11,,TRUE,https://maps.google.com/?cid=211422619210396
KW-0063,LOC-007,2026-07-13,11,,TRUE,https://maps.google.com/?cid=757889445659619
KW-0063,LOC-007,2026-07-20,14,,TRUE,https://brightpathdental.com/houston-montrose
KW-0063,LOC-007,2026-07-27,12,,TRUE,https://maps.google.com/?cid=947723100849645
KW-0063,LOC-007,2026-08-03,12,,TRUE,https://maps.google.com/?cid=229635546055010
KW-0063,LOC-007,2026-08-10,10,,TRUE,https://brightpathdental.com/houston-montrose
KW-0063,LOC-007,2026-08-17,9,,TRUE,https://brightpathdental.com/houston-montrose
KW-0063,LOC-007,2026-08-24,9,,TRUE,https://brightpathdental.com/houston-montrose
KW-0063,LOC-007,2026-08-31,13,,TRUE,https://maps.google.com/?cid=584431544024902
KW-0063,LOC-007,2026-09-07,14,,TRUE,https://maps.google.com/?cid=172272951263959
KW-0064,LOC-007,2026-06-15,14,,TRUE,https://maps.google.com/?cid=863001821188004
KW-0064,LOC-007,2026-06-22,13,,TRUE,https://brightpathdental.com/houston-montrose
KW-0064,LOC-007,2026-06-29,14,,TRUE,https://brightpathdental.com/houston-montrose
KW-0064,LOC-007,2026-07-06,16,,TRUE,https://brightpathdental.com/houston-montrose
KW-0064,LOC-007,2026-07-13,13,,TRUE,https://brightpathdental.com/houston-montrose
KW-0064,LOC-007,2026-07-20,17,,TRUE,https://brightpathdental.com/houston-montrose
KW-0064,LOC-007,2026-07-27,16,,TRUE,https://brightpathdental.com/houston-montrose
KW-0064,LOC-007,2026-08-03,12,,TRUE,https://maps.google.com/?cid=526002777140682
KW-0064,LOC-007,2026-08-10,15,,TRUE,https://brightpathdental.com/houston-montrose
KW-0064,LOC-007,2026-08-17,14,,TRUE,https://maps.google.com/?cid=476565482205728
KW-0064,LOC-007,2026-08-24,16,,TRUE,https://brightpathdental.com/houston-montrose
KW-0064,LOC-007,2026-08-31,15,,TRUE,https://brightpathdental.com/houston-montrose
KW-0064,LOC-007,2026-09-07,17,,TRUE,https://maps.google.com/?cid=900672524058514
KW-0065,LOC-007,2026-06-15,15,,TRUE,https://brightpathdental.com/houston-montrose
KW-0065,LOC-007,2026-06-22,15,,TRUE,https://brightpathdental.com/houston-montrose
KW-0065,LOC-007,2026-06-29,14,,TRUE,https://brightpathdental.com/houston-montrose
KW-0065,LOC-007,2026-07-06,11,,TRUE,https://brightpathdental.com/houston-montrose
KW-0065,LOC-007,2026-07-13,13,,TRUE,https://brightpathdental.com/houston-montrose
KW-0065,LOC-007,2026-07-20,14,,TRUE,https://brightpathdental.com/houston-montrose
KW-0065,LOC-007,2026-07-27,14,,TRUE,https://brightpathdental.com/houston-montrose
KW-0065,LOC-007,2026-08-03,,,FALSE,https://brightpathdental.com/houston-montrose
KW-0065,LOC-007,2026-08-10,16,,TRUE,https://maps.google.com/?cid=266272132922594
KW-0065,LOC-007,2026-08-17,12,,TRUE,https://brightpathdental.com/houston-montrose
KW-0065,LOC-007,2026-08-24,14,,TRUE,https://brightpathdental.com/houston-montrose
KW-0065,LOC-007,2026-08-31,12,,TRUE,https://brightpathdental.com/houston-montrose
KW-0065,LOC-007,2026-09-07,12,,TRUE,https://brightpathdental.com/houston-montrose
KW-0066,LOC-007,2026-06-15,18,,TRUE,https://brightpathdental.com/houston-montrose
KW-0066,LOC-007,2026-06-22,13,,TRUE,https://brightpathdental.com/houston-montrose
KW-0066,LOC-007,2026-06-29,17,,TRUE,https://brightpathdental.com/houston-montrose
KW-0066,LOC-007,2026-07-06,16,,TRUE,https://brightpathdental.com/houston-montrose
KW-0066,LOC-007,2026-07-13,14,,TRUE,https://maps.google.com/?cid=810354818697819
KW-0066,LOC-007,2026-07-20,17,,TRUE,https://brightpathdental.com/houston-montrose
KW-0066,LOC-007,2026-07-27,18,,TRUE,https://brightpathdental.com/houston-montrose
KW-0066,LOC-007,2026-08-03,14,,TRUE,https://brightpathdental.com/houston-montrose
KW-0066,LOC-007,2026-08-10,17,,TRUE,https://brightpathdental.com/houston-montrose
KW-0066,LOC-007,2026-08-17,16,,TRUE,https://brightpathdental.com/houston-montrose
KW-0066,LOC-007,2026-08-24,18,,TRUE,https://maps.google.com/?cid=578669316892772
KW-0066,LOC-007,2026-08-31,17,,TRUE,https://brightpathdental.com/houston-montrose
KW-0066,LOC-007,2026-09-07,15,,TRUE,https://brightpathdental.com/houston-montrose
KW-0067,LOC-008,2026-06-15,10,,TRUE,https://brightpathdental.com/houston-katy
KW-0067,LOC-008,2026-06-22,13,,TRUE,https://maps.google.com/?cid=344424267374086
KW-0067,LOC-008,2026-06-29,13,,TRUE,https://maps.google.com/?cid=729015825507791
KW-0067,LOC-008,2026-07-06,12,,TRUE,https://brightpathdental.com/houston-katy
KW-0067,LOC-008,2026-07-13,13,,TRUE,https://brightpathdental.com/houston-katy
KW-0067,LOC-008,2026-07-20,12,,TRUE,https://brightpathdental.com/houston-katy
KW-0067,LOC-008,2026-07-27,8,,TRUE,https://maps.google.com/?cid=993076387766933
KW-0067,LOC-008,2026-08-03,9,,TRUE,https://brightpathdental.com/houston-katy
KW-0067,LOC-008,2026-08-10,9,,TRUE,https://brightpathdental.com/houston-katy
KW-0067,LOC-008,2026-08-17,10,,TRUE,https://brightpathdental.com/houston-katy
KW-0067,LOC-008,2026-08-24,10,,TRUE,https://maps.google.com/?cid=477532982114276
KW-0067,LOC-008,2026-08-31,12,,TRUE,https://brightpathdental.com/houston-katy
KW-0067,LOC-008,2026-09-07,13,,TRUE,https://brightpathdental.com/houston-katy
KW-0068,LOC-008,2026-06-15,12,,TRUE,https://brightpathdental.com/houston-katy
KW-0068,LOC-008,2026-06-22,14,,TRUE,https://brightpathdental.com/houston-katy
KW-0068,LOC-008,2026-06-29,9,,TRUE,https://maps.google.com/?cid=734736201469238
KW-0068,LOC-008,2026-07-06,14,,TRUE,https://brightpathdental.com/houston-katy
KW-0068,LOC-008,2026-07-13,13,,TRUE,https://brightpathdental.com/houston-katy
KW-0068,LOC-008,2026-07-20,14,,TRUE,https://maps.google.com/?cid=208344805760106
KW-0068,LOC-008,2026-07-27,9,,TRUE,https://brightpathdental.com/houston-katy
KW-0068,LOC-008,2026-08-03,13,,TRUE,https://maps.google.com/?cid=246706530464505
KW-0068,LOC-008,2026-08-10,9,,TRUE,https://brightpathdental.com/houston-katy
KW-0068,LOC-008,2026-08-17,9,,TRUE,https://brightpathdental.com/houston-katy
KW-0068,LOC-008,2026-08-24,14,,TRUE,https://brightpathdental.com/houston-katy
KW-0068,LOC-008,2026-08-31,13,,TRUE,https://brightpathdental.com/houston-katy
KW-0068,LOC-008,2026-09-07,11,,TRUE,https://brightpathdental.com/houston-katy
KW-0069,LOC-008,2026-06-15,14,,TRUE,https://brightpathdental.com/houston-katy
KW-0069,LOC-008,2026-06-22,13,,TRUE,https://brightpathdental.com/houston-katy
KW-0069,LOC-008,2026-06-29,12,,TRUE,https://maps.google.com/?cid=179148312895442
KW-0069,LOC-008,2026-07-06,14,,TRUE,https://brightpathdental.com/houston-katy
KW-0069,LOC-008,2026-07-13,,,FALSE,https://brightpathdental.com/houston-katy
KW-0069,LOC-008,2026-07-20,13,,TRUE,https://brightpathdental.com/houston-katy
KW-0069,LOC-008,2026-07-27,14,,TRUE,https://maps.google.com/?cid=519655077093447
KW-0069,LOC-008,2026-08-03,12,,TRUE,https://maps.google.com/?cid=135367496290600
KW-0069,LOC-008,2026-08-10,13,,TRUE,https://maps.google.com/?cid=140148319742139
KW-0069,LOC-008,2026-08-17,14,,TRUE,https://brightpathdental.com/houston-katy
KW-0069,LOC-008,2026-08-24,11,,TRUE,https://brightpathdental.com/houston-katy
KW-0069,LOC-008,2026-08-31,15,,TRUE,https://maps.google.com/?cid=283554246282758
KW-0069,LOC-008,2026-09-07,10,,TRUE,https://maps.google.com/?cid=493136676953959
KW-0070,LOC-008,2026-06-15,11,,TRUE,https://brightpathdental.com/houston-katy
KW-0070,LOC-008,2026-06-22,10,,TRUE,https://brightpathdental.com/houston-katy
KW-0070,LOC-008,2026-06-29,12,,TRUE,https://brightpathdental.com/houston-katy
KW-0070,LOC-008,2026-07-06,9,,TRUE,https://maps.google.com/?cid=332098909200930
KW-0070,LOC-008,2026-07-13,9,,TRUE,https://maps.google.com/?cid=894751332157113
KW-0070,LOC-008,2026-07-20,9,,TRUE,https://brightpathdental.com/houston-katy
KW-0070,LOC-008,2026-07-27,12,,TRUE,https://brightpathdental.com/houston-katy
KW-0070,LOC-008,2026-08-03,12,,TRUE,https://maps.google.com/?cid=858241168021439
KW-0070,LOC-008,2026-08-10,14,,TRUE,https://brightpathdental.com/houston-katy
KW-0070,LOC-008,2026-08-17,14,,TRUE,https://brightpathdental.com/houston-katy
KW-0070,LOC-008,2026-08-24,9,,TRUE,https://brightpathdental.com/houston-katy
KW-0070,LOC-008,2026-08-31,,,FALSE,https://brightpathdental.com/houston-katy
KW-0070,LOC-008,2026-09-07,12,,TRUE,https://brightpathdental.com/houston-katy
KW-0071,LOC-008,2026-06-15,12,,TRUE,https://brightpathdental.com/houston-katy
KW-0071,LOC-008,2026-06-22,15,,TRUE,https://brightpathdental.com/houston-katy
KW-0071,LOC-008,2026-06-29,15,,TRUE,https://maps.google.com/?cid=438556542607353
KW-0071,LOC-008,2026-07-06,15,,TRUE,https://brightpathdental.com/houston-katy
KW-0071,LOC-008,2026-07-13,14,,TRUE,https://brightpathdental.com/houston-katy
KW-0071,LOC-008,2026-07-20,12,,TRUE,https://maps.google.com/?cid=989116126504674
KW-0071,LOC-008,2026-07-27,15,,TRUE,https://maps.google.com/?cid=217565248877158
KW-0071,LOC-008,2026-08-03,14,,TRUE,https://brightpathdental.com/houston-katy
KW-0071,LOC-008,2026-08-10,11,,TRUE,https://brightpathdental.com/houston-katy
KW-0071,LOC-008,2026-08-17,12,,TRUE,https://maps.google.com/?cid=698913448704866
KW-0071,LOC-008,2026-08-24,12,,TRUE,https://maps.google.com/?cid=525299113969459
KW-0071,LOC-008,2026-08-31,12,,TRUE,https://maps.google.com/?cid=822196072093072
KW-0071,LOC-008,2026-09-07,14,,TRUE,https://brightpathdental.com/houston-katy
KW-0072,LOC-008,2026-06-15,16,,TRUE,https://maps.google.com/?cid=118853758216528
KW-0072,LOC-008,2026-06-22,14,,TRUE,https://maps.google.com/?cid=736596505940796
KW-0072,LOC-008,2026-06-29,12,,TRUE,https://maps.google.com/?cid=830624961544031
KW-0072,LOC-008,2026-07-06,15,,TRUE,https://brightpathdental.com/houston-katy
KW-0072,LOC-008,2026-07-13,11,,TRUE,https://brightpathdental.com/houston-katy
KW-0072,LOC-008,2026-07-20,15,,TRUE,https://brightpathdental.com/houston-katy
KW-0072,LOC-008,2026-07-27,12,,TRUE,https://maps.google.com/?cid=176385754518513
KW-0072,LOC-008,2026-08-03,14,,TRUE,https://maps.google.com/?cid=140424334022712
KW-0072,LOC-008,2026-08-10,16,,TRUE,https://brightpathdental.com/houston-katy
KW-0072,LOC-008,2026-08-17,13,,TRUE,https://brightpathdental.com/houston-katy
KW-0072,LOC-008,2026-08-24,,,FALSE,https://brightpathdental.com/houston-katy
KW-0072,LOC-008,2026-08-31,11,,TRUE,https://brightpathdental.com/houston-katy
KW-0072,LOC-008,2026-09-07,13,,TRUE,https://maps.google.com/?cid=469946054834633
KW-0073,LOC-008,2026-06-15,17,,TRUE,https://maps.google.com/?cid=265080044452926
KW-0073,LOC-008,2026-06-22,14,,TRUE,https://brightpathdental.com/houston-katy
KW-0073,LOC-008,2026-06-29,,,FALSE,https://brightpathdental.com/houston-katy
KW-0073,LOC-008,2026-07-06,15,,TRUE,https://maps.google.com/?cid=852459943026843
KW-0073,LOC-008,2026-07-13,17,,TRUE,https://brightpathdental.com/houston-katy
KW-0073,LOC-008,2026-07-20,15,,TRUE,https://brightpathdental.com/houston-katy
KW-0073,LOC-008,2026-07-27,15,,TRUE,https://brightpathdental.com/houston-katy
KW-0073,LOC-008,2026-08-03,16,,TRUE,https://brightpathdental.com/houston-katy
KW-0073,LOC-008,2026-08-10,12,,TRUE,https://maps.google.com/?cid=836611680410148
KW-0073,LOC-008,2026-08-17,13,,TRUE,https://maps.google.com/?cid=477789462230626
KW-0073,LOC-008,2026-08-24,17,,TRUE,https://brightpathdental.com/houston-katy
KW-0073,LOC-008,2026-08-31,12,,TRUE,https://brightpathdental.com/houston-katy
KW-0073,LOC-008,2026-09-07,15,,TRUE,https://maps.google.com/?cid=541019899010593
KW-0074,LOC-008,2026-06-15,12,,TRUE,https://brightpathdental.com/houston-katy
KW-0074,LOC-008,2026-06-22,12,,TRUE,https://brightpathdental.com/houston-katy
KW-0074,LOC-008,2026-06-29,14,,TRUE,https://maps.google.com/?cid=887791169339825
KW-0074,LOC-008,2026-07-06,15,,TRUE,https://brightpathdental.com/houston-katy
KW-0074,LOC-008,2026-07-13,15,,TRUE,https://brightpathdental.com/houston-katy
KW-0074,LOC-008,2026-07-20,15,,TRUE,https://brightpathdental.com/houston-katy
KW-0074,LOC-008,2026-07-27,15,,TRUE,https://maps.google.com/?cid=561043881954255
KW-0074,LOC-008,2026-08-03,16,,TRUE,https://brightpathdental.com/houston-katy
KW-0074,LOC-008,2026-08-10,13,,TRUE,https://brightpathdental.com/houston-katy
KW-0074,LOC-008,2026-08-17,14,,TRUE,https://brightpathdental.com/houston-katy
KW-0074,LOC-008,2026-08-24,14,,TRUE,https://brightpathdental.com/houston-katy
KW-0074,LOC-008,2026-08-31,16,,TRUE,https://brightpathdental.com/houston-katy
KW-0074,LOC-008,2026-09-07,13,,TRUE,https://maps.google.com/?cid=243685117079390
KW-0075,LOC-008,2026-06-15,,,FALSE,https://brightpathdental.com/houston-katy
KW-0075,LOC-008,2026-06-22,12,,TRUE,https://maps.google.com/?cid=409115366935841
KW-0075,LOC-008,2026-06-29,14,,TRUE,https://brightpathdental.com/houston-katy
KW-0075,LOC-008,2026-07-06,16,,TRUE,https://brightpathdental.com/houston-katy
KW-0075,LOC-008,2026-07-13,15,,TRUE,https://brightpathdental.com/houston-katy
KW-0075,LOC-008,2026-07-20,17,,TRUE,https://maps.google.com/?cid=711652832469994
KW-0075,LOC-008,2026-07-27,15,,TRUE,https://brightpathdental.com/houston-katy
KW-0075,LOC-008,2026-08-03,14,,TRUE,https://brightpathdental.com/houston-katy
KW-0075,LOC-008,2026-08-10,13,,TRUE,https://brightpathdental.com/houston-katy
KW-0075,LOC-008,2026-08-17,17,,TRUE,https://brightpathdental.com/houston-katy
KW-0075,LOC-008,2026-08-24,13,,TRUE,https://brightpathdental.com/houston-katy
KW-0075,LOC-008,2026-08-31,14,,TRUE,https://brightpathdental.com/houston-katy
KW-0075,LOC-008,2026-09-07,17,,TRUE,https://maps.google.com/?cid=772527251498376
KW-0076,LOC-009,2026-06-15,37,,TRUE,https://maps.google.com/?cid=741305710307594
KW-0076,LOC-009,2026-06-22,36,,TRUE,https://brightpathdental.com/houston-sugar-land
KW-0076,LOC-009,2026-06-29,38,,TRUE,https://maps.google.com/?cid=811841958040192
KW-0076,LOC-009,2026-07-06,38,,TRUE,https://brightpathdental.com/houston-sugar-land
KW-0076,LOC-009,2026-07-13,,,FALSE,https://brightpathdental.com/houston-sugar-land
KW-0076,LOC-009,2026-07-20,37,,TRUE,https://brightpathdental.com/houston-sugar-land
KW-0076,LOC-009,2026-07-27,,,FALSE,https://maps.google.com/?cid=676384377377658
KW-0076,LOC-009,2026-08-03,36,,TRUE,https://maps.google.com/?cid=860120736860171
KW-0076,LOC-009,2026-08-10,38,,TRUE,https://brightpathdental.com/houston-sugar-land
KW-0076,LOC-009,2026-08-17,35,,TRUE,https://brightpathdental.com/houston-sugar-land
KW-0076,LOC-009,2026-08-24,34,,TRUE,https://maps.google.com/?cid=300247436049499
KW-0076,LOC-009,2026-08-31,33,,TRUE,https://brightpathdental.com/houston-sugar-land
KW-0076,LOC-009,2026-09-07,35,,TRUE,https://brightpathdental.com/houston-sugar-land
KW-0077,LOC-009,2026-06-15,40,,TRUE,https://brightpathdental.com/houston-sugar-land
KW-0077,LOC-009,2026-06-22,42,,TRUE,https://brightpathdental.com/houston-sugar-land
KW-0077,LOC-009,2026-06-29,41,,TRUE,https://brightpathdental.com/houston-sugar-land
KW-0077,LOC-009,2026-07-06,40,,TRUE,https://brightpathdental.com/houston-sugar-land
KW-0077,LOC-009,2026-07-13,41,,TRUE,https://brightpathdental.com/houston-sugar-land
KW-0077,LOC-009,2026-07-20,,,FALSE,https://maps.google.com/?cid=402617383391866
KW-0077,LOC-009,2026-07-27,41,,TRUE,https://brightpathdental.com/houston-sugar-land
KW-0077,LOC-009,2026-08-03,38,,TRUE,https://maps.google.com/?cid=916328982505538
KW-0077,LOC-009,2026-08-10,42,,TRUE,https://brightpathdental.com/houston-sugar-land
KW-0077,LOC-009,2026-08-17,40,,TRUE,https://brightpathdental.com/houston-sugar-land
KW-0077,LOC-009,2026-08-24,39,,TRUE,https://brightpathdental.com/houston-sugar-land
KW-0077,LOC-009,2026-08-31,39,,TRUE,https://maps.google.com/?cid=918480488781046
KW-0077,LOC-009,2026-09-07,39,,TRUE,https://brightpathdental.com/houston-sugar-land
KW-0078,LOC-009,2026-06-15,,,FALSE,https://maps.google.com/?cid=985864217736376
KW-0078,LOC-009,2026-06-22,36,,TRUE,https://brightpathdental.com/houston-sugar-land
KW-0078,LOC-009,2026-06-29,38,,TRUE,https://brightpathdental.com/houston-sugar-land
KW-0078,LOC-009,2026-07-06,40,,TRUE,https://brightpathdental.com/houston-sugar-land
KW-0078,LOC-009,2026-07-13,40,,TRUE,https://maps.google.com/?cid=717694895958048
KW-0078,LOC-009,2026-07-20,,,FALSE,https://brightpathdental.com/houston-sugar-land
KW-0078,LOC-009,2026-07-27,41,,TRUE,https://brightpathdental.com/houston-sugar-land
KW-0078,LOC-009,2026-08-03,36,,TRUE,https://brightpathdental.com/houston-sugar-land
KW-0078,LOC-009,2026-08-10,,,FALSE,https://brightpathdental.com/houston-sugar-land
KW-0078,LOC-009,2026-08-17,39,,TRUE,https://brightpathdental.com/houston-sugar-land
KW-0078,LOC-009,2026-08-24,40,,TRUE,https://maps.google.com/?cid=640077042718033
KW-0078,LOC-009,2026-08-31,37,,TRUE,https://maps.google.com/?cid=906188343372816
KW-0078,LOC-009,2026-09-07,37,,TRUE,https://brightpathdental.com/houston-sugar-land
KW-0079,LOC-009,2026-06-15,45,,TRUE,https://maps.google.com/?cid=161400534656777
KW-0079,LOC-009,2026-06-22,41,,TRUE,https://brightpathdental.com/houston-sugar-land
KW-0079,LOC-009,2026-06-29,43,,TRUE,https://maps.google.com/?cid=565217029933437
KW-0079,LOC-009,2026-07-06,42,,TRUE,https://brightpathdental.com/houston-sugar-land
KW-0079,LOC-009,2026-07-13,44,,TRUE,https://maps.google.com/?cid=952167317710857
KW-0079,LOC-009,2026-07-20,,,FALSE,https://brightpathdental.com/houston-sugar-land
KW-0079,LOC-009,2026-07-27,42,,TRUE,https://brightpathdental.com/houston-sugar-land
KW-0079,LOC-009,2026-08-03,42,,TRUE,https://brightpathdental.com/houston-sugar-land
KW-0079,LOC-009,2026-08-10,42,,TRUE,https://brightpathdental.com/houston-sugar-land
KW-0079,LOC-009,2026-08-17,41,,TRUE,https://brightpathdental.com/houston-sugar-land
KW-0079,LOC-009,2026-08-24,44,,TRUE,https://brightpathdental.com/houston-sugar-land
KW-0079,LOC-009,2026-08-31,42,,TRUE,https://brightpathdental.com/houston-sugar-land
KW-0079,LOC-009,2026-09-07,45,,TRUE,https://maps.google.com/?cid=188836446372333
KW-0080,LOC-009,2026-06-15,44,,TRUE,https://brightpathdental.com/houston-sugar-land
KW-0080,LOC-009,2026-06-22,44,,TRUE,https://brightpathdental.com/houston-sugar-land
KW-0080,LOC-009,2026-06-29,,,FALSE,https://brightpathdental.com/houston-sugar-land
KW-0080,LOC-009,2026-07-06,41,,TRUE,https://maps.google.com/?cid=299476640794052
KW-0080,LOC-009,2026-07-13,41,,TRUE,https://brightpathdental.com/houston-sugar-land
KW-0080,LOC-009,2026-07-20,42,,TRUE,https://maps.google.com/?cid=121466745958745
KW-0080,LOC-009,2026-07-27,44,,TRUE,https://maps.google.com/?cid=787751436761974
KW-0080,LOC-009,2026-08-03,,,FALSE,https://brightpathdental.com/houston-sugar-land
KW-0080,LOC-009,2026-08-10,,,FALSE,https://brightpathdental.com/houston-sugar-land
KW-0080,LOC-009,2026-08-17,39,,TRUE,https://brightpathdental.com/houston-sugar-land
KW-0080,LOC-009,2026-08-24,41,,TRUE,https://brightpathdental.com/houston-sugar-land
KW-0080,LOC-009,2026-08-31,42,,TRUE,https://maps.google.com/?cid=511148565099183
KW-0080,LOC-009,2026-09-07,41,,TRUE,https://brightpathdental.com/houston-sugar-land
KW-0081,LOC-009,2026-06-15,45,,TRUE,https://brightpathdental.com/houston-sugar-land
KW-0081,LOC-009,2026-06-22,42,,TRUE,https://brightpathdental.com/houston-sugar-land
KW-0081,LOC-009,2026-06-29,42,,TRUE,https://brightpathdental.com/houston-sugar-land
KW-0081,LOC-009,2026-07-06,46,,TRUE,https://brightpathdental.com/houston-sugar-land
KW-0081,LOC-009,2026-07-13,45,,TRUE,https://brightpathdental.com/houston-sugar-land
KW-0081,LOC-009,2026-07-20,43,,TRUE,https://maps.google.com/?cid=778275175763068
KW-0081,LOC-009,2026-07-27,,,FALSE,https://brightpathdental.com/houston-sugar-land
KW-0081,LOC-009,2026-08-03,42,,TRUE,https://brightpathdental.com/houston-sugar-land
KW-0081,LOC-009,2026-08-10,41,,TRUE,https://brightpathdental.com/houston-sugar-land
KW-0081,LOC-009,2026-08-17,44,,TRUE,https://brightpathdental.com/houston-sugar-land
KW-0081,LOC-009,2026-08-24,43,,TRUE,https://brightpathdental.com/houston-sugar-land
KW-0081,LOC-009,2026-08-31,45,,TRUE,https://brightpathdental.com/houston-sugar-land
KW-0081,LOC-009,2026-09-07,45,,TRUE,https://maps.google.com/?cid=689577148635400
KW-0082,LOC-009,2026-06-15,37,,TRUE,https://maps.google.com/?cid=393521040983240
KW-0082,LOC-009,2026-06-22,39,,TRUE,https://brightpathdental.com/houston-sugar-land
KW-0082,LOC-009,2026-06-29,39,,TRUE,https://brightpathdental.com/houston-sugar-land
KW-0082,LOC-009,2026-07-06,,,FALSE,https://maps.google.com/?cid=326228497996137
KW-0082,LOC-009,2026-07-13,,,FALSE,https://maps.google.com/?cid=340814405952422
KW-0082,LOC-009,2026-07-20,40,,TRUE,https://maps.google.com/?cid=293860595641212
KW-0082,LOC-009,2026-07-27,40,,TRUE,https://brightpathdental.com/houston-sugar-land
KW-0082,LOC-009,2026-08-03,37,,TRUE,https://brightpathdental.com/houston-sugar-land
KW-0082,LOC-009,2026-08-10,,,FALSE,https://brightpathdental.com/houston-sugar-land
KW-0082,LOC-009,2026-08-17,37,,TRUE,https://maps.google.com/?cid=705405625001126
KW-0082,LOC-009,2026-08-24,42,,TRUE,https://brightpathdental.com/houston-sugar-land
KW-0082,LOC-009,2026-08-31,40,,TRUE,https://brightpathdental.com/houston-sugar-land
KW-0082,LOC-009,2026-09-07,38,,TRUE,https://brightpathdental.com/houston-sugar-land
KW-0083,LOC-009,2026-06-15,46,,TRUE,https://maps.google.com/?cid=653673460334271
KW-0083,LOC-009,2026-06-22,,,FALSE,https://brightpathdental.com/houston-sugar-land
KW-0083,LOC-009,2026-06-29,,,FALSE,https://brightpathdental.com/houston-sugar-land
KW-0083,LOC-009,2026-07-06,44,,TRUE,https://brightpathdental.com/houston-sugar-land
KW-0083,LOC-009,2026-07-13,47,,TRUE,https://maps.google.com/?cid=461819771818225
KW-0083,LOC-009,2026-07-20,42,,TRUE,https://maps.google.com/?cid=968600209984399
KW-0083,LOC-009,2026-07-27,44,,TRUE,https://maps.google.com/?cid=559659133352452
KW-0083,LOC-009,2026-08-03,,,FALSE,https://brightpathdental.com/houston-sugar-land
KW-0083,LOC-009,2026-08-10,47,,TRUE,https://maps.google.com/?cid=516755019970069
KW-0083,LOC-009,2026-08-17,45,,TRUE,https://maps.google.com/?cid=349183451145162
KW-0083,LOC-009,2026-08-24,47,,TRUE,https://maps.google.com/?cid=579840567006251
KW-0083,LOC-009,2026-08-31,47,,TRUE,https://brightpathdental.com/houston-sugar-land
KW-0083,LOC-009,2026-09-07,46,,TRUE,https://brightpathdental.com/houston-sugar-land
KW-0084,LOC-009,2026-06-15,43,,TRUE,https://brightpathdental.com/houston-sugar-land
KW-0084,LOC-009,2026-06-22,45,,TRUE,https://brightpathdental.com/houston-sugar-land
KW-0084,LOC-009,2026-06-29,48,,TRUE,https://brightpathdental.com/houston-sugar-land
KW-0084,LOC-009,2026-07-06,43,,TRUE,https://brightpathdental.com/houston-sugar-land
KW-0084,LOC-009,2026-07-13,47,,TRUE,https://brightpathdental.com/houston-sugar-land
KW-0084,LOC-009,2026-07-20,48,,TRUE,https://brightpathdental.com/houston-sugar-land
KW-0084,LOC-009,2026-07-27,44,,TRUE,https://brightpathdental.com/houston-sugar-land
KW-0084,LOC-009,2026-08-03,47,,TRUE,https://maps.google.com/?cid=938540180495874
KW-0084,LOC-009,2026-08-10,43,,TRUE,https://maps.google.com/?cid=941143796170220
KW-0084,LOC-009,2026-08-17,47,,TRUE,https://brightpathdental.com/houston-sugar-land
KW-0084,LOC-009,2026-08-24,46,,TRUE,https://brightpathdental.com/houston-sugar-land
KW-0084,LOC-009,2026-08-31,,,FALSE,https://maps.google.com/?cid=765626793965001
KW-0084,LOC-009,2026-09-07,43,,TRUE,https://brightpathdental.com/houston-sugar-land
KW-0085,LOC-010,2026-06-15,9,,TRUE,https://brightpathdental.com/phoenix-arcadia
KW-0085,LOC-010,2026-06-22,10,,TRUE,https://brightpathdental.com/phoenix-arcadia
KW-0085,LOC-010,2026-06-29,7,,TRUE,https://maps.google.com/?cid=928116044056518
KW-0085,LOC-010,2026-07-06,11,,TRUE,https://brightpathdental.com/phoenix-arcadia
KW-0085,LOC-010,2026-07-13,11,,TRUE,https://maps.google.com/?cid=173195333546515
KW-0085,LOC-010,2026-07-20,11,,TRUE,https://maps.google.com/?cid=243456467609472
KW-0085,LOC-010,2026-07-27,7,,TRUE,https://maps.google.com/?cid=307224077861152
KW-0085,LOC-010,2026-08-03,9,,TRUE,https://brightpathdental.com/phoenix-arcadia
KW-0085,LOC-010,2026-08-10,9,,TRUE,https://brightpathdental.com/phoenix-arcadia
KW-0085,LOC-010,2026-08-17,12,,TRUE,https://brightpathdental.com/phoenix-arcadia
KW-0085,LOC-010,2026-08-24,11,,TRUE,https://brightpathdental.com/phoenix-arcadia
KW-0085,LOC-010,2026-08-31,10,,TRUE,https://brightpathdental.com/phoenix-arcadia
KW-0085,LOC-010,2026-09-07,9,,TRUE,https://brightpathdental.com/phoenix-arcadia
KW-0086,LOC-010,2026-06-15,,,FALSE,https://maps.google.com/?cid=419830903782251
KW-0086,LOC-010,2026-06-22,8,,TRUE,https://maps.google.com/?cid=241552955321119
KW-0086,LOC-010,2026-06-29,10,,TRUE,https://brightpathdental.com/phoenix-arcadia
KW-0086,LOC-010,2026-07-06,10,,TRUE,https://maps.google.com/?cid=290363065795199
KW-0086,LOC-010,2026-07-13,7,,TRUE,https://brightpathdental.com/phoenix-arcadia
KW-0086,LOC-010,2026-07-20,10,,TRUE,https://brightpathdental.com/phoenix-arcadia
KW-0086,LOC-010,2026-07-27,11,,TRUE,https://brightpathdental.com/phoenix-arcadia
KW-0086,LOC-010,2026-08-03,9,,TRUE,https://brightpathdental.com/phoenix-arcadia
KW-0086,LOC-010,2026-08-10,11,,TRUE,https://brightpathdental.com/phoenix-arcadia
KW-0086,LOC-010,2026-08-17,6,,TRUE,https://brightpathdental.com/phoenix-arcadia
KW-0086,LOC-010,2026-08-24,11,,TRUE,https://brightpathdental.com/phoenix-arcadia
KW-0086,LOC-010,2026-08-31,6,,TRUE,https://brightpathdental.com/phoenix-arcadia
KW-0086,LOC-010,2026-09-07,9,,TRUE,https://brightpathdental.com/phoenix-arcadia
KW-0087,LOC-010,2026-06-15,9,,TRUE,https://brightpathdental.com/phoenix-arcadia
KW-0087,LOC-010,2026-06-22,8,,TRUE,https://brightpathdental.com/phoenix-arcadia
KW-0087,LOC-010,2026-06-29,8,,TRUE,https://maps.google.com/?cid=509128577231663
KW-0087,LOC-010,2026-07-06,8,,TRUE,https://brightpathdental.com/phoenix-arcadia
KW-0087,LOC-010,2026-07-13,11,,TRUE,https://brightpathdental.com/phoenix-arcadia
KW-0087,LOC-010,2026-07-20,8,,TRUE,https://maps.google.com/?cid=431813422216579
KW-0087,LOC-010,2026-07-27,8,,TRUE,https://maps.google.com/?cid=331385434134988
KW-0087,LOC-010,2026-08-03,11,,TRUE,https://brightpathdental.com/phoenix-arcadia
KW-0087,LOC-010,2026-08-10,13,,TRUE,https://brightpathdental.com/phoenix-arcadia
KW-0087,LOC-010,2026-08-17,13,,TRUE,https://maps.google.com/?cid=736363192829782
KW-0087,LOC-010,2026-08-24,8,,TRUE,https://brightpathdental.com/phoenix-arcadia
KW-0087,LOC-010,2026-08-31,10,,TRUE,https://brightpathdental.com/phoenix-arcadia
KW-0087,LOC-010,2026-09-07,,,FALSE,https://brightpathdental.com/phoenix-arcadia
KW-0088,LOC-010,2026-06-15,9,,TRUE,https://brightpathdental.com/phoenix-arcadia
KW-0088,LOC-010,2026-06-22,10,,TRUE,https://brightpathdental.com/phoenix-arcadia
KW-0088,LOC-010,2026-06-29,8,,TRUE,https://brightpathdental.com/phoenix-arcadia
KW-0088,LOC-010,2026-07-06,12,,TRUE,https://maps.google.com/?cid=546701347887726
KW-0088,LOC-010,2026-07-13,,,FALSE,https://brightpathdental.com/phoenix-arcadia
KW-0088,LOC-010,2026-07-20,7,,TRUE,https://brightpathdental.com/phoenix-arcadia
KW-0088,LOC-010,2026-07-27,9,,TRUE,https://brightpathdental.com/phoenix-arcadia
KW-0088,LOC-010,2026-08-03,8,,TRUE,https://brightpathdental.com/phoenix-arcadia
KW-0088,LOC-010,2026-08-10,11,,TRUE,https://brightpathdental.com/phoenix-arcadia
KW-0088,LOC-010,2026-08-17,8,,TRUE,https://brightpathdental.com/phoenix-arcadia
KW-0088,LOC-010,2026-08-24,10,,TRUE,https://brightpathdental.com/phoenix-arcadia
KW-0088,LOC-010,2026-08-31,7,,TRUE,https://maps.google.com/?cid=774129052504608
KW-0088,LOC-010,2026-09-07,7,,TRUE,https://brightpathdental.com/phoenix-arcadia
KW-0089,LOC-010,2026-06-15,14,,TRUE,https://brightpathdental.com/phoenix-arcadia
KW-0089,LOC-010,2026-06-22,,,FALSE,https://brightpathdental.com/phoenix-arcadia
KW-0089,LOC-010,2026-06-29,14,,TRUE,https://brightpathdental.com/phoenix-arcadia
KW-0089,LOC-010,2026-07-06,13,,TRUE,https://maps.google.com/?cid=774669553066967
KW-0089,LOC-010,2026-07-13,13,,TRUE,https://brightpathdental.com/phoenix-arcadia
KW-0089,LOC-010,2026-07-20,,,FALSE,https://maps.google.com/?cid=141577450652233
KW-0089,LOC-010,2026-07-27,11,,TRUE,https://brightpathdental.com/phoenix-arcadia
KW-0089,LOC-010,2026-08-03,11,,TRUE,https://brightpathdental.com/phoenix-arcadia
KW-0089,LOC-010,2026-08-10,13,,TRUE,https://maps.google.com/?cid=836933805538438
KW-0089,LOC-010,2026-08-17,11,,TRUE,https://brightpathdental.com/phoenix-arcadia
KW-0089,LOC-010,2026-08-24,12,,TRUE,https://maps.google.com/?cid=283402768599718
KW-0089,LOC-010,2026-08-31,10,,TRUE,https://brightpathdental.com/phoenix-arcadia
KW-0089,LOC-010,2026-09-07,12,,TRUE,https://brightpathdental.com/phoenix-arcadia
KW-0090,LOC-010,2026-06-15,12,,TRUE,https://maps.google.com/?cid=821158210610852
KW-0090,LOC-010,2026-06-22,11,,TRUE,https://brightpathdental.com/phoenix-arcadia
KW-0090,LOC-010,2026-06-29,14,,TRUE,https://brightpathdental.com/phoenix-arcadia
KW-0090,LOC-010,2026-07-06,11,,TRUE,https://brightpathdental.com/phoenix-arcadia
KW-0090,LOC-010,2026-07-13,11,,TRUE,https://brightpathdental.com/phoenix-arcadia
KW-0090,LOC-010,2026-07-20,15,,TRUE,https://brightpathdental.com/phoenix-arcadia
KW-0090,LOC-010,2026-07-27,11,,TRUE,https://brightpathdental.com/phoenix-arcadia
KW-0090,LOC-010,2026-08-03,13,,TRUE,https://brightpathdental.com/phoenix-arcadia
KW-0090,LOC-010,2026-08-10,15,,TRUE,https://brightpathdental.com/phoenix-arcadia
KW-0090,LOC-010,2026-08-17,15,,TRUE,https://brightpathdental.com/phoenix-arcadia
KW-0090,LOC-010,2026-08-24,10,,TRUE,https://maps.google.com/?cid=142820149959728
KW-0090,LOC-010,2026-08-31,11,,TRUE,https://maps.google.com/?cid=614652292672261
KW-0090,LOC-010,2026-09-07,13,,TRUE,https://brightpathdental.com/phoenix-arcadia
KW-0091,LOC-010,2026-06-15,11,,TRUE,https://maps.google.com/?cid=546090512026310
KW-0091,LOC-010,2026-06-22,11,,TRUE,https://brightpathdental.com/phoenix-arcadia
KW-0091,LOC-010,2026-06-29,9,,TRUE,https://maps.google.com/?cid=834437863629275
KW-0091,LOC-010,2026-07-06,11,,TRUE,https://brightpathdental.com/phoenix-arcadia
KW-0091,LOC-010,2026-07-13,8,,TRUE,https://brightpathdental.com/phoenix-arcadia
KW-0091,LOC-010,2026-07-20,13,,TRUE,https://brightpathdental.com/phoenix-arcadia
KW-0091,LOC-010,2026-07-27,13,,TRUE,https://brightpathdental.com/phoenix-arcadia
KW-0091,LOC-010,2026-08-03,13,,TRUE,https://brightpathdental.com/phoenix-arcadia
KW-0091,LOC-010,2026-08-10,12,,TRUE,https://brightpathdental.com/phoenix-arcadia
KW-0091,LOC-010,2026-08-17,8,,TRUE,https://maps.google.com/?cid=242043346532831
KW-0091,LOC-010,2026-08-24,13,,TRUE,https://maps.google.com/?cid=115055911020836
KW-0091,LOC-010,2026-08-31,9,,TRUE,https://brightpathdental.com/phoenix-arcadia
KW-0091,LOC-010,2026-09-07,8,,TRUE,https://brightpathdental.com/phoenix-arcadia
KW-0092,LOC-010,2026-06-15,13,,TRUE,https://brightpathdental.com/phoenix-arcadia
KW-0092,LOC-010,2026-06-22,15,,TRUE,https://maps.google.com/?cid=506891143208949
KW-0092,LOC-010,2026-06-29,12,,TRUE,https://maps.google.com/?cid=980463629251603
KW-0092,LOC-010,2026-07-06,12,,TRUE,https://brightpathdental.com/phoenix-arcadia
KW-0092,LOC-010,2026-07-13,15,,TRUE,https://brightpathdental.com/phoenix-arcadia
KW-0092,LOC-010,2026-07-20,10,,TRUE,https://brightpathdental.com/phoenix-arcadia
KW-0092,LOC-010,2026-07-27,15,,TRUE,https://brightpathdental.com/phoenix-arcadia
KW-0092,LOC-010,2026-08-03,13,,TRUE,https://brightpathdental.com/phoenix-arcadia
KW-0092,LOC-010,2026-08-10,14,,TRUE,https://brightpathdental.com/phoenix-arcadia
KW-0092,LOC-010,2026-08-17,,,FALSE,https://maps.google.com/?cid=820952558901028
KW-0092,LOC-010,2026-08-24,11,,TRUE,https://brightpathdental.com/phoenix-arcadia
KW-0092,LOC-010,2026-08-31,13,,TRUE,https://brightpathdental.com/phoenix-arcadia
KW-0092,LOC-010,2026-09-07,13,,TRUE,https://maps.google.com/?cid=977394985890916
KW-0093,LOC-011,2026-06-15,5,,TRUE,https://brightpathdental.com/phoenix-tempe
KW-0093,LOC-011,2026-06-22,9,,TRUE,https://brightpathdental.com/phoenix-tempe
KW-0093,LOC-011,2026-06-29,8,,TRUE,https://brightpathdental.com/phoenix-tempe
KW-0093,LOC-011,2026-07-06,8,,TRUE,https://brightpathdental.com/phoenix-tempe
KW-0093,LOC-011,2026-07-13,9,,TRUE,https://maps.google.com/?cid=711569969394573
KW-0093,LOC-011,2026-07-20,5,,TRUE,https://maps.google.com/?cid=258505276553749
KW-0093,LOC-011,2026-07-27,9,,TRUE,https://brightpathdental.com/phoenix-tempe
KW-0093,LOC-011,2026-08-03,5,,TRUE,https://brightpathdental.com/phoenix-tempe
KW-0093,LOC-011,2026-08-10,6,,TRUE,https://brightpathdental.com/phoenix-tempe
KW-0093,LOC-011,2026-08-17,10,,TRUE,https://brightpathdental.com/phoenix-tempe
KW-0093,LOC-011,2026-08-24,9,,TRUE,https://brightpathdental.com/phoenix-tempe
KW-0093,LOC-011,2026-08-31,9,,TRUE,https://maps.google.com/?cid=904609111375171
KW-0093,LOC-011,2026-09-07,8,,TRUE,https://maps.google.com/?cid=892649922254277
KW-0094,LOC-011,2026-06-15,9,,TRUE,https://brightpathdental.com/phoenix-tempe
KW-0094,LOC-011,2026-06-22,10,,TRUE,https://brightpathdental.com/phoenix-tempe
KW-0094,LOC-011,2026-06-29,11,,TRUE,https://maps.google.com/?cid=415847761871509
KW-0094,LOC-011,2026-07-06,10,,TRUE,https://maps.google.com/?cid=999163764563140
KW-0094,LOC-011,2026-07-13,10,,TRUE,https://brightpathdental.com/phoenix-tempe
KW-0094,LOC-011,2026-07-20,7,,TRUE,https://maps.google.com/?cid=318504643173261
KW-0094,LOC-011,2026-07-27,6,,TRUE,https://maps.google.com/?cid=446917863568317
KW-0094,LOC-011,2026-08-03,11,,TRUE,https://brightpathdental.com/phoenix-tempe
KW-0094,LOC-011,2026-08-10,11,,TRUE,https://brightpathdental.com/phoenix-tempe
KW-0094,LOC-011,2026-08-17,8,,TRUE,https://brightpathdental.com/phoenix-tempe
KW-0094,LOC-011,2026-08-24,6,,TRUE,https://brightpathdental.com/phoenix-tempe
KW-0094,LOC-011,2026-08-31,9,,TRUE,https://brightpathdental.com/phoenix-tempe
KW-0094,LOC-011,2026-09-07,6,,TRUE,https://maps.google.com/?cid=647432193290574
KW-0095,LOC-011,2026-06-15,7,,TRUE,https://brightpathdental.com/phoenix-tempe
KW-0095,LOC-011,2026-06-22,12,,TRUE,https://brightpathdental.com/phoenix-tempe
KW-0095,LOC-011,2026-06-29,9,,TRUE,https://brightpathdental.com/phoenix-tempe
KW-0095,LOC-011,2026-07-06,12,,TRUE,https://brightpathdental.com/phoenix-tempe
KW-0095,LOC-011,2026-07-13,11,,TRUE,https://brightpathdental.com/phoenix-tempe
KW-0095,LOC-011,2026-07-20,,,FALSE,https://brightpathdental.com/phoenix-tempe
KW-0095,LOC-011,2026-07-27,9,,TRUE,https://brightpathdental.com/phoenix-tempe
KW-0095,LOC-011,2026-08-03,9,,TRUE,https://maps.google.com/?cid=103572376160719
KW-0095,LOC-011,2026-08-10,11,,TRUE,https://maps.google.com/?cid=403288284148367
KW-0095,LOC-011,2026-08-17,,,FALSE,https://brightpathdental.com/phoenix-tempe
KW-0095,LOC-011,2026-08-24,10,,TRUE,https://brightpathdental.com/phoenix-tempe
KW-0095,LOC-011,2026-08-31,9,,TRUE,https://brightpathdental.com/phoenix-tempe
KW-0095,LOC-011,2026-09-07,7,,TRUE,https://maps.google.com/?cid=645771183356608
KW-0096,LOC-011,2026-06-15,10,,TRUE,https://brightpathdental.com/phoenix-tempe
KW-0096,LOC-011,2026-06-22,9,,TRUE,https://brightpathdental.com/phoenix-tempe
KW-0096,LOC-011,2026-06-29,8,,TRUE,https://brightpathdental.com/phoenix-tempe
KW-0096,LOC-011,2026-07-06,10,,TRUE,https://maps.google.com/?cid=641249727317267
KW-0096,LOC-011,2026-07-13,6,,TRUE,https://maps.google.com/?cid=574247860397639
KW-0096,LOC-011,2026-07-20,6,,TRUE,https://brightpathdental.com/phoenix-tempe
KW-0096,LOC-011,2026-07-27,,,FALSE,https://brightpathdental.com/phoenix-tempe
KW-0096,LOC-011,2026-08-03,11,,TRUE,https://brightpathdental.com/phoenix-tempe
KW-0096,LOC-011,2026-08-10,7,,TRUE,https://brightpathdental.com/phoenix-tempe
KW-0096,LOC-011,2026-08-17,9,,TRUE,https://maps.google.com/?cid=325944442617141
KW-0096,LOC-011,2026-08-24,6,,TRUE,https://brightpathdental.com/phoenix-tempe
KW-0096,LOC-011,2026-08-31,8,,TRUE,https://brightpathdental.com/phoenix-tempe
KW-0096,LOC-011,2026-09-07,8,,TRUE,https://maps.google.com/?cid=899186536958412
KW-0097,LOC-011,2026-06-15,8,,TRUE,https://brightpathdental.com/phoenix-tempe
KW-0097,LOC-011,2026-06-22,8,,TRUE,https://maps.google.com/?cid=235915986281373
KW-0097,LOC-011,2026-06-29,13,,TRUE,https://brightpathdental.com/phoenix-tempe
KW-0097,LOC-011,2026-07-06,10,,TRUE,https://maps.google.com/?cid=928825448135928
KW-0097,LOC-011,2026-07-13,11,,TRUE,https://maps.google.com/?cid=405539101737346
KW-0097,LOC-011,2026-07-20,13,,TRUE,https://brightpathdental.com/phoenix-tempe
KW-0097,LOC-011,2026-07-27,9,,TRUE,https://maps.google.com/?cid=399823850274394
KW-0097,LOC-011,2026-08-03,13,,TRUE,https://brightpathdental.com/phoenix-tempe
KW-0097,LOC-011,2026-08-10,10,,TRUE,https://maps.google.com/?cid=345106160417906
KW-0097,LOC-011,2026-08-17,10,,TRUE,https://maps.google.com/?cid=108041208006264
KW-0097,LOC-011,2026-08-24,13,,TRUE,https://brightpathdental.com/phoenix-tempe
KW-0097,LOC-011,2026-08-31,11,,TRUE,https://brightpathdental.com/phoenix-tempe
KW-0097,LOC-011,2026-09-07,12,,TRUE,https://maps.google.com/?cid=870408202184209
KW-0098,LOC-011,2026-06-15,13,,TRUE,https://brightpathdental.com/phoenix-tempe
KW-0098,LOC-011,2026-06-22,12,,TRUE,https://maps.google.com/?cid=678954264664744
KW-0098,LOC-011,2026-06-29,13,,TRUE,https://brightpathdental.com/phoenix-tempe
KW-0098,LOC-011,2026-07-06,12,,TRUE,https://brightpathdental.com/phoenix-tempe
KW-0098,LOC-011,2026-07-13,11,,TRUE,https://brightpathdental.com/phoenix-tempe
KW-0098,LOC-011,2026-07-20,14,,TRUE,https://brightpathdental.com/phoenix-tempe
KW-0098,LOC-011,2026-07-27,13,,TRUE,https://brightpathdental.com/phoenix-tempe
KW-0098,LOC-011,2026-08-03,10,,TRUE,https://brightpathdental.com/phoenix-tempe
KW-0098,LOC-011,2026-08-10,14,,TRUE,https://brightpathdental.com/phoenix-tempe
KW-0098,LOC-011,2026-08-17,10,,TRUE,https://brightpathdental.com/phoenix-tempe
KW-0098,LOC-011,2026-08-24,13,,TRUE,https://brightpathdental.com/phoenix-tempe
KW-0098,LOC-011,2026-08-31,14,,TRUE,https://maps.google.com/?cid=566906759160118
KW-0098,LOC-011,2026-09-07,13,,TRUE,https://brightpathdental.com/phoenix-tempe
KW-0099,LOC-011,2026-06-15,9,,TRUE,https://brightpathdental.com/phoenix-tempe
KW-0099,LOC-011,2026-06-22,13,,TRUE,https://maps.google.com/?cid=563453500272063
KW-0099,LOC-011,2026-06-29,14,,TRUE,https://brightpathdental.com/phoenix-tempe
KW-0099,LOC-011,2026-07-06,9,,TRUE,https://brightpathdental.com/phoenix-tempe
KW-0099,LOC-011,2026-07-13,10,,TRUE,https://brightpathdental.com/phoenix-tempe
KW-0099,LOC-011,2026-07-20,14,,TRUE,https://brightpathdental.com/phoenix-tempe
KW-0099,LOC-011,2026-07-27,12,,TRUE,https://maps.google.com/?cid=322991233684601
KW-0099,LOC-011,2026-08-03,11,,TRUE,https://maps.google.com/?cid=180162181029013
KW-0099,LOC-011,2026-08-10,10,,TRUE,https://brightpathdental.com/phoenix-tempe
KW-0099,LOC-011,2026-08-17,12,,TRUE,https://maps.google.com/?cid=122551671874184
KW-0099,LOC-011,2026-08-24,14,,TRUE,https://brightpathdental.com/phoenix-tempe
KW-0099,LOC-011,2026-08-31,10,,TRUE,https://brightpathdental.com/phoenix-tempe
KW-0099,LOC-011,2026-09-07,12,,TRUE,https://maps.google.com/?cid=303989484676969
KW-0100,LOC-011,2026-06-15,12,,TRUE,https://brightpathdental.com/phoenix-tempe
KW-0100,LOC-011,2026-06-22,11,,TRUE,https://maps.google.com/?cid=143758722039926
KW-0100,LOC-011,2026-06-29,12,,TRUE,https://brightpathdental.com/phoenix-tempe
KW-0100,LOC-011,2026-07-06,11,,TRUE,https://brightpathdental.com/phoenix-tempe
KW-0100,LOC-011,2026-07-13,9,,TRUE,https://maps.google.com/?cid=746077918829648
KW-0100,LOC-011,2026-07-20,12,,TRUE,https://brightpathdental.com/phoenix-tempe
KW-0100,LOC-011,2026-07-27,11,,TRUE,https://maps.google.com/?cid=680336092288624
KW-0100,LOC-011,2026-08-03,10,,TRUE,https://brightpathdental.com/phoenix-tempe
KW-0100,LOC-011,2026-08-10,9,,TRUE,https://brightpathdental.com/phoenix-tempe
KW-0100,LOC-011,2026-08-17,9,,TRUE,https://brightpathdental.com/phoenix-tempe
KW-0100,LOC-011,2026-08-24,11,,TRUE,https://brightpathdental.com/phoenix-tempe
KW-0100,LOC-011,2026-08-31,11,,TRUE,https://brightpathdental.com/phoenix-tempe
KW-0100,LOC-011,2026-09-07,11,,TRUE,https://maps.google.com/?cid=887582804618938
KW-0101,LOC-011,2026-06-15,9,,TRUE,https://brightpathdental.com/phoenix-tempe
KW-0101,LOC-011,2026-06-22,10,,TRUE,https://brightpathdental.com/phoenix-tempe
KW-0101,LOC-011,2026-06-29,10,,TRUE,https://maps.google.com/?cid=748872174258063
KW-0101,LOC-011,2026-07-06,11,,TRUE,https://maps.google.com/?cid=962088535721537
KW-0101,LOC-011,2026-07-13,8,,TRUE,https://maps.google.com/?cid=352307277948040
KW-0101,LOC-011,2026-07-20,11,,TRUE,https://maps.google.com/?cid=168256780077038
KW-0101,LOC-011,2026-07-27,10,,TRUE,https://maps.google.com/?cid=104450156999192
KW-0101,LOC-011,2026-08-03,11,,TRUE,https://brightpathdental.com/phoenix-tempe
KW-0101,LOC-011,2026-08-10,12,,TRUE,https://brightpathdental.com/phoenix-tempe
KW-0101,LOC-011,2026-08-17,11,,TRUE,https://maps.google.com/?cid=168028389963828
KW-0101,LOC-011,2026-08-24,13,,TRUE,https://brightpathdental.com/phoenix-tempe
KW-0101,LOC-011,2026-08-31,8,,TRUE,https://brightpathdental.com/phoenix-tempe
KW-0101,LOC-011,2026-09-07,10,,TRUE,https://brightpathdental.com/phoenix-tempe
KW-0102,LOC-011,2026-06-15,16,,TRUE,https://brightpathdental.com/phoenix-tempe
KW-0102,LOC-011,2026-06-22,13,,TRUE,https://maps.google.com/?cid=222063802407401
KW-0102,LOC-011,2026-06-29,16,,TRUE,https://maps.google.com/?cid=882066671463140
KW-0102,LOC-011,2026-07-06,11,,TRUE,https://maps.google.com/?cid=595677244429126
KW-0102,LOC-011,2026-07-13,13,,TRUE,https://maps.google.com/?cid=400323562871286
KW-0102,LOC-011,2026-07-20,12,,TRUE,https://brightpathdental.com/phoenix-tempe
KW-0102,LOC-011,2026-07-27,16,,TRUE,https://maps.google.com/?cid=649633392453712
KW-0102,LOC-011,2026-08-03,12,,TRUE,https://brightpathdental.com/phoenix-tempe
KW-0102,LOC-011,2026-08-10,13,,TRUE,https://brightpathdental.com/phoenix-tempe
KW-0102,LOC-011,2026-08-17,11,,TRUE,https://brightpathdental.com/phoenix-tempe
KW-0102,LOC-011,2026-08-24,13,,TRUE,https://brightpathdental.com/phoenix-tempe
KW-0102,LOC-011,2026-08-31,16,,TRUE,https://brightpathdental.com/phoenix-tempe
KW-0102,LOC-011,2026-09-07,12,,TRUE,https://maps.google.com/?cid=907395905132553
KW-0103,LOC-011,2026-06-15,8,,TRUE,https://maps.google.com/?cid=723560726689775
KW-0103,LOC-011,2026-06-22,7,,TRUE,https://brightpathdental.com/phoenix-tempe
KW-0103,LOC-011,2026-06-29,10,,TRUE,https://brightpathdental.com/phoenix-tempe
KW-0103,LOC-011,2026-07-06,11,,TRUE,https://maps.google.com/?cid=292563425034948
KW-0103,LOC-011,2026-07-13,9,,TRUE,https://brightpathdental.com/phoenix-tempe
KW-0103,LOC-011,2026-07-20,6,,TRUE,https://maps.google.com/?cid=461060750855497
KW-0103,LOC-011,2026-07-27,9,,TRUE,https://brightpathdental.com/phoenix-tempe
KW-0103,LOC-011,2026-08-03,11,,TRUE,https://brightpathdental.com/phoenix-tempe
KW-0103,LOC-011,2026-08-10,10,,TRUE,https://brightpathdental.com/phoenix-tempe
KW-0103,LOC-011,2026-08-17,11,,TRUE,https://brightpathdental.com/phoenix-tempe
KW-0103,LOC-011,2026-08-24,10,,TRUE,https://brightpathdental.com/phoenix-tempe
KW-0103,LOC-011,2026-08-31,8,,TRUE,https://brightpathdental.com/phoenix-tempe
KW-0103,LOC-011,2026-09-07,11,,TRUE,https://brightpathdental.com/phoenix-tempe
KW-0104,LOC-012,2026-07-20,25,,TRUE,https://brightpathdental.com/phoenix-chandler
KW-0104,LOC-012,2026-07-27,23,,TRUE,https://brightpathdental.com/phoenix-chandler
KW-0104,LOC-012,2026-08-03,25,,TRUE,https://maps.google.com/?cid=635378947341959
KW-0104,LOC-012,2026-08-10,23,,TRUE,https://brightpathdental.com/phoenix-chandler
KW-0104,LOC-012,2026-08-17,23,,TRUE,https://brightpathdental.com/phoenix-chandler
KW-0104,LOC-012,2026-08-24,,,FALSE,https://maps.google.com/?cid=742557175114369
KW-0104,LOC-012,2026-08-31,28,,TRUE,https://brightpathdental.com/phoenix-chandler
KW-0104,LOC-012,2026-09-07,26,,TRUE,https://maps.google.com/?cid=372311242878789
KW-0105,LOC-012,2026-07-20,27,,TRUE,https://brightpathdental.com/phoenix-chandler
KW-0105,LOC-012,2026-07-27,29,,TRUE,https://brightpathdental.com/phoenix-chandler
KW-0105,LOC-012,2026-08-03,,,FALSE,https://brightpathdental.com/phoenix-chandler
KW-0105,LOC-012,2026-08-10,,,FALSE,https://maps.google.com/?cid=784876829150258
KW-0105,LOC-012,2026-08-17,31,,TRUE,https://maps.google.com/?cid=846016836258577
KW-0105,LOC-012,2026-08-24,30,,TRUE,https://brightpathdental.com/phoenix-chandler
KW-0105,LOC-012,2026-08-31,,,FALSE,https://brightpathdental.com/phoenix-chandler
KW-0105,LOC-012,2026-09-07,30,,TRUE,https://brightpathdental.com/phoenix-chandler
KW-0106,LOC-012,2026-07-20,31,,TRUE,https://brightpathdental.com/phoenix-chandler
KW-0106,LOC-012,2026-07-27,33,,TRUE,https://brightpathdental.com/phoenix-chandler
KW-0106,LOC-012,2026-08-03,33,,TRUE,https://maps.google.com/?cid=473739605971660
KW-0106,LOC-012,2026-08-10,,,FALSE,https://maps.google.com/?cid=686683757974682
KW-0106,LOC-012,2026-08-17,29,,TRUE,https://maps.google.com/?cid=667703774095160
KW-0106,LOC-012,2026-08-24,28,,TRUE,https://maps.google.com/?cid=300462527767594
KW-0106,LOC-012,2026-08-31,30,,TRUE,https://brightpathdental.com/phoenix-chandler
KW-0106,LOC-012,2026-09-07,31,,TRUE,https://maps.google.com/?cid=511288160923902
KW-0107,LOC-012,2026-07-20,34,,TRUE,https://brightpathdental.com/phoenix-chandler
KW-0107,LOC-012,2026-07-27,35,,TRUE,https://brightpathdental.com/phoenix-chandler
KW-0107,LOC-012,2026-08-03,35,,TRUE,https://brightpathdental.com/phoenix-chandler
KW-0107,LOC-012,2026-08-10,,,FALSE,https://maps.google.com/?cid=329738177047155
KW-0107,LOC-012,2026-08-17,34,,TRUE,https://brightpathdental.com/phoenix-chandler
KW-0107,LOC-012,2026-08-24,35,,TRUE,https://maps.google.com/?cid=422452376755136
KW-0107,LOC-012,2026-08-31,33,,TRUE,https://brightpathdental.com/phoenix-chandler
KW-0107,LOC-012,2026-09-07,,,FALSE,https://brightpathdental.com/phoenix-chandler
KW-0108,LOC-012,2026-07-20,33,,TRUE,https://brightpathdental.com/phoenix-chandler
KW-0108,LOC-012,2026-07-27,,,FALSE,https://brightpathdental.com/phoenix-chandler
KW-0108,LOC-012,2026-08-03,36,,TRUE,https://brightpathdental.com/phoenix-chandler
KW-0108,LOC-012,2026-08-10,35,,TRUE,https://maps.google.com/?cid=816964537068800
KW-0108,LOC-012,2026-08-17,37,,TRUE,https://brightpathdental.com/phoenix-chandler
KW-0108,LOC-012,2026-08-24,32,,TRUE,https://maps.google.com/?cid=847212532791818
KW-0108,LOC-012,2026-08-31,35,,TRUE,https://maps.google.com/?cid=942726798150937
KW-0108,LOC-012,2026-09-07,,,FALSE,https://brightpathdental.com/phoenix-chandler
KW-0109,LOC-012,2026-07-20,31,,TRUE,https://maps.google.com/?cid=430275736877854
KW-0109,LOC-012,2026-07-27,26,,TRUE,https://brightpathdental.com/phoenix-chandler
KW-0109,LOC-012,2026-08-03,27,,TRUE,https://maps.google.com/?cid=949135590615277
KW-0109,LOC-012,2026-08-10,27,,TRUE,https://brightpathdental.com/phoenix-chandler
KW-0109,LOC-012,2026-08-17,,,FALSE,https://brightpathdental.com/phoenix-chandler
KW-0109,LOC-012,2026-08-24,29,,TRUE,https://maps.google.com/?cid=573705790617969
KW-0109,LOC-012,2026-08-31,27,,TRUE,https://brightpathdental.com/phoenix-chandler
KW-0109,LOC-012,2026-09-07,27,,TRUE,https://brightpathdental.com/phoenix-chandler
KW-0110,LOC-012,2026-07-20,34,,TRUE,https://brightpathdental.com/phoenix-chandler
KW-0110,LOC-012,2026-07-27,36,,TRUE,https://maps.google.com/?cid=833598627905403
KW-0110,LOC-012,2026-08-03,36,,TRUE,https://brightpathdental.com/phoenix-chandler
KW-0110,LOC-012,2026-08-10,33,,TRUE,https://maps.google.com/?cid=138705838311848
KW-0110,LOC-012,2026-08-17,34,,TRUE,https://maps.google.com/?cid=183576005692164
KW-0110,LOC-012,2026-08-24,37,,TRUE,https://maps.google.com/?cid=468481864899680
KW-0110,LOC-012,2026-08-31,35,,TRUE,https://brightpathdental.com/phoenix-chandler
KW-0110,LOC-012,2026-09-07,33,,TRUE,https://maps.google.com/?cid=810646992890083
KW-0111,LOC-012,2026-07-20,36,,TRUE,https://brightpathdental.com/phoenix-chandler
KW-0111,LOC-012,2026-07-27,38,,TRUE,https://brightpathdental.com/phoenix-chandler
KW-0111,LOC-012,2026-08-03,34,,TRUE,https://brightpathdental.com/phoenix-chandler
KW-0111,LOC-012,2026-08-10,34,,TRUE,https://brightpathdental.com/phoenix-chandler
KW-0111,LOC-012,2026-08-17,36,,TRUE,https://maps.google.com/?cid=522983721029312
KW-0111,LOC-012,2026-08-24,38,,TRUE,https://brightpathdental.com/phoenix-chandler
KW-0111,LOC-012,2026-08-31,,,FALSE,https://brightpathdental.com/phoenix-chandler
KW-0111,LOC-012,2026-09-07,,,FALSE,https://brightpathdental.com/phoenix-chandler
KW-0112,LOC-012,2026-07-20,33,,TRUE,https://brightpathdental.com/phoenix-chandler
KW-0112,LOC-012,2026-07-27,34,,TRUE,https://brightpathdental.com/phoenix-chandler
KW-0112,LOC-012,2026-08-03,31,,TRUE,https://brightpathdental.com/phoenix-chandler
KW-0112,LOC-012,2026-08-10,,,FALSE,https://brightpathdental.com/phoenix-chandler
KW-0112,LOC-012,2026-08-17,32,,TRUE,https://brightpathdental.com/phoenix-chandler
KW-0112,LOC-012,2026-08-24,32,,TRUE,https://brightpathdental.com/phoenix-chandler
KW-0112,LOC-012,2026-08-31,33,,TRUE,https://brightpathdental.com/phoenix-chandler
KW-0112,LOC-012,2026-09-07,31,,TRUE,https://brightpathdental.com/phoenix-chandler
